"mean","std","black","magenta","sat","flatgrey","shot"
"9.5","13.1","0.815","0","0.073","0","ov1"
"22.4","23.7","0.593","0","0.134","0","ov2"
"15.9","12.2","0.399","0","0.168","0","v03a"
"7.9","7.6","0.768","0","0.059","0","v03b"
"23.9","38.4","0.376","0","0.23","0","v04a"
"18.7","34.7","0.62","0","0.196","0","v04b"
"25.1","10.9","0.045","0","0.476","0","v05a"
"30.4","17.2","0.005","0","0.529","0","v05b"
"11","7.8","0.388","0","0.154","0","v06a"
"14","6.7","0.187","0","0.326","0","v06b"
"17.8","27.5","0.586","0","0.222","0","v07a"
"15.5","20.2","0.571","0","0.234","0","v07b"
"5","4.8","0.93","0","0.078","0","v08a"
"8.4","12.2","0.805","0","0.189","0","v08b"
"5.3","5.7","0.905","0","0.056","0","v09a"
"9.3","15.9","0.79","0","0.12","0","v09b"
"13.4","13.5","0.536","0","0.216","0","v10a"
"14.8","13.9","0.469","0","0.17","0","v10b"
"20","41","0.644","0","0.202","0","v11a"
"4.2","1.4","0.974","0","0.013","0","v11b"
"10.1","17.2","0.798","0","0.129","0","v12a"
"11.1","23.3","0.797","0","0.12","0","v12b"
"11.2","8.4","0.469","0","0.199","0","v13a"
"16","13","0.326","0","0.261","0","v13b"
"14.8","11.7","0.46","0","0.216","0","v14a"
"16.7","17.8","0.399","0","0.186","0","v14b"
"14.1","9.8","0.405","0","0.187","0","v15a"
"21.5","11.1","0.156","0","0.233","0","v15b"
