"map","render_data","loads","load_s","views","errors","warnings","material_failures","black_views","magenta_views","flatgrey_views","median_mean","median_std","median_sat","washed_views","chaos","chaos_under","chaos_killz","chaos_stuck","xform","xform_under"
"MP_IAC_Streets","True","True","11.7","28","0","0","0","0","0","0","32.5","20.4","0.244","0","","0","0","0","0/76","0"
"MP_UND_Gorge","True","True","11.4","28","0","4","0","11","0","0","14.8","13.1","0.189","0","UNDER-FLOOR from TnBombPlantPoint_4905: 381 frames, worst 1.43 m at (-104.8 4.2 -206.6) blockers BSP","1","0","0","0/76","0"
"MP_IAC_Seed","True","True","8.6","28","0","7","0","0","0","0","22.2","18.2","0.354","0","","0","0","0","0/76","0"
"MP_IAC_Berth","True","True","6.2","28","0","2","0","0","0","0","36.2","24.7","0.559","0","","0","0","0","0/76","0"
"MP_UND_Complex","True","True","11.8","28","0","37","0","0","0","0","32.5","23.2","0.293","0","","0","0","0","0/76","0"
"MP_IAC_Rust","True","True","12.8","28","0","6","0","6","0","0","21.6","29.8","0.267","0","STUCK from TnAmmoCratePickupFactory_8669 at (69.9 11.6 -121.1) form VEHICLE blockers BlockingVolume_11615,StaticMeshCollectionActor_1423,StaticMeshCollectionActor_3497,StaticMeshCollectionActor_9237","0","0","1","0/76","0"
"MP_ORB_Debris","True","True","9.8","28","1","80","2","0","0","1","46.2","26.5","0.249","0","STUCK from TnAmmoCratePickupFactory_904 at (98.0 113.1 -56.2) form ROBOT blockers BlockingVolume_7715,StaticMeshCollectionActor_4623,StaticMeshCollectionActor_4623,StaticMeshCollectionActor_8986,+3 | STUCK from TnFreeForAllPlayerStart_12439 at (-106.4 113.0 -38.6) form VEHICLE blockers BlockingVolume_7715,StaticMeshCollectionActor_15797,StaticMeshCollectionActor_15797,StaticMeshCollectionActor_15797,+3","0","0","2","0/76","0"
"MP_KON_Molten","True","True","11.5","28","0","150","0","0","0","0","25.5","19.9","0.261","0","","0","0","0","0/76","0"
"MP_ESC_BrokenHope","True","True","11.2","28","0","11","0","0","0","1","39.3","21.4","0.422","0","STUCK from AirPathNode_12248 at (167.0 78.1 -142.6) form ROBOT blockers StaticMeshCollectionActor_14026,StaticMeshCollectionActor_14026,StaticMeshCollectionActor_14026","0","0","1","0/76","0"
"MP_ESC_Remnant","True","True","15.5","28","0","95","0","0","0","0","36.2","20.1","0.227","0","STUCK from MoverPathNode_13307 at (-2.9 57.7 4.1) form VEHICLE blockers StaticMeshCollectionActor_12213,StaticMeshCollectionActor_5756,StaticMeshCollectionActor_5756,InterpActor_13945,+1 | STUCK from MoverPathNode_5366 at (-37.2 49.9 -59.1) form VEHICLE blockers StaticMeshCollectionActor_1431,StaticMeshCollectionActor_8162,StaticMeshCollectionActor_8162,StaticMeshCollectionActor_8162,+1","0","0","2","0/76","0"
