"map","class","clean_exit","seconds","path","world_verdict","world_detail","world_draws","bsp","materials","noProgram","glErr","glDebug","gpu_ms","material_fallbacks","particle_fallbacks","ribbons_not_drawn","legacy","out_of_bounds","fb_incomplete","decode_failed","lightmaps_absent_in_source","no_decals","vlm_unbound","missing","warn_types"
"MP_IAC_Seed","STRUCTURAL DEFECT","True","22.2","original","FAIL","0.039","57","9","36","0","0","0","1.2","","","0","0","0","0","0","","False","0","","1x warn: GPU frame time <name> ms (Windows TDR resets the driver at ~N ms of GPU work) | 1x warn: map fx: PMI_LocationPrimitiveSphere has no decoded VelocityScale (N used) | 1x warn: map fx: PMI_LocationPrimitiveSphere has no decoded StartRadius (N used)"
"MP_IAC_Berth","STRUCTURAL DEFECT","True","13.3","original","FAIL","0.049","29","0","22","0","0","0","0.2","","","0","0","0","0","0","","False","0","","1x warn: GPU frame time <name> ms (Windows TDR resets the driver at ~N ms of GPU work) | 1x warn: map fx: PMI_LocationPrimitiveSphere has no decoded VelocityScale (N used) | 1x warn: map fx: PMI_LocationPrimitiveSphere has no decoded StartRadius (N used)"
"MP_UND_Complex","PLAYABLE","True","13.1","original","PASS","0.337","46","17","33","0","0","0","0.5","","","0","0","0","0","0","","False","0","","2x warn: ambient: zone A_FLAG_ROOM_N preset  not in the mixer | 2x warn: ambient: zone A_WATERFALL_TUNNEL_N preset  not in the mixer | 2x warn: ambient: zone D_WATERFALL_ENTRANCE preset  not in the mixer | 2x warn: ambient: zone D_FLAG_ROOM_N preset  not in the mixer | 1x warn: ambient: zone D_TOP_ROOM preset  not in the mixer | 1x warn: ambient: zone A_LARGE_ROOM preset  not in the mixer"
"MP_IAC_Rust","PLAYABLE","True","16.1","original","PASS","0.244","132","19","58","0","0","0","0.6","","","0","0","0","0","0","","False","0","","2x warn: ambient: zone ARCHWAY N preset  not in the mixer | 1x warn: ambient: zone TUNNEL preset  not in the mixer | 1x warn: GPU frame time <name> ms (Windows TDR resets the driver at ~N ms of GPU work) | 1x warn: ambient: zone ARCHWAY LARGE preset  not in the mixer | 1x warn: ambient: zone UNDER BRIDGE preset  not in the mixer"
"MP_ESC_BrokenHope","PLAYABLE","True","14.1","original","PASS","0.373","548","130","92","0","0","0","1","","","0","0","0","0","0","","False","0","","11x warn: ambient: zone  preset  not in the mixer"
"MP_ESC_Remnant","PLAYABLE","True","18.2","original","PASS","0.592","155","37","57","0","0","0","0.7","","","0","0","0","0","0","","False","0","","26x warn: ambient: zone  preset  not in the mixer | 12x warn: ambient: zone ROOM_N_LEFT_N preset  not in the mixer | 12x warn: ambient: zone ROOM_N_RIGHT_N preset  not in the mixer | 3x warn: ambient: zone CENTER_ROOM_LEFT_N preset  not in the mixer | 3x warn: ambient: zone CONTROL_ROOM_RIGHT_N preset  not in the mixer | 3x warn: ambient: zone CONTROL_ROOM_LEFT_N preset  not in the mixer"
"MP_ORB_Debris","PLAYABLE WITH VISUAL DEFECTS","True","12.1","original","PASS","0.454","47","0","22","0","0","0","0.4","","","0","0","0","0","3","LightMapTexture2D_5690,LightMapTexture2D_4181,LightMapTexture2D_587","True","0","","4x warn: ambient: zone INTERRIOR_NORTHWEST_N preset  not in the mixer | 3x warn: wfc: texture decode failed: F:\Transformers Rebuild\Rebuild-Experimental\work\ab\mNc_fdffaNf\build-release\bin/../../work/render/MP_ORB_Debris/lightmaps/<name> | 3x warn: image: decode failed F:\Transformers Rebuild\Rebuild-Experimental\work\ab\mNc_fdffaNf\build-release\bin/../../work/render/MP_ORB_Debris/lightmaps/<name> | 3x warn: ambient: zone INTERIOR_SOUTHWEST_N preset  not in the mixer | 2x warn: ambient: zone INTERIOR_NORTH_N preset  not in the mixer | 2x warn: ambient: zone INTERIOR_SOUTH_N preset  not in the mixer"
"MP_IAC_Streets","PLAYABLE","True","12.1","original","PASS","0.164","78","33","41","0","0","0","0.8","","","0","0","0","0","0","","False","0","",""
"MP_KON_Molten","PLAYABLE","True","13.1","original","PASS","0.516","38","47","35","0","0","0","1","","","0","0","0","0","0","","False","0","","10x warn: ambient: zone D_FLAG_ROOM_N preset  not in the mixer | 9x warn: ambient: zone A_ROOM_SOUTH_N preset  not in the mixer | 9x warn: ambient: zone D_MED_ROOM_EAST_N preset  not in the mixer | 7x warn: ambient: zone D_CORRIDOR_WEST_N preset  not in the mixer | 6x warn: ambient: zone D_SMALL_ROOM_N preset  not in the mixer | 6x warn: ambient: zone D_CORRIDOR_NORTH_N preset  not in the mixer"
"MP_UND_Gorge","PLAYABLE WITH VISUAL DEFECTS","True","12.1","original","PASS","0.358","286","66","47","0","0","0","1.2","","","0","0","0","0","0","","False","4","","4x warn: wfc: vertex lightmap <name>: N samples vs N vertices (sections total N); not bound | 1x warn: map fx: PMI_LocationPrimitiveSphere has no decoded VelocityScale (N used) | 1x warn: map fx: PMI_LocationPrimitiveSphere has no decoded StartRadius (N used)"
