"frame","elapsed","form","move_form","anim","anim_t","both","arm","hand","camS","vyaw","camD","camH","pawn_x","pawn_y","pawn_z","cam_x","cam_y","cam_z","cam_fwd_x","cam_fwd_y","cam_fwd_z","cam_yaw_deg","rel_x","rel_y","rel_z","offset_jump_m","cam_step_m","pawn_step_m","cam_yaw_step_deg","flags"
"56","-0.05","ROBOT","ROBOT","Nav_StrafeJog_F","0.92","0","0","1","0","0.86","7.62","4.69","311.99","-724.48","-348.42","318.853","-719.788","-346.501","-0.752","-0.149","-0.642","49.512","6.863","4.692","1.919","0","0","0","0",""
"57","-0.0333","ROBOT","ROBOT","Nav_StrafeJog_F","0.93","0","0","1","0","0.86","7.62","4.69","311.81","-724.48","-348.58","318.675","-719.788","-346.653","-0.752","-0.149","-0.642","49.512","6.865","4.692","1.927","0.008","0.234","0.241","0",""
"58","-0.0167","ROBOT","ROBOT","Nav_StrafeJog_F","0.95","0","0","1","0","0.86","7.62","4.69","311.63","-724.48","-348.73","318.498","-719.788","-346.804","-0.752","-0.149","-0.642","49.512","6.868","4.692","1.926","0.003","0.233","0.234","0",""
"59","0","ROBOT","ROBOT","Nav_StrafeJog_F","0.97","0","0","1","0","0.86","7.62","4.69","311.45","-724.48","-348.88","318.321","-719.788","-346.956","-0.752","-0.149","-0.642","49.512","6.871","4.692","1.924","0.004","0.233","0.234","0",""
"60","0.0167","ROBOT","VEHICLE","Transform_ToVehicle_ROBO","0","0","1","0","1","0.86","7.62","3.91","311.28","-723.7","-349.03","318.137","-719.781","-347.082","-0.752","-0.15","-0.642","49.512","6.857","3.919","1.948","0.773","0.223","0.812","0",""
"61","0.0333","ROBOT","VEHICLE","Transform_ToVehicle_ROBO","0.02","0","1","0","1","0.86","7.63","3.93","311.1","-723.69","-349.18","317.942","-719.763","-347.163","-0.752","-0.15","-0.642","49.512","6.842","3.927","2.017","0.071","0.212","0.235","0",""
"62","0.05","ROBOT","VEHICLE","Transform_ToVehicle_ROBO","0.03","0","1","0","1","0.86","7.64","3.95","310.92","-723.69","-349.33","317.739","-719.738","-347.212","-0.752","-0.149","-0.642","49.512","6.819","3.952","2.118","0.107","0.21","0.234","0",""
"63","0.0667","ROBOT","VEHICLE","Transform_ToVehicle_ROBO","0.05","0","1","0","1","0.86","7.66","3.97","310.74","-723.68","-349.49","317.531","-719.706","-347.237","-0.751","-0.149","-0.643","49.43","6.791","3.974","2.253","0.14","0.212","0.241","0.082",""
"64","0.0833","ROBOT","VEHICLE","Transform_ToVehicle_ROBO","0.07","0","1","0","1","0.86","7.68","4","310.57","-723.67","-349.64","317.319","-719.67","-347.246","-0.751","-0.15","-0.643","49.43","6.749","4","2.394","0.149","0.215","0.227","0",""
"65","0.1","ROBOT","VEHICLE","Transform_ToVehicle_ROBO","0.08","0","1","0","1","0.86","7.71","4.03","310.39","-723.66","-349.79","317.104","-719.63","-347.245","-0.752","-0.15","-0.642","49.512","6.714","4.03","2.545","0.158","0.219","0.235","0.082",""
"66","0.1167","ROBOT","VEHICLE","Transform_ToVehicle_ROBO","0.1","0","1","0","1","0.86","7.75","4.06","310.21","-723.65","-349.94","316.889","-719.587","-347.238","-0.752","-0.148","-0.642","49.512","6.679","4.063","2.702","0.164","0.219","0.235","0",""
"67","0.1333","ROBOT","VEHICLE","Transform_ToVehicle_ROBO","0.12","0","1","0","1","0.86","7.78","4.09","310.03","-723.61","-350.1","316.674","-719.517","-347.229","-0.752","-0.15","-0.642","49.512","6.644","4.093","2.871","0.175","0.226","0.244","0",""
"68","0.15","ROBOT","VEHICLE","Transform_ToVehicle_ROBO","0.13","0","1","0","1","0.86","7.83","4.12","309.85","-723.59","-350.25","316.459","-719.471","-347.221","-0.751","-0.15","-0.643","49.43","6.609","4.119","3.029","0.164","0.22","0.235","0.082",""
"69","0.1667","ROBOT","VEHICLE","Transform_ToVehicle_ROBO","0.15","0","1","0","1","0.86","7.87","4.15","309.67","-723.58","-350.4","316.245","-719.423","-347.217","-0.751","-0.149","-0.643","49.43","6.575","4.157","3.183","0.162","0.219","0.235","0",""
"70","0.1833","ROBOT","VEHICLE","Transform_ToVehicle_ROBO","0.17","0","1","0","1","0.86","7.92","4.18","309.49","-723.56","-350.56","316.033","-719.377","-347.218","-0.752","-0.149","-0.643","49.468","6.543","4.183","3.342","0.164","0.217","0.242","0.038",""
"71","0.2","ROBOT","VEHICLE","Transform_ToVehicle_ROBO","0.18","0","1","0","1","0.86","7.97","4.21","309.38","-723.54","-350.71","315.886","-719.331","-347.226","-0.752","-0.15","-0.642","49.512","6.506","4.209","3.484","0.149","0.154","0.187","0.044",""
"72","0.2167","ROBOT","VEHICLE","Transform_ToVehicle_ROBO","0.2","0","1","0","1","0.86","8.02","4.24","309.38","-723.52","-350.87","315.858","-719.288","-347.239","-0.752","-0.15","-0.642","49.512","6.478","4.232","3.631","0.151","0.053","0.161","0",""
"73","0.2333","ROBOT","VEHICLE","Transform_ToVehicle_ROBO","0.22","0","1","0","1","0.86","8.07","4.26","309.37","-723.51","-351.03","315.831","-719.247","-347.26","-0.751","-0.149","-0.643","49.43","6.461","4.263","3.77","0.143","0.053","0.161","0.082",""
"74","0.25","ROBOT","VEHICLE","Transform_ToVehicle_ROBO","0.23","0","1","0","1","0.86","8.12","4.29","309.37","-723.49","-351.18","315.805","-719.208","-347.288","-0.751","-0.149","-0.643","49.43","6.435","4.282","3.892","0.126","0.055","0.151","0",""
"75","0.2667","ROBOT","VEHICLE","Transform_ToVehicle_ROBO","0.25","0","1","0","1","0.86","8.18","4.31","309.36","-723.48","-351.34","315.779","-719.17","-347.323","-0.751","-0.15","-0.642","49.474","6.419","4.31","4.017","0.129","0.058","0.161","0.044",""
"76","0.2833","ROBOT","VEHICLE","Transform_ToVehicle_ROBO","0.27","0","1","0","1","0.86","8.23","4.33","309.35","-723.46","-351.5","315.753","-719.135","-347.367","-0.752","-0.15","-0.642","49.512","6.403","4.325","4.133","0.118","0.062","0.162","0.038",""
"77","0.3","ROBOT","VEHICLE","Transform_ToVehicle_ROBO","0.28","0","1","0","1","0.86","1.98","3.2","309.34","-723.45","-351.65","309.342","-720.247","-351.654","-0.752","-0.148","-0.642","49.512","0.002","3.203","-0.004","7.704","7.792","0.151","0","camera_offset_jump;camera_cut"
"78","0.3167","ROBOT","VEHICLE","Transform_ToVehicle_ROBO","0.3","0","1","0","1","0.86","1.98","3.2","309.33","-723.43","-351.81","309.327","-720.23","-351.812","-0.751","-0.15","-0.643","49.43","-0.003","3.2","-0.002","0.006","0.16","0.162","0.082",""
"79","0.3333","ROBOT","VEHICLE","Transform_ToVehicle_ROBO","0.32","0","1","0","1","0.86","8.38","4.38","309.35","-723.41","-351.92","315.714","-719.027","-347.486","-0.751","-0.15","-0.643","49.43","6.364","4.383","4.434","7.85","7.807","0.114","0","camera_offset_jump;camera_cut"
"80","0.35","ROBOT","VEHICLE","Transform_ToVehicle_ROBO","0.33","0","1","0","1","0.86","8.42","4.4","309.41","-723.39","-351.97","315.768","-718.991","-347.45","-0.752","-0.149","-0.643","49.468","6.358","4.399","4.52","0.088","0.074","0.081","0.038",""
"81","0.3667","ROBOT","VEHICLE","Transform_ToVehicle_ROBO","0.35","0","1","0","1","0.86","8.47","4.41","309.47","-723.37","-352.02","315.82","-718.957","-347.423","-0.752","-0.149","-0.642","49.512","6.35","4.413","4.597","0.079","0.068","0.081","0.044",""
"82","0.3833","ROBOT","VEHICLE","Transform_ToVehicle_ROBO","0.37","0","1","0","1","0.86","8.51","4.43","309.52","-723.35","-352.08","315.87","-718.925","-347.403","-0.752","-0.15","-0.642","49.512","6.35","4.425","4.677","0.081","0.063","0.081","0",""
"83","0.4","ROBOT","VEHICLE","Transform_ToVehicle_ROBO","0.38","0","1","0","1","0.86","8.55","4.44","309.57","-723.33","-352.14","315.917","-718.894","-347.391","-0.751","-0.15","-0.643","49.43","6.347","4.436","4.749","0.073","0.058","0.081","0.082",""
"84","0.4167","ROBOT","VEHICLE","Transform_ToVehicle_ROBO","0.4","1","1","0","1","0.86","8.6","4.45","309.61","-723.32","-352.2","315.961","-718.865","-347.386","-0.751","-0.149","-0.643","49.43","6.351","4.455","4.814","0.068","0.053","0.073","0",""
"85","0.4333","ROBOT","VEHICLE","Transform_ToVehicle_ROBO","0.42","1","1","0","1","0.86","8.64","4.46","309.65","-723.3","-352.26","316.001","-718.838","-347.388","-0.752","-0.149","-0.643","49.468","6.351","4.462","4.872","0.058","0.048","0.075","0.038",""
"86","0.45","ROBOT","VEHICLE","Transform_ToVehicle_ROBO","0.43","1","1","0","1","0.86","8.67","4.47","309.68","-723.28","-352.33","316.035","-718.811","-347.397","-0.752","-0.15","-0.642","49.512","6.355","4.469","4.933","0.062","0.044","0.079","0.044",""
"87","0.4667","ROBOT","VEHICLE","Transform_ToVehicle_ROBO","0.45","1","1","0","1","0.86","8.71","4.48","309.71","-723.27","-352.4","316.065","-718.785","-347.413","-0.752","-0.149","-0.642","49.512","6.355","4.485","4.987","0.056","0.043","0.077","0",""
"88","0.4833","ROBOT","VEHICLE","Transform_ToVehicle_ROBO","0.47","1","1","0","1","0.86","8.75","4.49","309.73","-723.25","-352.47","316.089","-718.764","-347.435","-0.751","-0.148","-0.643","49.43","6.359","4.486","5.035","0.048","0.039","0.075","0.082",""
"89","0.5","ROBOT","VEHICLE","Transform_ToVehicle_ROBO","0.48","1","1","0","1","0.86","8.78","4.5","309.77","-723.24","-352.52","316.137","-718.744","-347.44","-0.751","-0.15","-0.643","49.43","6.367","4.496","5.08","0.047","0.052","0.065","0",""
"90","0.5167","ROBOT","VEHICLE","Transform_ToVehicle_ROBO","0.5","1","1","0","1","0.86","8.82","4.5","309.8","-723.23","-352.58","316.179","-718.727","-347.452","-0.751","-0.15","-0.642","49.474","6.379","4.503","5.128","0.05","0.047","0.068","0.044",""
"91","0.5333","ROBOT","VEHICLE","Transform_ToVehicle_ROBO","0.52","1","1","0","1","0.86","8.85","4.51","309.82","-723.22","-352.64","316.214","-718.709","-347.471","-0.752","-0.149","-0.642","49.512","6.394","4.511","5.169","0.044","0.044","0.064","0.038",""
"92","0.55","ROBOT","VEHICLE","Transform_ToVehicle_ROBO","0.53","1","1","0","1","0.86","8.89","4.52","309.84","-723.21","-352.7","316.243","-718.692","-347.495","-0.752","-0.149","-0.642","49.512","6.403","4.518","5.205","0.038","0.041","0.064","0",""
"93","0.5667","ROBOT","VEHICLE","Transform_ToVehicle_ROBO","0.55","1","1","0","1","0.86","8.92","4.52","309.88","-723.2","-352.75","316.29","-718.675","-347.505","-0.751","-0.15","-0.643","49.43","6.41","4.525","5.245","0.041","0.051","0.065","0.082",""
"94","0.5833","ROBOT","VEHICLE","Transform_ToVehicle_ROBO","0.57","1","1","0","1","0.86","8.95","4.53","309.91","-723.18","-352.8","316.332","-718.658","-347.521","-0.751","-0.15","-0.643","49.43","6.422","4.522","5.279","0.036","0.048","0.062","0",""
"95","0.6","ROBOT","VEHICLE","Transform_ToVehicle_ROBO","0.58","1","1","0","1","0.86","8.98","4.53","309.93","-723.17","-352.86","316.366","-718.642","-347.542","-0.752","-0.148","-0.643","49.468","6.436","4.528","5.318","0.042","0.043","0.064","0.038",""
"96","0.6167","ROBOT","VEHICLE","Transform_ToVehicle_ROBO","0.6","1","1","0","1","0.86","9.01","4.54","309.96","-723.16","-352.9","316.413","-718.626","-347.554","-0.752","-0.149","-0.642","49.512","6.453","4.534","5.346","0.033","0.051","0.051","0.044",""
"97","0.6333","ROBOT","VEHICLE","Transform_ToVehicle_ROBO","0.62","1","1","0","1","0.86","9.04","4.54","309.99","-723.15","-352.95","316.453","-718.611","-347.571","-0.752","-0.15","-0.642","49.512","6.463","4.539","5.379","0.035","0.046","0.059","0",""
"98","0.65","ROBOT","VEHICLE","Transform_ToVehicle_ROBO","0.63","1","1","0","1","0.86","9.07","4.54","310.01","-723.14","-353","316.487","-718.597","-347.593","-0.751","-0.149","-0.643","49.43","6.477","4.543","5.407","0.032","0.043","0.055","0.082",""
"99","0.6667","ROBOT","VEHICLE","Transform_ToVehicle_ROBO","0.65","1","1","0","1","0.86","9.1","4.55","310.04","-723.13","-353.04","316.532","-718.582","-347.605","-0.751","-0.148","-0.643","49.43","6.492","4.548","5.435","0.032","0.049","0.051","0",""
"100","0.6833","ROBOT","VEHICLE","Transform_ToVehicle_ROBO","0.67","1","1","0","1","0.86","9.13","4.55","310.06","-723.12","-353.08","316.571","-718.567","-347.622","-0.752","-0.15","-0.642","49.512","6.511","4.553","5.458","0.03","0.045","0.046","0.082",""
"101","0.7","ROBOT","VEHICLE","Transform_ToVehicle_ROBO","0.68","1","1","0","1","0.86","9.15","4.55","310.08","-723.1","-353.13","316.603","-718.552","-347.643","-0.752","-0.15","-0.642","49.512","6.523","4.548","5.487","0.032","0.041","0.057","0",""
"102","0.7167","ROBOT","VEHICLE","Transform_ToVehicle_ROBO","0.7","1","1","0","1","0.86","9.18","4.56","310.1","-723.09","-353.16","316.648","-718.537","-347.655","-0.752","-0.149","-0.642","49.512","6.548","4.553","5.505","0.031","0.049","0.037","0",""
"103","0.7333","ROBOT","VEHICLE","Transform_ToVehicle_ROBO","0.72","1","1","0","1","0.86","9.21","4.56","310.12","-723.08","-353.2","316.685","-718.523","-347.671","-0.751","-0.149","-0.643","49.43","6.565","4.557","5.529","0.03","0.043","0.046","0.082",""
"104","0.75","ROBOT","VEHICLE","Transform_ToVehicle_ROBO","0.73","1","1","0","1","0.86","9.24","4.56","310.14","-723.07","-353.25","316.716","-718.509","-347.692","-0.751","-0.15","-0.643","49.43","6.576","4.561","5.558","0.031","0.04","0.055","0",""
"105","0.7667","ROBOT","VEHICLE","Transform_ToVehicle_ROBO","0.75","1","1","0","1","0.86","9.26","4.56","310.16","-723.06","-353.28","316.758","-718.496","-347.704","-0.752","-0.15","-0.642","49.512","6.598","4.564","5.576","0.029","0.046","0.037","0.082",""
"106","0.7833","ROBOT","VEHICLE","Transform_ToVehicle_ROBO","0.77","1","1","0","1","0.86","9.29","4.57","310.18","-723.05","-353.32","316.794","-718.484","-347.719","-0.752","-0.148","-0.642","49.512","6.614","4.566","5.601","0.03","0.041","0.046","0",""
"107","0.8","ROBOT","VEHICLE","Transform_ToVehicle_ROBO","0.78","1","1","0","1","0.86","9.31","4.57","310.19","-723.04","-353.36","316.823","-718.472","-347.74","-0.752","-0.149","-0.642","49.512","6.633","4.568","5.62","0.027","0.038","0.042","0",""
"108","0.8167","ROBOT","VEHICLE","Transform_ToVehicle_ROBO","0.8","1","1","0","1","0.86","9.34","4.57","310.22","-723.03","-353.39","316.864","-718.461","-347.75","-0.751","-0.15","-0.643","49.43","6.644","4.569","5.64","0.023","0.044","0.044","0.082",""
"109","0.8333","ROBOT","VEHICLE","Transform_ToVehicle_ROBO","0.82","1","1","0","1","0.86","9.36","4.57","310.24","-723.01","-353.42","316.9","-718.438","-347.764","-0.751","-0.149","-0.643","49.43","6.66","4.572","5.656","0.023","0.045","0.041","0",""
"110","0.85","ROBOT","VEHICLE","Transform_ToVehicle_ROBO","0.83","1","1","0","1","0.86","9.39","4.57","310.25","-722.99","-353.46","316.928","-718.416","-347.783","-0.752","-0.148","-0.643","49.468","6.678","4.574","5.677","0.028","0.04","0.046","0.038",""
"111","0.8667","ROBOT","VEHICLE","Transform_ToVehicle_ROBO","0.85","1","1","0","1","0.86","9.41","4.58","310.27","-722.97","-353.49","316.967","-718.394","-347.793","-0.752","-0.15","-0.642","49.512","6.697","4.576","5.697","0.028","0.046","0.041","0.044",""
"112","0.8833","ROBOT","VEHICLE","Transform_ToVehicle_ROBO","0.87","1","1","0","1","0.86","9.44","4.58","310.28","-722.95","-353.52","317","-718.373","-347.807","-0.752","-0.15","-0.642","49.512","6.72","4.577","5.713","0.028","0.042","0.037","0",""
"113","0.9","VEHICLE","VEHICLE","Transform_ToVehicle_VEH","0.88","0","0","0","1","0.86","9.46","4.58","310.3","-722.93","-353.56","317.031","-718.352","-347.823","-0.751","-0.149","-0.643","49.43","6.731","4.578","5.737","0.026","0.041","0.049","0.082",""
"114","0.9167","VEHICLE","VEHICLE","Transform_ToVehicle_VEH","0.9","0","0","0","1","0.86","9.48","4.58","310.32","-722.91","-353.58","317.07","-718.331","-347.832","-0.751","-0.149","-0.643","49.43","6.75","4.579","5.748","0.022","0.045","0.035","0",""
"115","0.9333","VEHICLE","VEHICLE","Transform_ToVehicle_VEH","0.92","0","0","0","1","0.86","9.51","4.58","310.33","-722.89","-353.61","317.102","-718.311","-347.846","-0.751","-0.15","-0.642","49.474","6.772","4.579","5.764","0.027","0.04","0.037","0.044",""
"116","0.95","VEHICLE","VEHICLE","Transform_ToVehicle_VEH","0.93","0","0","0","1","0.86","9.53","4.58","310.35","-722.87","-353.65","317.132","-718.29","-347.861","-0.752","-0.15","-0.642","49.512","6.782","4.58","5.789","0.027","0.04","0.049","0.038",""
"117","0.9667","VEHICLE","VEHICLE","Transform_ToVehicle_VEH","0.95","0","0","0","1","0.86","9.55","4.59","310.36","-722.85","-353.68","317.162","-718.269","-347.878","-0.752","-0.148","-0.642","49.512","6.802","4.581","5.802","0.024","0.04","0.037","0",""
"118","0.9833","VEHICLE","VEHICLE","Transform_ToVehicle_VEH","0.97","0","0","0","1","0.86","9.58","4.59","310.37","-722.83","-353.71","317.192","-718.246","-347.895","-0.751","-0.149","-0.643","49.43","6.822","4.584","5.815","0.024","0.041","0.037","0.082",""
"119","1","VEHICLE","VEHICLE","Transform_ToVehicle_VEH","0.98","0","0","0","1","0.86","9.6","4.59","310.39","-722.81","-353.75","317.222","-718.221","-347.913","-0.751","-0.15","-0.643","49.43","6.832","4.589","5.837","0.025","0.043","0.049","0",""
"120","1.0167","VEHICLE","VEHICLE","Transform_ToVehicle_VEH","1","0","0","0","1","0.86","9.62","4.59","310.4","-722.78","-353.78","317.252","-718.195","-347.932","-0.752","-0.149","-0.643","49.468","6.852","4.585","5.848","0.023","0.044","0.044","0.038",""
"121","1.0333","VEHICLE","VEHICLE","Transform_ToVehicle_VEH","1.02","0","0","0","1","0.86","9.64","4.59","310.41","-722.76","-353.81","317.282","-718.167","-347.952","-0.752","-0.148","-0.642","49.512","6.872","4.593","5.858","0.024","0.046","0.037","0.044",""
"122","1.05","VEHICLE","VEHICLE","Transform_ToVehicle_VEH","1.03","0","0","0","1","0.86","9.66","4.59","310.43","-722.73","-353.85","317.312","-718.137","-347.972","-0.752","-0.15","-0.642","49.512","6.882","4.593","5.878","0.022","0.047","0.054","0",""
"123","1.0667","VEHICLE","VEHICLE","Transform_ToVehicle_VEH","1.05","0","0","0","1","0.86","9.68","4.59","310.44","-722.7","-353.88","317.341","-718.106","-347.993","-0.751","-0.15","-0.643","49.43","6.901","4.594","5.887","0.021","0.047","0.044","0.082",""
"124","1.0833","VEHICLE","VEHICLE","Transform_ToVehicle_VEH","1.07","0","0","0","1","0.86","9.7","4.59","310.46","-722.67","-353.92","317.371","-718.073","-348.015","-0.751","-0.149","-0.643","49.43","6.911","4.597","5.905","0.021","0.05","0.054","0",""
"125","1.1","VEHICLE","VEHICLE","Transform_ToVehicle_VEH","1.08","0","0","0","1","0.86","9.72","4.6","310.47","-722.63","-353.95","317.399","-718.038","-348.037","-0.752","-0.149","-0.643","49.468","6.929","4.592","5.913","0.02","0.05","0.051","0.038",""
"126","1.1167","VEHICLE","VEHICLE","Transform_ToVehicle_VEH","1.1","0","0","0","1","0.86","9.74","4.6","310.48","-722.6","-353.99","317.428","-718.002","-348.06","-0.752","-0.15","-0.642","49.512","6.948","4.598","5.93","0.026","0.052","0.051","0.044",""
"127","1.1333","VEHICLE","VEHICLE","Transform_ToVehicle_VEH","1.12","0","0","0","1","0.86","9.75","4.6","310.48","-722.56","-353.99","317.442","-717.967","-348.047","-0.752","-0.149","-0.642","49.512","6.962","4.593","5.943","0.02","0.04","0.04","0",""
"128","1.15","VEHICLE","VEHICLE","Transform_ToVehicle_VEH","1.13","0","0","0","1","0.86","9.77","4.6","310.48","-722.53","-353.99","317.455","-717.931","-348.035","-0.752","-0.149","-0.643","49.468","6.975","4.599","5.955","0.019","0.04","0.03","0.044",""
"129","1.1667","VEHICLE","VEHICLE","Transform_ToVehicle_VEH","1.15","0","0","0","1","0.86","9.79","4.6","310.48","-722.49","-353.99","317.468","-717.894","-348.023","-0.752","-0.149","-0.643","49.468","6.988","4.596","5.967","0.018","0.041","0.04","0",""
"130","1.1833","VEHICLE","VEHICLE","Transform_ToVehicle_VEH","1.17","0","0","0","1","0.86","9.81","4.6","310.48","-722.46","-353.99","317.48","-717.856","-348.011","-0.752","-0.149","-0.642","49.512","7","4.604","5.979","0.019","0.042","0.03","0.044",""
"131","1.2","VEHICLE","VEHICLE","Transform_ToVehicle_VEH","1.18","0","0","0","1","0.86","9.82","4.6","310.48","-722.42","-353.99","317.492","-717.817","-347.999","-0.752","-0.149","-0.642","49.512","7.012","4.603","5.991","0.017","0.043","0.04","0",""
"132","1.2167","VEHICLE","VEHICLE","Transform_ToVehicle_VEH","1.2","0","0","0","1","0.86","9.84","4.6","310.48","-722.38","-353.99","317.503","-717.778","-347.988","-0.752","-0.149","-0.642","49.512","7.023","4.602","6.002","0.016","0.042","0.04","0",""
"133","1.2333","VEHICLE","VEHICLE","Transform_ToVehicle_VEH","1.22","0","0","0","1","0.86","9.85","4.6","310.48","-722.34","-353.99","317.514","-717.739","-347.978","-0.752","-0.149","-0.643","49.468","7.034","4.601","6.012","0.015","0.042","0.04","0.044",""
"134","1.25","VEHICLE","VEHICLE","Transform_ToVehicle_VEH","1.23","0","0","0","1","0.86","9.86","4.6","310.48","-722.3","-353.99","317.524","-717.693","-347.967","-0.752","-0.149","-0.643","49.468","7.044","4.607","6.023","0.016","0.048","0.04","0",""
"135","1.2667","VEHICLE","VEHICLE","Transform_ToVehicle_VEH","1.25","0","0","0","1","0.86","9.88","4.6","310.48","-722.25","-353.99","317.534","-717.646","-347.958","-0.752","-0.149","-0.642","49.512","7.054","4.604","6.032","0.014","0.049","0.05","0.044",""
"136","1.2833","VEHICLE","VEHICLE","Transform_ToVehicle_VEH","1.27","0","0","0","1","0.86","9.89","4.6","310.48","-722.21","-353.98","317.543","-717.6","-347.949","-0.752","-0.149","-0.642","49.512","7.063","4.61","6.031","0.011","0.048","0.041","0",""
"137","1.3","VEHICLE","VEHICLE","Transform_ToVehicle_VEH","1.28","0","0","0","1","0.86","9.9","4.61","310.48","-722.16","-353.98","317.551","-717.555","-347.94","-0.752","-0.149","-0.642","49.512","7.071","4.605","6.04","0.013","0.047","0.05","0",""
"138","1.3167","VEHICLE","VEHICLE","Transform_ToVehicle_VEH","1.3","0","0","0","1","0.86","9.91","4.61","310.48","-722.12","-353.98","317.559","-717.51","-347.932","-0.752","-0.149","-0.643","49.468","7.079","4.61","6.048","0.012","0.046","0.04","0.044",""
"139","1.3333","VEHICLE","VEHICLE","Transform_ToVehicle_VEH","1.32","0","0","0","1","0.86","9.92","4.61","310.48","-722.07","-353.98","317.566","-717.466","-347.924","-0.752","-0.149","-0.643","49.468","7.086","4.604","6.056","0.012","0.045","0.05","0",""
"140","1.35","VEHICLE","VEHICLE","Transform_ToVehicle_VEH","1.33","0","0","0","1","0.86","9.93","4.61","310.48","-722.03","-353.98","317.573","-717.424","-347.917","-0.752","-0.149","-0.642","49.512","7.093","4.606","6.063","0.01","0.043","0.04","0.044",""
"141","1.3667","VEHICLE","VEHICLE","Transform_ToVehicle_VEH","1.35","0","0","0","1","0.86","9.94","4.61","310.48","-721.99","-353.98","317.578","-717.384","-347.911","-0.752","-0.149","-0.642","49.512","7.098","4.606","6.069","0.008","0.041","0.04","0",""
"142","1.3833","VEHICLE","VEHICLE","Transform_ToVehicle_VEH","1.37","0","0","0","1","0.86","9.94","4.61","310.48","-721.95","-353.98","317.584","-717.346","-347.905","-0.752","-0.149","-0.642","49.512","7.104","4.604","6.075","0.009","0.039","0.04","0",""
"143","1.4","VEHICLE","VEHICLE","Transform_ToVehicle_VEH","1.38","0","0","0","1","0.86","9.95","4.61","310.48","-721.92","-353.98","317.588","-717.311","-347.901","-0.752","-0.149","-0.643","49.468","7.108","4.609","6.079","0.008","0.035","0.03","0.044",""
"144","1.4167","VEHICLE","VEHICLE","Transform_ToVehicle_VEH","1.4","0","0","0","1","0.86","9.96","4.61","310.48","-721.88","-353.98","317.592","-717.274","-347.896","-0.752","-0.149","-0.643","49.468","7.112","4.606","6.084","0.007","0.038","0.04","0",""
"145","1.4333","VEHICLE","VEHICLE","Transform_ToVehicle_VEH","1.42","0","0","0","1","0.86","9.96","4.61","310.47","-721.85","-353.98","317.595","-717.237","-347.891","-0.752","-0.15","-0.642","49.512","7.125","4.613","6.089","0.016","0.037","0.032","0.044",""
"146","1.45","VEHICLE","VEHICLE","Transform_ToVehicle_VEH","1.43","0","0","0","1","0.86","9.96","4.61","310.48","-721.81","-353.97","317.598","-717.199","-347.885","-0.752","-0.149","-0.642","49.512","7.118","4.611","6.085","0.008","0.039","0.042","0",""
"147","1.4667","VEHICLE","VEHICLE","Transform_ToVehicle_VEH","1.45","0","0","0","1","0.86","9.97","4.61","310.48","-721.77","-353.97","317.602","-717.159","-347.877","-0.752","-0.149","-0.642","49.512","7.122","4.611","6.093","0.009","0.041","0.04","0",""
"148","1.4833","VEHICLE","VEHICLE","Transform_ToVehicle_VEH","1.47","0","0","0","1","0.86","9.97","4.61","310.48","-721.73","-353.96","317.606","-717.12","-347.868","-0.751","-0.15","-0.643","49.43","7.126","4.61","6.092","0.004","0.04","0.041","0.082",""
"149","1.5","VEHICLE","VEHICLE","Transform_ToVehicle_VEH","1.48","0","0","0","1","0.86","9.97","4.61","310.5","-721.67","-353.93","317.629","-717.061","-347.838","-0.751","-0.15","-0.643","49.43","7.129","4.609","6.092","0.003","0.07","0.07","0",""
"150","1.5167","VEHICLE","VEHICLE","Transform_ToVehicle_VEH","1.5","0","0","0","1","0.86","9.97","4.61","310.53","-721.61","-353.9","317.655","-717","-347.805","-0.752","-0.148","-0.643","49.468","7.125","4.61","6.095","0.005","0.074","0.073","0.038",""
"151","1.5333","VEHICLE","VEHICLE","Transform_ToVehicle_VEH","1.52","0","0","0","1","0.86","9.97","4.61","310.56","-721.55","-353.86","317.684","-716.941","-347.77","-0.752","-0.15","-0.642","49.512","7.124","4.609","6.09","0.005","0.074","0.078","0.044",""
"152","1.55","VEHICLE","VEHICLE","Transform_ToVehicle_VEH","1.53","0","0","0","1","0.86","9.97","4.61","310.59","-721.49","-353.82","317.714","-716.883","-347.732","-0.752","-0.15","-0.642","49.512","7.124","4.607","6.088","0.003","0.076","0.078","0",""
"153","1.5667","VEHICLE","VEHICLE","Transform_ToVehicle_VEH","1.55","0","0","0","1","0.86","9.97","4.61","310.62","-721.44","-353.79","317.747","-716.828","-347.694","-0.751","-0.149","-0.643","49.43","7.127","4.612","6.096","0.01","0.075","0.066","0.082",""
"154","1.5833","VEHICLE","VEHICLE","Transform_ToVehicle_VEH","1.57","0","0","0","1","0.86","9.97","4.61","310.66","-721.38","-353.74","317.782","-716.775","-347.653","-0.751","-0.149","-0.643","49.43","7.122","4.605","6.087","0.012","0.076","0.088","0",""
"155","1.6","VEHICLE","VEHICLE","Transform_ToVehicle_VEH","1.58","0","0","0","1","0.86","9.97","4.61","310.69","-721.34","-353.7","317.818","-716.726","-347.612","-0.751","-0.15","-0.642","49.474","7.128","4.614","6.088","0.011","0.073","0.064","0.044",""
"156","1.6167","VEHICLE","VEHICLE","Transform_ToVehicle_VEH","1.6","0","0","0","1","0.86","9.97","4.61","310.73","-721.29","-353.66","317.855","-716.681","-347.571","-0.752","-0.15","-0.642","49.512","7.125","4.609","6.089","0.006","0.071","0.075","0.038",""
"157","1.6333","VEHICLE","VEHICLE","Transform_ToVehicle_VEH","1.62","0","0","0","1","0.86","9.97","4.61","310.77","-721.25","-353.62","317.893","-716.641","-347.529","-0.752","-0.149","-0.642","49.512","7.123","4.609","6.091","0.003","0.069","0.069","0",""
"158","1.65","VEHICLE","VEHICLE","Transform_ToVehicle_VEH","1.63","0","0","0","1","0.86","9.97","4.61","310.8","-721.21","-353.58","317.93","-716.604","-347.488","-0.751","-0.149","-0.643","49.43","7.13","4.606","6.092","0.008","0.066","0.064","0.082",""
"159","1.6667","VEHICLE","VEHICLE","Transform_ToVehicle_VEH","1.65","0","0","0","1","0.86","9.97","4.61","310.84","-721.18","-353.54","317.968","-716.572","-347.446","-0.751","-0.15","-0.643","49.43","7.128","4.608","6.094","0.003","0.065","0.064","0",""
"160","1.6833","VEHICLE","VEHICLE","Transform_ToVehicle_VEH","1.67","0","0","0","1","0.86","9.97","4.61","310.88","-721.15","-353.5","318.007","-716.543","-347.405","-0.752","-0.149","-0.642","49.512","7.127","4.607","6.095","0.002","0.064","0.064","0.082",""
"161","1.7","VEHICLE","VEHICLE","Transform_ToVehicle_VEH","1.68","0","0","0","1","0.86","9.97","4.61","310.92","-721.13","-353.45","318.045","-716.519","-347.363","-0.752","-0.148","-0.642","49.512","7.125","4.611","6.087","0.009","0.062","0.067","0",""
"162","1.7167","VEHICLE","VEHICLE","Transform_ToVehicle_VEH","1.7","0","0","0","1","0.86","9.97","4.61","310.96","-721.11","-353.41","318.084","-716.499","-347.321","-0.752","-0.15","-0.642","49.512","7.124","4.611","6.089","0.002","0.061","0.06","0",""
"163","1.7333","VEHICLE","VEHICLE","Transform_ToVehicle_VEH","1.72","0","0","0","1","0.86","9.97","4.61","311","-721.09","-353.37","318.124","-716.483","-347.279","-0.751","-0.15","-0.643","49.43","7.124","4.607","6.091","0.004","0.06","0.06","0.082",""
"164","1.75","VEHICLE","VEHICLE","Transform_ToVehicle_VEH","1.73","0","0","0","1","0.86","9.97","4.61","311.04","-721.08","-353.33","318.163","-716.471","-347.237","-0.751","-0.149","-0.643","49.43","7.123","4.609","6.093","0.003","0.059","0.057","0",""
"165","1.7667","VEHICLE","VEHICLE","Transform_ToVehicle_VEH","1.75","0","0","0","1","0.86","9.97","4.61","311.08","-721.07","-353.29","318.202","-716.464","-347.196","-0.752","-0.149","-0.643","49.468","7.122","4.606","6.094","0.003","0.057","0.057","0.038",""
"166","1.7833","VEHICLE","VEHICLE","Transform_ToVehicle_VEH","1.77","0","0","0","1","0.86","9.97","4.61","311.12","-721.07","-353.25","318.242","-716.461","-347.154","-0.752","-0.15","-0.642","49.512","7.122","4.609","6.096","0.004","0.058","0.057","0.044",""
"167","1.8","VEHICLE","VEHICLE","Transform_ToVehicle_VEH","1.78","0","0","0","1","0.86","9.97","4.61","311.15","-721.07","-353.2","318.281","-716.462","-347.113","-0.752","-0.15","-0.642","49.512","7.131","4.608","6.087","0.013","0.057","0.058","0",""
"168","1.8167","VEHICLE","VEHICLE","Transform_ToVehicle_VEH","1.8","0","0","0","1","0.86","9.97","4.61","311.19","-721.08","-353.16","318.32","-716.468","-347.072","-0.751","-0.148","-0.643","49.43","7.13","4.612","6.088","0.004","0.057","0.057","0.082",""
"169","1.8333","VEHICLE","VEHICLE","Transform_ToVehicle_VEH","1.82","0","0","0","1","0.86","9.97","4.61","311.23","-721.09","-353.12","318.359","-716.478","-347.032","-0.751","-0.149","-0.643","49.43","7.129","4.612","6.088","0.001","0.057","0.057","0",""
"170","1.85","VEHICLE","VEHICLE","Transform_ToVehicle_VEH","1.83","0","0","0","1","0.86","9.97","4.61","311.27","-721.1","-353.08","318.398","-716.492","-346.991","-0.751","-0.15","-0.642","49.474","7.128","4.608","6.089","0.004","0.058","0.057","0.044",""
"171","1.8667","VEHICLE","VEHICLE","Transform_ToVehicle_VEH","1.85","0","0","0","1","0.86","9.97","4.61","311.31","-721.12","-353.04","318.437","-716.511","-346.951","-0.752","-0.149","-0.642","49.512","7.127","4.609","6.089","0.001","0.059","0.06","0.038",""
"172","1.8833","VEHICLE","VEHICLE","Transform_ToVehicle_VEH","1.87","0","0","0","1","0.86","9.97","4.61","311.35","-721.14","-353","318.476","-716.534","-346.911","-0.752","-0.148","-0.642","49.512","7.126","4.606","6.089","0.003","0.06","0.06","0",""
"173","1.9","VEHICLE","VEHICLE","Transform_ToVehicle_VEH","1.88","0","0","0","1","0.86","9.97","4.61","311.39","-721.17","-352.96","318.514","-716.561","-346.871","-0.751","-0.15","-0.643","49.43","7.124","4.609","6.089","0.004","0.061","0.064","0.082",""
"174","1.9167","VEHICLE","VEHICLE","Transform_ToVehicle_VEH","1.9","0","0","0","1","0.86","9.97","4.61","311.43","-721.2","-352.92","318.552","-716.593","-346.832","-0.751","-0.15","-0.643","49.43","7.122","4.607","6.088","0.003","0.063","0.064","0",""
"175","1.9333","VEHICLE","VEHICLE","Transform_ToVehicle_VEH","1.92","0","0","0","1","0.86","9.97","4.61","311.46","-721.24","-352.88","318.59","-716.629","-346.792","-0.752","-0.149","-0.643","49.468","7.13","4.611","6.088","0.009","0.066","0.064","0.038",""
"176","1.95","VEHICLE","VEHICLE","Transform_ToVehicle_VEH","1.93","0","0","0","1","0.86","9.97","4.61","311.5","-721.28","-352.85","318.627","-716.67","-346.754","-0.752","-0.149","-0.642","49.512","7.127","4.61","6.096","0.009","0.067","0.064","0.044",""
"177","1.9667","VEHICLE","VEHICLE","Transform_ToVehicle_VEH","1.95","0","0","0","1","0.86","9.97","4.61","311.54","-721.32","-352.81","318.665","-716.715","-346.715","-0.752","-0.15","-0.642","49.512","7.125","4.605","6.095","0.005","0.071","0.069","0",""
"178","1.9833","VEHICLE","VEHICLE","Transform_ToVehicle_VEH","1.97","0","0","0","1","0.86","9.97","4.61","311.58","-721.37","-352.77","318.702","-716.765","-346.677","-0.751","-0.15","-0.643","49.43","7.122","4.605","6.093","0.004","0.073","0.075","0.082",""
"179","2","VEHICLE","VEHICLE","Nav_Hover_FBLR_VEH","0","0","0","0","1","0.86","9.97","4.61","311.61","-721.43","-352.73","318.739","-716.819","-346.638","-0.751","-0.148","-0.643","49.43","7.129","4.611","6.092","0.009","0.076","0.078","0",""
"180","2.0167","VEHICLE","VEHICLE","Nav_Hover_FBLR_VEH","0.02","0","0","0","1","0.86","9.97","4.61","311.65","-721.49","-352.69","318.777","-716.877","-346.6","-0.752","-0.149","-0.643","49.468","7.127","4.613","6.09","0.003","0.079","0.082","0.038",""
"181","2.0333","VEHICLE","VEHICLE","Nav_Hover_FBLR_VEH","0.03","0","0","0","1","0.86","9.97","4.61","311.69","-721.55","-352.65","318.814","-716.939","-346.562","-0.752","-0.15","-0.642","49.512","7.124","4.611","6.088","0.004","0.082","0.082","0.044",""
"182","2.05","VEHICLE","VEHICLE","Nav_Hover_FBLR_VEH","0.05","0","0","0","1","0.86","9.97","4.61","311.73","-721.61","-352.62","318.852","-717.006","-346.524","-0.752","-0.149","-0.642","49.512","7.122","4.604","6.096","0.011","0.086","0.078","0",""
"183","2.0667","VEHICLE","VEHICLE","Nav_Hover_FBLR_VEH","0.07","0","0","0","1","0.86","9.97","4.61","311.76","-721.69","-352.58","318.89","-717.077","-346.486","-0.751","-0.148","-0.643","49.43","7.13","4.613","6.094","0.012","0.089","0.094","0.082",""
"184","2.0833","VEHICLE","VEHICLE","Nav_Hover_FBLR_VEH","0.08","0","0","0","1","0.86","9.97","4.61","311.8","-721.76","-352.54","318.928","-717.152","-346.448","-0.751","-0.15","-0.643","49.43","7.128","4.608","6.092","0.006","0.092","0.09","0",""
"185","2.1","VEHICLE","VEHICLE","Nav_Hover_FBLR_VEH","0.1","0","0","0","1","0.86","9.97","4.61","311.84","-721.84","-352.5","318.965","-717.232","-346.411","-0.751","-0.15","-0.642","49.474","7.125","4.608","6.089","0.004","0.096","0.098","0.044",""
"186","2.1167","VEHICLE","VEHICLE","Nav_Hover_FBLR_VEH","0.12","0","0","0","1","0.86","9.97","4.61","311.88","-721.93","-352.47","319.002","-717.316","-346.374","-0.752","-0.149","-0.642","49.512","7.122","4.614","6.096","0.01","0.099","0.103","0.038",""
"187","2.1333","VEHICLE","VEHICLE","Nav_Hover_FBLR_VEH","0.13","0","0","0","1","0.86","9.97","4.61","311.91","-722.01","-352.43","319.04","-717.404","-346.336","-0.752","-0.149","-0.642","49.512","7.13","4.606","6.094","0.011","0.103","0.094","0",""
"188","2.15","VEHICLE","VEHICLE","Nav_Hover_FBLR_VEH","0.15","0","0","0","1","0.86","9.97","4.61","311.95","-722.11","-352.39","319.08","-717.496","-346.298","-0.751","-0.15","-0.643","49.43","7.13","4.614","6.092","0.008","0.107","0.115","0.082",""
"189","2.1667","VEHICLE","VEHICLE","Nav_Hover_FBLR_VEH","0.17","0","0","0","1","0.86","9.97","4.61","312","-722.2","-352.35","319.122","-717.591","-346.259","-0.751","-0.15","-0.643","49.43","7.122","4.609","6.091","0.009","0.111","0.11","0",""
"190","2.1833","VEHICLE","VEHICLE","Nav_Hover_FBLR_VEH","0.18","0","0","0","1","0.86","9.97","4.61","312.04","-722.3","-352.31","319.169","-717.689","-346.218","-0.752","-0.148","-0.643","49.468","7.129","4.611","6.092","0.007","0.116","0.115","0.038",""
"191","2.2","VEHICLE","VEHICLE","Nav_Hover_FBLR_VEH","0.2","0","0","0","1","0.86","9.97","4.61","312.09","-722.4","-352.27","319.22","-717.789","-346.175","-0.752","-0.149","-0.642","49.512","7.13","4.611","6.095","0.003","0.12","0.119","0.044",""
"192","2.2167","VEHICLE","VEHICLE","Nav_Hover_FBLR_VEH","0.22","0","0","0","1","0.86","9.97","4.61","312.15","-722.5","-352.22","319.275","-717.891","-346.129","-0.752","-0.15","-0.642","49.512","7.125","4.609","6.091","0.007","0.125","0.127","0",""
"193","2.2333","VEHICLE","VEHICLE","Nav_Hover_FBLR_VEH","0.23","0","0","0","1","0.86","9.97","4.61","312.21","-722.6","-352.17","319.336","-717.995","-346.082","-0.751","-0.149","-0.643","49.43","7.126","4.605","6.088","0.005","0.129","0.127","0.082",""
"194","2.25","VEHICLE","VEHICLE","Nav_Hover_FBLR_VEH","0.25","0","0","0","1","0.86","9.97","4.61","312.28","-722.71","-352.12","319.402","-718.102","-346.031","-0.751","-0.148","-0.643","49.43","7.122","4.608","6.089","0.005","0.136","0.14","0",""
"195","2.2667","VEHICLE","VEHICLE","Nav_Hover_FBLR_VEH","0.27","0","0","0","1","0.86","9.97","4.61","312.35","-722.82","-352.07","319.473","-718.211","-345.978","-0.752","-0.15","-0.642","49.512","7.123","4.609","6.092","0.003","0.14","0.14","0.082",""
"196","2.2833","VEHICLE","VEHICLE","Nav_Hover_FBLR_VEH","0.28","0","0","0","1","0.86","9.97","4.61","312.42","-722.93","-352.02","319.547","-718.323","-345.924","-0.752","-0.15","-0.642","49.512","7.127","4.607","6.096","0.006","0.145","0.14","0",""
"197","2.3","VEHICLE","VEHICLE","Nav_Hover_FBLR_VEH","0.3","0","0","0","1","0.86","9.97","4.61","312.5","-723.05","-351.96","319.624","-718.437","-345.868","-0.752","-0.149","-0.642","49.512","7.124","4.613","6.092","0.008","0.149","0.156","0",""
"198","2.3167","VEHICLE","VEHICLE","Nav_Hover_FBLR_VEH","0.32","0","0","0","1","0.86","9.97","4.61","312.57","-723.17","-351.9","319.7","-718.557","-345.812","-0.751","-0.149","-0.643","49.43","7.13","4.613","6.088","0.007","0.153","0.151","0.082",""
"199","2.3333","VEHICLE","VEHICLE","Nav_Hover_FBLR_VEH","0.33","0","0","0","1","0.86","9.97","4.61","312.65","-723.29","-351.85","319.777","-718.68","-345.757","-0.751","-0.15","-0.643","49.43","7.127","4.61","6.093","0.007","0.155","0.153","0",""
"200","2.35","VEHICLE","VEHICLE","Nav_Hover_FBLR_VEH","0.35","0","0","0","1","0.86","9.97","4.61","312.73","-723.42","-351.79","319.852","-718.808","-345.702","-0.752","-0.15","-0.642","49.512","7.122","4.612","6.088","0.007","0.158","0.164","0.082",""
