"phase","frames","frame_ms","p95_ms","particles","meshes","samples","cost_present","cost_visibility","cost_lighting","cost_collision","cost_first_use","cost_skinning","cost_particles","cost_audio","cost_weapon","cost_anim","cost_render","cost_gameplay","cost_sim","cost_other","origin_shell_mag","origin_weapon_fx","origin_vehicle_fx","origin_character","origin_hitscan","origin_camera_aim","origin_movement","origin_world","origin_audio","origin_sim","origin_present","origin_other"
"held.mag1_2_3s","5","266.04","273.6","154","15","798","0","11.67","0","236.7","0","13","0","2","0","0.33","2.33","0","0","0","11.67","0.33","0","12","117.35","119.02","0","3.67","2","0","0","0"
"held.all","418","51.45","269.9","234","16","14284","0.01","2.76","0.02","39.45","1.22","5.45","0.06","0.5","0.01","0.13","1.84","0","0","0","2.63","0.09","0.01","5.74","19.38","19.84","0.02","2.85","0.5","0.38","0.01","0"
"held_fire.ms_per_cumulative_shot","418","-0.696","-0.097",,,"0",,,,,,,,,,,,,,,,,,,,,,,,,,
"held_fire.ms_per_live_mesh_particle","418","12.6628","0.653",,,"0",,,,,,,,,,,,,,,,,,,,,,,,,,
"idle.steady","700","6.06","6.9","0","0","2820","0.02","0","0","0.09","0","4.25","0","0.02","0.01","0.02","1.65","0","0","0","0","0","0","3.44","0","0","0","2.35","0.02","0.23","0.02","0"
"burst.firing","11","321.04","785.7","193","15","2147","0","8.52","0.15","242.53","51.44","11.36","0.15","2.99","0","0.6","3.29","0","0","0","8.52","0.3","0","54.28","121.72","120.07","0.15","11.51","2.99","1.5","0","0"
"burst.after_0_1s","106","9.39","14.2","116","14","652","0.03","2.61","0.03","0.14","0","4.53","0.03","0.17","0","0.13","1.71","0","0","0","2.48","0.04","0","3.81","0","0","0","2.62","0.17","0.23","0.03","0"
"burst.after_1_3s","327","6.12","7.1","12","1","1329","0.02","0.01","0","0.14","0","4.31","0","0.03","0","0.04","1.56","0","0","0","0","0","0","3.47","0","0","0","2.34","0.03","0.25","0.02","0"
"burst.settled","454","6.05","6.8","0","1","1826","0.02","0","0","0.09","0","4.24","0","0.03","0.01","0.01","1.65","0","0","0","0","0","0","3.46","0","0","0.01","2.28","0.03","0.25","0.02","0"
"fineaim.steady","683","5.48","6.4","0","0","2491","0.02","0","0","0.08","0","4.19","0","0.01","0","0.03","1.14","0","0","0","0","0","0","3.42","0","0","0","1.79","0.01","0.23","0.02","0"
"walk.steady","654","5.12","6.5","0","0","2224","0.02","0.12","0","0.09","0","4.12","0","0.02","0","0.01","0.72","0","0","0","0","0","0","3.37","0","0","0","1.46","0.02","0.24","0.02","0"
