"id","family","metric","baseline","lane","merged","class"
"playtest.glass.IAC_Decagon_GlassPan2_0.above","glass","above","0.12","0.12","0.12","unchanged"
"playtest.glass.IAC_Decagon_GlassPan2_0.aboveclose","glass","aboveclose","0.24","0.24","0.24","unchanged"
"playtest.glass.IAC_Decagon_GlassPan2_0.below","glass","below","0","0","0","unchanged"
"playtest.glass.IAC_Decagon_GlassPan2_0.grazing","glass","grazing","0.28","0.28","0.28","unchanged"
"playtest.glass.IAC_Decagon_GlassPan2_1.above","glass","above","0","0","0","unchanged"
"playtest.glass.IAC_Decagon_GlassPan2_1.aboveclose","glass","aboveclose","0","0","0","unchanged"
"playtest.glass.IAC_Decagon_GlassPan2_1.below","glass","below","0.23","0.23","0.23","unchanged"
"playtest.glass.IAC_Decagon_GlassPan2_1.grazing","glass","grazing","0","0","0","unchanged"
"playtest.glass.IAC_Glass_0.above","glass","above","0.27","0.27","0.27","unchanged"
"playtest.glass.IAC_Glass_0.aboveclose","glass","aboveclose","0","0","0","unchanged"
"playtest.glass.IAC_Glass_0.below","glass","below","0.74","0.74","0.74","unchanged"
"playtest.glass.IAC_Glass_0.grazing","glass","grazing","0.45","0.45","0.45","unchanged"
"playtest.glass.IAC_Glass_1.above","glass","above","0","0","0","unchanged"
"playtest.glass.IAC_Glass_1.aboveclose","glass","aboveclose","0","0","0","unchanged"
"playtest.glass.IAC_Glass_1.below","glass","below","0.71","0.71","0.71","unchanged"
"playtest.glass.IAC_Glass_1.grazing","glass","grazing","0","0","0","unchanged"
"playtest.glass.IAC_Glass2_dense_Dark_0.above","glass","above","0.77","0.77","0.77","unchanged"
"playtest.glass.IAC_Glass2_dense_Dark_0.aboveclose","glass","aboveclose","0.75","0.75","0.75","unchanged"
"playtest.glass.IAC_Glass2_dense_Dark_0.below","glass","below","0.43","0.43","0.43","unchanged"
"playtest.glass.IAC_Glass2_dense_Dark_0.grazing","glass","grazing","0.61","0.61","0.61","unchanged"
"playtest.glass.IAC_Glass2_dense_Dark_1.above","glass","above","0.47","0.47","0.47","unchanged"
"playtest.glass.IAC_Glass2_dense_Dark_1.aboveclose","glass","aboveclose","0.35","0.35","0.35","unchanged"
"playtest.glass.IAC_Glass2_dense_Dark_1.below","glass","below","0.31","0.31","0.31","unchanged"
"playtest.glass.IAC_Glass2_dense_Dark_1.grazing","glass","grazing","0.48","0.48","0.48","unchanged"
"playtest.glass.IAC_Glass2_light_0.above","glass","above","0","0","0","unchanged"
"playtest.glass.IAC_Glass2_light_0.aboveclose","glass","aboveclose","0","0","0","unchanged"
"playtest.glass.IAC_Glass2_light_0.below","glass","below","0.59","0.59","0.59","unchanged"
"playtest.glass.IAC_Glass2_light_0.grazing","glass","grazing","0","0","0","unchanged"
"playtest.glass.IAC_Glass2_light_1.above","glass","above","0","0","0","unchanged"
"playtest.glass.IAC_Glass2_light_1.aboveclose","glass","aboveclose","0","0","0","unchanged"
"playtest.glass.IAC_Glass2_light_1.below","glass","below","0.8","0.8","0.8","unchanged"
"playtest.glass.IAC_Glass2_light_1.grazing","glass","grazing","0","0","0","unchanged"
"playtest.particles.HealthPickup_FX.close_change","particles","close_change","1.5345080763583","1.5345080763583","1.5345080763583","unchanged"
"playtest.particles.HealthPickup_FX.distance_series","particles","distance_series","0.00104166666666667","0.00104166666666667","0.00104166666666667","unchanged"
"playtest.particles.HealthPickup_FX.far_veil","particles","far_veil","0.00291666666666667","0.00291666666666667","0.00291666666666667","unchanged"
"playtest.particles.HealthPickup_FX.motion","particles","motion","-1","-1","-1","unchanged"
"playtest.particles.OvershieldPickup_FX.close_change","particles","close_change","2.07587336244542","2.07587336244542","2.07587336244542","unchanged"
"playtest.particles.OvershieldPickup_FX.distance_series","particles","distance_series","0.0136805555555556","0.0136805555555556","0.0136805555555556","unchanged"
"playtest.particles.OvershieldPickup_FX.far_veil","particles","far_veil","0.0136805555555556","0.0136805555555556","0.0136805555555556","unchanged"
"playtest.particles.OvershieldPickup_FX.motion","particles","motion","-1","-1","-1","unchanged"
"playtest.particles.Pickup_FX.distance_series","particles","distance_series","0.0154166666666667","0.0154166666666667","0.0154166666666667","unchanged"
"playtest.particles.Pickup_FX.far_veil","particles","far_veil","0.0154166666666667","0.0154166666666667","0.0154166666666667","unchanged"
"playtest.particles.Pickup_FX.motion","particles","motion","-1","-1","-1","unchanged"
"playtest.particles.Steam_0.close_change","particles","close_change","1.03746397694524","1.03746397694524","1.03746397694524","unchanged"
"playtest.particles.Steam_0.distance_series","particles","distance_series","0.00222222222222222","0.00222222222222222","0.00222222222222222","unchanged"
"playtest.particles.Steam_0.far_veil","particles","far_veil","0.0284027777777778","0.0284027777777778","0.0284027777777778","unchanged"
"playtest.particles.Steam_0.motion","particles","motion","40.7255851080912","40.7256462858565","40.7255851080912","unchanged"
"playtest.particles.Steam_1.close_change","particles","close_change","0.988954498089615","0.988815560958666","0.988954498089615","unchanged"
"playtest.particles.Steam_1.distance_series","particles","distance_series","0.0243055555555556","0.0245138888888889","0.0243055555555556","unchanged"
"playtest.particles.Steam_1.far_veil","particles","far_veil","0.304861111111111","0.305138888888889","0.304861111111111","unchanged"
"playtest.particles.Steam_1.motion","particles","motion","12.5626227575086","12.5626227575086","12.5626227575086","unchanged"
"playtest.particles.Steam_2.close_change","particles","close_change","1.12502971238412","1.12502971238412","1.12502971238412","unchanged"
"playtest.particles.Steam_2.distance_series","particles","distance_series","0.00770833333333333","0.00770833333333333","0.00770833333333333","unchanged"
"playtest.particles.Steam_2.far_veil","particles","far_veil","0.582013888888889","0.582013888888889","0.582013888888889","unchanged"
"playtest.particles.Steam_2.motion","particles","motion","-1","-1","-1","unchanged"
"playtest.particles.Steam_3.close_change","particles","close_change","1.00460475825019","1.00460475825019","1.00460475825019","unchanged"
"playtest.particles.Steam_3.distance_series","particles","distance_series","0.107430555555556","0.107430555555556","0.107430555555556","unchanged"
"playtest.particles.Steam_3.far_veil","particles","far_veil","0.156944444444444","0.156944444444444","0.156944444444444","unchanged"
"playtest.particles.Steam_3.motion","particles","motion","25.9316057534445","25.9316057534445","25.9316057534445","unchanged"
"playtest.particles.Steam_4.close_change","particles","close_change","1.35047475792047","1.35047475792047","1.35047475792047","unchanged"
"playtest.particles.Steam_4.distance_series","particles","distance_series","0.00284722222222222","0.00284722222222222","0.00284722222222222","unchanged"
"playtest.particles.Steam_4.far_veil","particles","far_veil","0.0354166666666667","0.0354166666666667","0.0354166666666667","unchanged"
"playtest.particles.Steam_4.motion","particles","motion","14.6231243217528","14.6231243217528","14.6231243217528","unchanged"
"playtest.particles.Steam_5.close_change","particles","close_change","0.570652930530419","0.570652930530419","0.570652930530419","unchanged"
"playtest.particles.Steam_5.distance_series","particles","distance_series","0","0","0","unchanged"
"playtest.particles.Steam_5.far_veil","particles","far_veil","0.319305555555556","0.319305555555556","0.319305555555556","unchanged"
"playtest.particles.Steam_5.motion","particles","motion","-1","-1","-1","unchanged"
"playtest.particles.Steam_6.close_change","particles","close_change","1.05686848225673","1.05686848225673","1.05686848225673","unchanged"
"playtest.particles.Steam_6.distance_series","particles","distance_series","0.000902777777777778","0.000902777777777778","0.000902777777777778","unchanged"
"playtest.particles.Steam_6.far_veil","particles","far_veil","0.141527777777778","0.141527777777778","0.141527777777778","unchanged"
"playtest.particles.Steam_6.motion","particles","motion","5.39506883621216","5.39506883621216","5.39506883621216","unchanged"
"playtest.particles.Steam_7.close_change","particles","close_change","0.272252236294394","0.272252236294394","0.272252236294394","unchanged"
"playtest.particles.Steam_7.distance_series","particles","distance_series","0.00986111111111111","0.00986111111111111","0.00986111111111111","unchanged"
"playtest.particles.Steam_7.far_veil","particles","far_veil","0.850625","0.850625","0.850625","unchanged"
"playtest.particles.Steam_7.motion","particles","motion","13.662495123266","13.662495123266","13.662495123266","unchanged"
"playtest.ramps.TnReachSpec_1009_down","ramps","TnReachSpec_1009_down","0","0","0","unchanged"
"playtest.ramps.TnReachSpec_1009_side","ramps","TnReachSpec_1009_side","0","0","0","unchanged"
"playtest.ramps.TnReachSpec_1009_up","ramps","TnReachSpec_1009_up","0","0","0","unchanged"
"playtest.ramps.TnReachSpec_7293_down","ramps","TnReachSpec_7293_down","0","0","0","unchanged"
"playtest.ramps.TnReachSpec_7293_side","ramps","TnReachSpec_7293_side","0","0","0","unchanged"
"playtest.ramps.TnReachSpec_7408_down","ramps","TnReachSpec_7408_down","0","0","0","unchanged"
"playtest.ramps.TnReachSpec_7408_side","ramps","TnReachSpec_7408_side","0","0","0","unchanged"
"playtest.ramps.TnReachSpec_7408_up","ramps","TnReachSpec_7408_up","0","0","0","unchanged"
"playtest.ramps.views","ramps","views","18","18","18","unchanged"
"playtest.sheets.BckSillouhetteSmoke_0.close_change","sheets","close_change","1.089258698941","1.089258698941","1.089258698941","unchanged"
"playtest.sheets.BckSillouhetteSmoke_0.distance_series","sheets","distance_series","0.267708333333333","0.267847222222222","0.267708333333333","unchanged"
"playtest.sheets.BckSillouhetteSmoke_0.far_veil","sheets","far_veil","0.653958333333333","0.653958333333333","0.653958333333333","unchanged"
"playtest.sheets.BckSillouhetteSmoke_0.motion","sheets","motion","5.31434797310091","5.44952902324486","5.31434797310091","unchanged"
"playtest.sheets.BckSillouhetteSmoke_1.close_change","sheets","close_change","1.07142857142857","1.07142857142857","1.07142857142857","unchanged"
"playtest.sheets.BckSillouhetteSmoke_1.distance_series","sheets","distance_series","0.563611111111111","0.563611111111111","0.563611111111111","unchanged"
"playtest.sheets.BckSillouhetteSmoke_1.far_veil","sheets","far_veil","0.563611111111111","0.563611111111111","0.563611111111111","unchanged"
"playtest.sheets.BckSillouhetteSmoke_1.motion","sheets","motion","-1","-1","-1","unchanged"
"playtest.sheets.BckSillouhetteSmoke_2.close_change","sheets","close_change","1","1","1","unchanged"
"playtest.sheets.BckSillouhetteSmoke_2.distance_series","sheets","distance_series","0.999375","0.999375","0.999375","unchanged"
"playtest.sheets.BckSillouhetteSmoke_2.far_veil","sheets","far_veil","1","1","1","unchanged"
"playtest.sheets.BckSillouhetteSmoke_2.motion","sheets","motion","-1","-1","-1","unchanged"
"playtest.sheets.FogBlue_0.close_change","sheets","close_change","1.00208261020479","1.00208261020479","1.00208261020479","unchanged"
"playtest.sheets.FogBlue_0.distance_series","sheets","distance_series","0.0502777777777778","0.0502777777777778","0.0502777777777778","unchanged"
"playtest.sheets.FogBlue_0.far_veil","sheets","far_veil","0.135347222222222","0.135347222222222","0.135347222222222","unchanged"
"playtest.sheets.FogBlue_0.motion","sheets","motion","2.69945385386643E-05","2.69945385386643E-05","2.69945385386643E-05","unchanged"
"playtest.sheets.FogBlue_1.close_change","sheets","close_change","0.545423262216105","0.545423262216105","0.545423262216105","unchanged"
"playtest.sheets.FogBlue_1.distance_series","sheets","distance_series","0.059375","0.059375","0.059375","unchanged"
"playtest.sheets.FogBlue_1.far_veil","sheets","far_veil","0.300694444444444","0.300694444444444","0.300694444444444","unchanged"
"playtest.sheets.FogBlue_1.motion","sheets","motion","-1","-1","-1","unchanged"
"playtest.sheets.FogBlue_2.close_change","sheets","close_change","0.172888888888889","0.172888888888889","0.172888888888889","unchanged"
"playtest.sheets.FogBlue_2.distance_series","sheets","distance_series","0.02125","0.02125","0.02125","unchanged"
"playtest.sheets.FogBlue_2.far_veil","sheets","far_veil","0.121458333333333","0.121458333333333","0.121458333333333","unchanged"
"playtest.sheets.FogBlue_2.motion","sheets","motion","0.136575422861968","0.136575422861968","0.136575422861968","unchanged"
"playtest.sheets.FogPurple_0.close_change","sheets","close_change","0.456848030018762","0.456848030018762","0.456848030018762","unchanged"
"playtest.sheets.FogPurple_0.distance_series","sheets","distance_series","0.0659722222222222","0.0659722222222222","0.0659722222222222","unchanged"
"playtest.sheets.FogPurple_0.far_veil","sheets","far_veil","0.138055555555556","0.138055555555556","0.138055555555556","unchanged"
"playtest.sheets.FogPurple_0.motion","sheets","motion","0.00476034549104065","0.00476034549104065","0.00476034549104065","unchanged"
"playtest.sheets.FogPurple_1.close_change","sheets","close_change","0.071870170015456","0.071870170015456","0.071870170015456","unchanged"
"playtest.sheets.FogPurple_1.distance_series","sheets","distance_series","0.176944444444444","0.176944444444444","0.176944444444444","unchanged"
"playtest.sheets.FogPurple_1.far_veil","sheets","far_veil","0.176944444444444","0.176944444444444","0.176944444444444","unchanged"
"playtest.sheets.FogPurple_1.motion","sheets","motion","-1","-1","-1","unchanged"
"playtest.sheets.FogPurple_2.distance_series","sheets","distance_series","0.184861111111111","0.184861111111111","0.184861111111111","unchanged"
"playtest.sheets.FogPurple_2.far_veil","sheets","far_veil","0.184861111111111","0.184861111111111","0.184861111111111","unchanged"
"playtest.sheets.FogPurple_2.motion","sheets","motion","-1","-1","-1","unchanged"
"playtest.sheets.FogRED_0.close_change","sheets","close_change","0.941868758915835","0.941868758915835","0.941868758915835","unchanged"
"playtest.sheets.FogRED_0.distance_series","sheets","distance_series","0.111875","0.111875","0.111875","unchanged"
"playtest.sheets.FogRED_0.far_veil","sheets","far_veil","0.224583333333333","0.224583333333333","0.224583333333333","unchanged"
"playtest.sheets.FogRED_0.motion","sheets","motion","0.0117012561768216","0.0117012561768216","0.012227586791036","unchanged"
"playtest.sheets.FogRED_1.close_change","sheets","close_change","0.198399326032013","0.198399326032013","0.198399326032013","unchanged"
"playtest.sheets.FogRED_1.distance_series","sheets","distance_series","0.11875","0.11875","0.11875","unchanged"
"playtest.sheets.FogRED_1.far_veil","sheets","far_veil","0.209791666666667","0.209791666666667","0.209791666666667","unchanged"
"playtest.sheets.FogRED_1.motion","sheets","motion","0.0956213311736668","0.0956213311736668","0.0956213311736668","unchanged"
"playtest.sheets.FogRED_2.close_change","sheets","close_change","1.11253196930946","1.11253196930946","1.11253196930946","unchanged"
"playtest.sheets.FogRED_2.distance_series","sheets","distance_series","0.0965277777777778","0.0965277777777778","0.0965277777777778","unchanged"
"playtest.sheets.FogRED_2.far_veil","sheets","far_veil","0.0965277777777778","0.0965277777777778","0.0965277777777778","unchanged"
"playtest.sheets.FogRED_2.motion","sheets","motion","-1","-1","-1","unchanged"
