"chassis","iconic","active","robot","vehicle","status"
"Car","Bumblebee","Car","Truck,Car","Truck,Car","PASS"
"Jet","Starscream","Jet","Truck,Jet","Truck,Jet","PASS"
"Tank","Megatron","Tank","Truck,Tank","Truck,Tank","PASS"
"Truck","Optimus Prime","Truck","Truck","Truck","PASS"
"Truck7","Optimus","Truck7","Truck,Truck7","Truck,Truck7","PASS"
"Car2","Sideswipe","Car2","Truck,Car2","Truck,Car2","PASS"
"Car3","Breakdown","Car3","Truck,Car3","Truck,Car3","PASS"
"Car4","Barricade","Car4","Truck,Car4","Truck,Car4","PASS"
"Car5","Arcee","Car5","Truck,Car5","Truck,Car5","PASS"
"Car6","Jazz","Car6","Truck,Car6","Truck,Car6","PASS"
"Car7","Deadend","Car7","Truck,Car7","Truck,Car7","PASS"
"Car8","DecepticonCarSoldier","Car8","Truck,Car8","Truck,Car8","PASS"
"Car9","AutobotCarSoldier","Car9","Truck,Car9","Truck,Car9","PASS"
"Car10","NeutralCarSoldier","Car10","Truck,Car10","Truck,Car10","PASS"
"Jet2","Thundercracker","Jet2","Truck,Jet2","Truck,Jet2","PASS"
"Jet3","Skywarp","Jet3","Truck,Jet3","Truck,Jet3","PASS"
"Jet4","AirRaid","Jet4","Truck,Jet4","Truck,Jet4","PASS"
"Jet5","Jetfire","Jet5","Truck,Jet5","Truck,Jet5","PASS"
"Jet6","SilverBolt","Jet6","Truck,Jet6","Truck,Jet6","PASS"
"Jet7","Shockwave","Jet7","Truck,Jet7","Truck,Jet7","PASS"
"Jet8","Slipstream","Jet8","Truck,Jet8","Truck,Jet8","PASS"
"Tank2","Brawl","Tank2","Truck,Tank2","Truck,Tank2","PASS"
"Tank3","Warpath","Tank3","Truck,Tank3","Truck,Tank3","PASS"
"Tank4","Scattershot","Tank4","Truck,Tank4","Truck,Tank4","PASS"
"Tank5","Demolishor","Tank5","Truck,Tank5","Truck,Tank5","PASS"
"Truck2","Ratchet","Truck2","Truck,Truck2","Truck,Truck2","PASS"
"Truck3","Ironhide","Truck3","Truck,Truck3","Truck,Truck3","PASS"
"Truck4","Soundwave","Truck4","Truck,Truck4","Truck,Truck4","PASS"
"Truck5","Zeta Prime","Truck5","Truck,Truck5","Truck,Truck5","PASS"
"Truck6","Onslaught","Truck6","Truck,Truck6","Truck,Truck6","PASS"
"Minion1","Frenzy","Minion1","Truck,Minion1","Truck,Minion1","PASS"
"Minion2","Rumble","Minion2","Truck,Minion2","Truck,Minion2","PASS"
"Minion3","Laserbeak","Minion3","Truck,Minion3","Truck,Minion3","PASS"
