"run","frames","zones","start_active","max_active","mixer_voices_max","dropped","stolen","live_first_third","live_last_third","one_shots","duplicate_launches","pickup_sounds","pickup_repeats"
"idle_0","2400","ENTER_DEC_ROOM_LOWER","50","50","-1","0","0","64","64.7","6","0","0","0"
"idle_3","2400","ENTER_EXTERIOR","50","50","-1","0","0","64.4","64.8","14","0","0","0"
"idle_8","2400","ENTER_NEU_BASE","50","50","-1","0","0","64","64.2","5","0","0","0"
"idle_11","2400","ENTER_AUTO_ROOM_02","50","50","-1","0","0","64.2","64.6","5","0","0","0"
"idle_12","2400","ENTER_DEC_ROOM_UPPER","50","50","-1","0","0","64","64.7","6","0","0","0"
"idle_21","2400","ENTER_TRAIN_TUNNEL","50","50","-1","0","0","64.1","64.1","6","0","0","0"
"idle_23","2400","ENTER_NEU_HALL","50","50","-1","0","0","64.1","64.6","6","0","0","0"
"walk_0","3600","ENTER_DEC_ROOM_LOWER","50","50","-1","0","0","65.5","65.4","8","0","0","0"
"walk_3","3600","ENTER_EXTERIOR","50","50","-1","0","0","65.8","66.1","19","0","0","0"
"walk_8","3600","ENTER_NEU_BASE","50","50","-1","0","0","65.2","66.7","8","0","0","0"
"walk_11","3600","ENTER_AUTO_ROOM_02","50","50","-1","0","0","65.4","65.3","10","0","0","0"
"walk_12","3600","ENTER_DEC_ROOM_UPPER","50","50","-1","0","0","64.1","64.4","8","0","0","0"
"walk_21","3600","ENTER_TRAIN_TUNNEL","50","50","-1","0","0","64","65.3","8","0","0","0"
"walk_23","3600","ENTER_NEU_HALL>ENTER_NEU_STAIRWELL>ENTER_NEU_HALL>ENTER_NEU_STAIRWELL>ENTER_NEU_HALL>ENTER_NEU_STAIRWELL>ENTER_NEU_HALL","50","50","-1","0","0","64.4","65.9","9","0","3","0"
"drive_6","3600","ENTER_EXTERIOR>ENTER_AUTO_ROOM_01>ENTER_EXTERIOR>ENTER_AUTO_ROOM_02","50","50","-1","0","0","71.3","71.4","12","0","0","0"
"drive_18","3600","ENTER_DEC_ROOM_UPPER>ENTER_EXTERIOR>ENTER_AUTO_ROOM_01","50","50","-1","0","0","73","72.4","18","0","3","0"
