"index","start","match_m","authored_zone","product_zone","preset","ok"
"0","TnFreeForAllPlayerStart_11647","0.04","ENTER_DEC_ROOM_LOWER","ENTER_DEC_ROOM_LOWER","REVERB_TRANS_MP_STREETS_DEC_ROOM_LOWER","True"
"1","TnFreeForAllPlayerStart_11679","0.03","ENTER_DEC_ROOM_LOWER","ENTER_DEC_ROOM_LOWER","REVERB_TRANS_MP_STREETS_DEC_ROOM_LOWER","True"
"2","TnFreeForAllPlayerStart_12027","0.04","NONE","NONE","","True"
"3","TnFreeForAllPlayerStart_12061","0.04","ENTER_EXTERIOR","ENTER_EXTERIOR","REVERB_TRANS_MP_STREETS_EXTERIOR","True"
"4","TnFreeForAllPlayerStart_1274","0.02","ENTER_AUTO_ROOM_01","ENTER_AUTO_ROOM_01","REVERB_TRANS_MP_STREETS_AUTO_ROOM_01","True"
"5","TnFreeForAllPlayerStart_14169","0.04","NONE","NONE","","True"
"6","TnFreeForAllPlayerStart_15146","0.04","ENTER_EXTERIOR","ENTER_EXTERIOR","REVERB_TRANS_MP_STREETS_EXTERIOR","True"
"7","TnFreeForAllPlayerStart_15650","0.04","ENTER_EXTERIOR","ENTER_EXTERIOR","REVERB_TRANS_MP_STREETS_EXTERIOR","True"
"8","TnFreeForAllPlayerStart_16336","0.04","ENTER_NEU_BASE","ENTER_NEU_BASE","REVERB_TRANS_MP_STREETS_NEU_BASE","True"
"9","TnFreeForAllPlayerStart_2833","0.02","ENTER_AUTO_ROOM_01","ENTER_AUTO_ROOM_01","REVERB_TRANS_MP_STREETS_AUTO_ROOM_01","True"
"10","TnFreeForAllPlayerStart_3878","0.02","ENTER_AUTO_ROOM_01","ENTER_AUTO_ROOM_01","REVERB_TRANS_MP_STREETS_AUTO_ROOM_01","True"
"11","TnFreeForAllPlayerStart_395","0.04","ENTER_AUTO_ROOM_02","ENTER_AUTO_ROOM_02","REVERB_TRANS_MP_STREETS_AUTO_ROOM_02","True"
"12","TnFreeForAllPlayerStart_4010","0.04","ENTER_DEC_ROOM_UPPER","ENTER_DEC_ROOM_UPPER","REVERB_TRANS_MP_STREETS_DEC_ROOM_UPPER","True"
"13","TnFreeForAllPlayerStart_4465","0.02","ENTER_DEC_ROOM_UPPER","ENTER_DEC_ROOM_UPPER","REVERB_TRANS_MP_STREETS_DEC_ROOM_UPPER","True"
"14","TnFreeForAllPlayerStart_5600","0.02","ENTER_EXTERIOR","ENTER_EXTERIOR","REVERB_TRANS_MP_STREETS_EXTERIOR","True"
"15","TnFreeForAllPlayerStart_7473","0.04","ENTER_AUTO_ROOM_02","ENTER_AUTO_ROOM_02","REVERB_TRANS_MP_STREETS_AUTO_ROOM_02","True"
"16","TnFreeForAllPlayerStart_7703","0.04","ENTER_DEC_ROOM_UPPER","ENTER_DEC_ROOM_UPPER","REVERB_TRANS_MP_STREETS_DEC_ROOM_UPPER","True"
"17","TnFreeForAllPlayerStart_7848","0.04","ENTER_NEU_BASE","ENTER_NEU_BASE","REVERB_TRANS_MP_STREETS_NEU_BASE","True"
"18","TnFreeForAllPlayerStart_8218","0.04","ENTER_DEC_ROOM_UPPER","ENTER_DEC_ROOM_UPPER","REVERB_TRANS_MP_STREETS_DEC_ROOM_UPPER","True"
"19","TnFreeForAllPlayerStart_8434","0.05","NONE","NONE","","True"
"20","TnFreeForAllPlayerStart_8798","0.04","ENTER_DEC_ROOM_LOWER","ENTER_DEC_ROOM_LOWER","REVERB_TRANS_MP_STREETS_DEC_ROOM_LOWER","True"
"21","TnFreeForAllPlayerStart_8802","0.06","ENTER_TRAIN_TUNNEL","ENTER_TRAIN_TUNNEL","REVERB_TRANS_MP_STREETS_TRAIN_TUNNEL","True"
"22","TnFreeForAllPlayerStart_9414","0.03","ENTER_NEU_BASE","ENTER_NEU_BASE","REVERB_TRANS_MP_STREETS_NEU_BASE","True"
"23","TnFreeForAllPlayerStart_9456","0.02","ENTER_NEU_HALL","ENTER_NEU_HALL","REVERB_TRANS_MP_STREETS_NEU_HALL","True"
