"capture","kind","camera","coverage","coverage_shown","motion","mask_cells","mean_luma","black","flat","note"
"mover_domes","mover","120.270,-695.800,-502.890,3.1416,-0.2450","0.1962","-1","0","2826","22","0.064","0.307","3 PHYS_Rotating DecoSphereHalf01 domes, RotationRate Yaw 2730 (15 deg/s)"
"mover_skybeam_deco","mover","79.719,-663.673,-414.935,-1.0472,-0.2450","0.9877","-1","0","14223","4","0.999","0","SkyBeam Matinee SeqAct_Interp_3464 (looping 9 s): StaticInterpActor_5249 DecoSphereHalf01"
"mover_skybeam_cone","mover","-137.609,-648.683,-269.605,0.0000,-0.2450","0.1183","-1","0.494","1704","55.1","0","0.751","SkyBeam Matinee: StaticInterpActor_10471 LightBeam_Cone"
"objective_base_1","objective","309.608,-721.160,-404.080,-2.0944,-0.2450","0.0025","0.0215","4.186","36","61.5","0.028","0.089","InterpActor_3855 PROP_NEU_Pickups_p.ObjBases.Base_D authored bHidden (unhidden only in CTF/EXT)"
"objective_base_2","objective","114.728,-713.460,-555.920,-1.0472,-0.2450","0","0.0165","0","0","23.5","0.018","0.11","InterpActor_6165 PROP_NEU_Pickups_p.ObjBases.Base_A authored bHidden (unhidden only in CTF/EXT)"
"domination_totem","totem","145.280,-713.800,-407.840,0.0000,-0.2450","0","-1","0","0","35.4","0.286","0.114","TnDominationPoint_15247 energon totem (animated SkeletalMesh)"
"fx_steam","fx","156.740,-721.610,-459.190,0.0000,-0.2450","-1","-1","12.752","0","40.8","0.075","0.125","Emitter_12994 FX_Level_Generic_p.FX.Steam_Sm_FX"
"destructible","destructible","8.960,-0.520,911.680,0.0000,-0.2450","0","-1","0","0","60.9","0","0.348","TnStaticDestructibleActor_14465 WallPanelSign (authored outside the play space)"
"zone_trigger","zone","91.520,-665.290,-363.400,0.0000,-0.2450","-1","-1","0","0","50.5","0.005","0.39","ENTER_NEU_BASE (TriggerVolume_9729)"
"exterior_overview","overview","230.000,-645.000,-330.000,0.0000,-0.5281","-1","-1","0","0","9.8","0.381","0.325","play-space centre from above"
"spawn_interior#0","space","player","","","","","18","0.147","0.146","FFA start 0 (zone ENTER_DEC_ROOM_LOWER)"
"spawn_interior#1","space","player","","","","","19","0.089","0.144","FFA start 0 (zone ENTER_DEC_ROOM_LOWER)"
"spawn_dark#0","space","player","","","","","18.1","0.055","0.363","darkest probed FFA start (vehicle-visual)"
"spawn_dark#1","space","player","","","","","18.8","0.035","0.345","darkest probed FFA start (vehicle-visual)"
"spawn_bright#0","space","player","","","","","32.6","0.014","0.169","brightest probed FFA start / open run"
"spawn_bright#1","space","player","","","","","35.8","0.014","0.147","brightest probed FFA start / open run"
"spawn_9#0","space","player","","","","","16.9","0.071","0.172","FFA start 9"
"spawn_9#1","space","player","","","","","16.9","0.071","0.171","FFA start 9"
"spawn_14#0","space","player","","","","","45.7","0.006","0.173","FFA start 14"
"spawn_14#1","space","player","","","","","45.8","0.006","0.173","FFA start 14"
"vehicle_route#0","space","player","","","","","25.1","0.007","0.333","boost route from start 18, frame every 1 s"
"vehicle_route#1","space","player","","","","","8.6","0.652","0.113","boost route from start 18, frame every 1 s"
"vehicle_route#2","space","player","","","","","20.4","0.457","0.064","boost route from start 18, frame every 1 s"
"vehicle_route#3","space","player","","","","","27.6","0.195","0.137","boost route from start 18, frame every 1 s"
"vehicle_route#4","space","player","","","","","22.4","0.231","0.175","boost route from start 18, frame every 1 s"
"vehicle_route#5","space","player","","","","","17.9","0.25","0.157","boost route from start 18, frame every 1 s"
"vehicle_route#6","space","player","","","","","21.6","0.436","0.118","boost route from start 18, frame every 1 s"
"vehicle_route#7","space","player","","","","","5.8","0.733","0.198","boost route from start 18, frame every 1 s"
"vehicle_route#8","space","player","","","","","5.9","0.851","0.047","boost route from start 18, frame every 1 s"
"vehicle_route#9","space","player","","","","","10.6","0.786","0.049","boost route from start 18, frame every 1 s"
