"match","map","gl_live_textures","loaded_mb","unloaded_mb","pcm_loaded","pcm_unloaded","textures_released","mode"
"1","MP_IAC_Streets","70","4751.801","4601.23","179.183","39.703","125","TDM"
"2","MP_ORB_Debris","73","5649.418","5069.434","185.442","41.905","134","TDM"
"3","MP_KON_Molten","76","5615.133","5551.469","184.763","41.905","114","TDM"
"4","MP_IAC_Streets","78","5635.094","5463.746","184.599","36.489","125","TDM"
"5","MP_ORB_Debris","80","5966.566","5779.086","182.228","39.703","134","TDM"
"6","MP_KON_Molten","83","5801.953","5645.492","182.562","41.905","114","TDM"
"7","MP_IAC_Streets","85","5773.836","5597.277","184.599","41.656","125","TDM"
"8","MP_ORB_Debris","87","6031","5721.129","187.395","41.656","134","TDM"
"9","MP_KON_Molten","89","5859.605","5763.66","184.514","41.656","114","TDM"
"10","MP_IAC_Streets","91","5763.797","5636.926","184.349","41.905","125","TDM"
"11","MP_ORB_Debris","93","6267.074","5905.543","187.644","36.489","134","TDM"
"12","MP_KON_Molten","97","6018.703","5875.098","179.347","41.905","114","TDM"
