"mode","match","init_mode","score_limit","time_limit","in_game","kills","score_lines","last_score","end_reason","winner","end_t","results","saved","lobby"
"TDM","1","TDM","10","900","True","19","19","team=0 score=10","Score","0","141","True","True","True"
"TDM","2","TDM","10","900","True","15","15","team=0 score=10","Score","0","109","True","True","True"
"DM","1","DM","10","900","True","36","36","team=-1 player=3 score=10","Score","-1","89","True","True","True"
"DM","2","DM","10","900","True","41","41","team=-1 player=6 score=10","Score","-1","89","True","True","True"
"DOM","1","DOM","40","900","True","9","80","team=1 score=40 reason=node","Score","1","133","True","True","True"
"DOM","2","DOM","40","900","True","6","71","team=1 score=40 reason=node","Score","1","129","True","True","True"
"KOTH","1","KOTH","40","900","True","9","49","team=1 score=40 reason=objective player=5","Score","1","97","True","True","True"
"KOTH","2","KOTH","40","900","True","2","54","team=0 score=40 reason=objective player=1","Score","0","55","True","True","True"
"CTF","1","CTF","1000000","60","True","8","10","team=1 score=1 reason=objective player=5","Score","-1","135","True","True","True"
"CTF","2","CTF","1000000","60","True","12","13","team=0 score=1","Score","0","135","True","True","True"
"EXT","1","EXT","1","180","True","8","9","team=1 score=1 reason=objective player=7","Score","1","58","True","True","True"
"EXT","2","EXT","1","180","True","3","4","team=1 score=1 reason=objective player=5","Score","1","55","True","True","True"
