"set","frame","mean_abs_diff","pct_over","flagged","ref_luma","ref_flat_pct"
"fixed","m00300","0.51","0.035","False","52","41.6"
"fixed","m00330","0.523","0.055","False","52.1","41.5"
"fixed","m00360","0.522","0.054","False","52.2","41.5"
"fixed","m00390","0.522","0.054","False","52.2","41.4"
"fixed","m00420","0.521","0.055","False","52.2","41.4"
"fixed","m00450","0.522","0.055","False","52.2","41.4"
"fixed","m00480","0.522","0.054","False","52.1","41.4"
"fixed","m00510","0.522","0.054","False","52.1","41.4"
"fixed","m00540","0.522","0.054","False","51.9","41.4"
"fixed","m00570","0.523","0.054","False","51.8","41.4"
"fixed","m00600","0.524","0.054","False","51.7","41.4"
"fixed","m00630","0.525","0.053","False","51.6","41.4"
"fixed","m00660","0.524","0.053","False","51.6","41.4"
"fixed","m00690","0.522","0.05","False","51.5","41.4"
"fixed","m00720","0.52","0.049","False","51.6","41.4"
"fixed","m00750","0.518","0.047","False","51.6","41.4"
"fixed","m00780","0.513","0.04","False","51.7","41.4"
"fixed","m00810","0.524","0.053","False","51.9","41.4"
"fixed","m00840","0.523","0.053","False","52","41.4"
"fixed","m00870","0.522","0.053","False","52.2","41.4"
"fixed","m00900","0.522","0.053","False","52.4","41.4"
