"t","private_mb","ws_mb","handles","threads","flow_lines"
"1","154.9","59.3","417","12","20"
"2","154.9","60.6","417","12","20"
"3","154.9","62.3","419","12","38"
"4","154.9","62.3","417","12","38"
"5","154.9","62.4","419","12","59"
"6","155.2","62.4","420","13","59"
"7","155.2","62.4","418","13","65"
"8.1","155.2","62.4","418","13","66"
"9.1","155.2","62.4","418","13","67"
"10.1","155.2","62.4","418","13","68"
"11.1","155.2","62.4","420","13","69"
"12.1","155.2","62.4","418","13","70"
"13.1","155.2","62.4","418","13","71"
"14.1","155.2","62.4","418","13","72"
"15.1","155.2","62.4","420","13","73"
"16.1","155.2","62.4","418","13","74"
"17.2","1007.2","396.4","455","42","84"
"18.2","1705.4","877.6","454","42","84"
"19.2","2482","775.3","460","42","84"
"20.2","2999.5","682.9","463","42","84"
"21.2","3112.8","568.9","468","42","97"
"22.2","3010.8","569.3","468","42","97"
"23.2","3010.8","569.3","468","42","97"
"24.2","3010.8","569.4","468","42","97"
"25.2","2755.2","569.5","468","42","97"
"26.2","2755.6","569.5","468","42","97"
"27.2","2755.6","569.6","468","42","102"
"28.2","2755.6","569.7","468","42","102"
"29.3","2506.4","322.4","468","42","128"
"30.3","2507.8","322.5","469","44","128"
"31.3","2507.8","322.5","471","44","132"
"32.3","2507.8","322.5","471","44","132"
"33.3","2507.8","322.5","469","44","150"
"34.3","2507.8","322.5","469","44","150"
"35.3","2507.8","322.5","469","44","171"
"36.3","2507.8","322.5","469","44","171"
"37.3","2507.8","322.5","469","44","177"
"38.3","2402.7","247.1","469","16","178"
"39.3","2402.7","247.1","469","16","179"
"40.4","2402.7","247.1","469","16","180"
"41.4","2402.7","247.1","471","16","181"
"42.4","2402.7","247.1","469","16","182"
"43.4","2402.7","247.1","469","16","183"
"44.4","2402.7","247.1","469","16","184"
"45.4","2402.7","247.1","469","16","185"
"46.4","2402.7","247.1","469","16","186"
"47.4","2942.5","374.7","470","16","196"
"48.4","4180.1","645.4","474","16","196"
"49.5","4583.3","569.7","476","16","209"
"50.5","4620","567.5","475","16","209"
"51.5","4520.9","567.5","476","16","209"
"52.5","4520.9","567.5","476","16","209"
"53.5","4370.7","567.5","476","16","209"
"54.5","4272.4","567.5","476","16","209"
"55.5","4272.4","567.5","476","16","214"
"56.5","4272.4","567.6","476","16","214"
"57.5","4033.9","324.6","476","16","240"
"58.5","4033.9","324.6","476","16","240"
"59.5","4033.9","324.6","476","16","244"
"60.5","4033.8","324.4","476","13","244"
"61.5","4033.8","324.4","476","13","262"
"62.6","4033.8","324.4","476","13","262"
"63.6","4033.8","324.4","476","13","283"
"64.6","4033.8","324.4","476","13","283"
"65.6","4033.8","324.4","476","13","289"
"66.6","4033.8","324.4","476","13","290"
"67.6","4033.8","324.4","476","13","291"
"68.6","4033.8","324.4","476","13","292"
"69.6","4033.8","324.4","476","13","293"
"70.6","4033.8","324.4","478","13","294"
"71.6","4033.8","324.4","476","13","295"
"72.7","4033.8","324.4","478","13","296"
"73.7","4033.8","324.4","476","13","297"
"74.7","4033.8","324.4","476","13","298"
"75.7","4300.3","347.6","476","13","308"
"76.7","5042.6","752.3","476","13","308"
"77.7","5896.9","722","481","13","308"
"78.7","6242.9","645.7","482","13","321"
"79.7","6147.3","645.7","482","13","321"
"80.7","6147.3","645.7","482","13","321"
"81.7","6147.3","645.7","482","13","321"
"82.7","5895","645.7","482","13","321"
"83.7","5895","645.7","482","13","321"
"84.7","5895","645.7","482","13","326"
"85.8","5895","645.7","482","13","326"
"86.8","5667.3","414.9","482","13","352"
"87.8","5667.3","414.9","482","14","352"
"88.8","5667.3","414.9","482","14","354"
"89.8","5667.3","414.9","482","14","354"
"90.8","5667.3","414.9","482","14","354"
"91.8","5667.2","414.8","477","13","357"
"92.8","0","0",,"0","357"
