"scenario","windows","median_ms","min_ms","max_ms","baseline","spikes_after_startup","exit","possible_regression"
"idle","6","3.91","3.84","4.25","3.8-4.1","0","0","False"
"movement","6","1.02","0.99","1.96","1-1.5","0","0","False"
"firing","4","4.13","4.11","4.23","4-4.1","0","0","False"
"sustained","49","4.06","3.74","4.31","3.75-4.6","0","0","False"
"fine_aim","6","3.11","3.08","3.22","3.1-4.2","0","0","False"
"transform_r2v","6","3.89","3.65","4.09","0.9-1.7","0","0","True"
"vehicle_idle","6","4.26","4.25","4.34","4.3-4.5","0","0","False"
"hover_move","6","2.41","1.73","3.66","1.2-1.8","0","0","False"
"boost","9","4.19","4","4.3","1.2-1.7","0","0","True"
"nitro","9","4.02","3.82","4.42","1.2-1.8","1","0","True"
"transform_v2r","6","3.74","3.73","4.15","1.1-2.1","0","0","True"
