"frame","shots","visibility_rays","segment_hits","light_envs","skin_calls","dynamic_draws","vertex_builds","mesh_draws","fx_draws","hitscans","instrumented_frame_us"
"1","0","0","0","0","0","0","0","0","0","0",
"2","0","0","3","0","2","2","2","1","1","0","442887.1"
"3","0","17","20","5","2","2","2","1","1","0","448652.6"
"4","0","10","13","2","2","2","2","1","1","0","462801.6"
"5","0","7","10","1","2","2","2","1","1","0","458869.4"
"6","0","29","32","8","2","2","2","1","1","0","471176.1"
"7","0","21","24","5","2","2","2","1","1","0","465349.7"
"8","0","11","14","2","2","2","2","1","1","0","459116.4"
"9","0","13","16","3","2","2","2","1","1","0","455245.5"
"10","0","8","11","1","2","2","2","1","1","0","454265.7"
"11","0","6","9","1","2","2","2","1","1","0","449003.2"
"12","0","8","11","2","2","2","2","1","1","0","451782.5"
"13","0","9","12","3","2","2","2","1","1","0","454848"
"14","0","9","12","2","2","2","2","1","1","0","449746.5"
"15","0","8","11","2","2","2","2","1","1","0","451726.7"
"16","0","8","11","2","2","2","2","1","1","0","445831.3"
"17","0","6","9","1","2","2","2","1","1","0","444994.4"
"18","0","6","9","1","2","2","2","1","1","0","445829.4"
"19","0","6","9","1","2","2","2","1","1","0","447320.8"
"20","0","6","9","1","2","2","2","1","1","0","445023"
"21","0","6","9","1","2","2","2","1","1","0","447971.3"
"22","0","6","9","1","2","2","2","1","1","0","444597.7"
"23","0","5","8","1","2","2","2","1","1","0","442998.1"
"24","0","6","9","1","2","2","2","1","1","0","444493.9"
"25","0","8","11","2","2","2","2","1","1","0","447196.2"
"26","0","6","9","1","2","2","2","1","1","0","441153.9"
"27","0","5","8","1","2","2","2","1","1","0","443385.9"
"28","0","6","9","1","2","2","2","1","1","0","441984.6"
"29","0","5","8","1","2","2","2","1","1","0","444377.7"
"30","0","7","10","1","2","2","2","1","1","0","447265.4"
"31","0","5","8","1","2","2","2","1","1","0","443736.7"
"32","0","6","9","1","2","2","2","1","1","0","442058.8"
"33","0","6","9","1","2","2","2","1","1","0","446013.5"
"34","0","11","14","2","2","2","2","1","1","0","445887.2"
"35","0","6","9","1","2","2","2","1","1","0","447613.2"
"36","0","6","9","1","2","2","2","1","1","0","445783"
"37","0","6","9","1","2","2","2","1","1","0","446458.4"
"38","0","6","9","1","2","2","2","1","1","0","443747.1"
"39","0","6","9","1","2","2","2","1","1","0","445501.4"
"40","0","6","9","1","2","2","2","1","1","0","443861.1"
"41","0","6","9","1","2","2","2","1","1","0","445667.3"
"42","0","6","9","1","2","2","2","1","1","0","439632.3"
"43","0","6","9","1","2","2","2","1","1","0","448537.1"
"44","0","6","9","1","2","2","2","1","1","0","446264.7"
"45","0","5","8","1","2","2","2","1","1","0","437919.8"
"46","0","5","8","1","2","2","2","1","1","0","442008.2"
"47","0","5","8","1","2","2","2","1","1","0","437979.5"
"48","0","4","7","1","2","2","2","1","1","0","435959.1"
"49","0","5","8","1","2","2","2","1","1","0","436962.3"
"50","0","4","7","1","2","2","2","1","1","0","434356"
"51","0","4","7","1","2","2","2","1","1","0","435834.1"
"52","0","4","7","1","2","2","2","1","1","0","430224.3"
"53","0","4","7","1","2","2","2","1","1","0","431823"
"54","0","4","7","1","2","2","2","1","1","0","431323"
"55","0","3","6","1","2","2","2","1","1","0","432193.7"
"56","0","4","7","1","2","2","2","1","1","0","429878.6"
"57","0","3","6","1","2","2","2","1","1","0","430836.1"
"58","0","4","7","1","2","2","2","1","1","0","430276"
"59","0","3","6","1","2","2","2","1","1","0","431404"
"60","0","3","6","1","2","2","2","1","1","0","429873.8"
"61","0","3","6","1","2","2","2","1","1","0","430866.6"
"62","0","2","5","1","2","2","2","1","1","0","426446.3"
"63","0","3","6","1","2","2","2","1","1","0","431323.9"
"64","0","2","5","1","2","2","2","1","1","0","425936.5"
"65","0","2","5","1","2","2","2","1","1","0","427558.6"
"66","0","2","5","1","2","2","2","1","1","0","425852.5"
"67","0","2","5","1","2","2","2","1","1","0","429108.8"
"68","0","2","5","1","2","2","2","1","1","0","426184.9"
"69","0","2","5","1","2","2","2","1","1","0","426738.3"
"70","0","2","5","1","2","2","2","1","1","0","426585.4"
"71","0","2","5","1","2","2","2","1","1","0","429088.8"
"72","0","4","7","2","2","2","2","1","1","0","428413.9"
"73","0","8","11","3","2","2","2","1","1","0","431755.9"
"74","0","2","5","1","2","2","2","1","1","0","428008.2"
"75","0","2","5","1","2","2","2","1","1","0","429310.9"
"76","0","2","5","1","2","2","2","1","1","0","428080.2"
"77","0","2","5","1","2","2","2","1","1","0","429785.7"
"78","0","2","5","1","2","2","2","1","1","0","427677.3"
"79","0","2","5","1","2","2","2","1","1","0","428789.1"
"80","0","2","5","1","2","2","2","1","1","0","427438.6"
"81","0","2","5","1","2","2","2","1","1","0","434050.8"
"82","0","2","5","1","2","2","2","1","1","0","427547.2"
"83","0","2","5","1","2","2","2","1","1","0","429094.8"
"84","0","2","5","1","2","2","2","1","1","0","427040"
"85","0","2","5","1","2","2","2","1","1","0","428975.5"
"86","0","2","5","1","2","2","2","1","1","0","426753.5"
"87","0","2","5","1","2","2","2","1","1","0","429010.6"
"88","0","2","5","1","2","2","2","1","1","0","431786.9"
"89","0","2","5","1","2","2","2","1","1","0","428357"
"90","0","2","5","1","2","2","2","1","1","0","423955.5"
"91","0","2","5","1","2","2","2","1","1","0","422189"
"92","0","2","5","1","2","2","2","1","1","0","422492.1"
"93","0","2","5","1","2","2","2","1","1","0","423307.3"
"94","0","2","5","1","2","2","2","1","1","0","423167.3"
"95","0","2","5","1","2","2","2","1","1","0","422596.4"
"96","0","3","6","1","2","2","2","1","1","0","427349.6"
"97","0","2","5","1","2","2","2","1","1","0","423024.3"
"98","0","3","6","1","2","2","2","1","1","0","425162.1"
"99","0","2","5","1","2","2","2","1","1","0","423349.6"
"100","0","3","6","1","2","2","2","1","1","0","425954.5"
"101","0","2","5","1","2","2","2","1","1","0","422611.1"
"102","0","3","6","1","2","2","2","1","1","0","426072"
"103","0","1","4","1","2","2","2","1","1","0","427311.6"
"104","0","3","6","1","2","2","2","1","1","0","425326.2"
"105","0","1","4","1","2","2","2","1","1","0","424249.7"
"106","0","3","6","1","2","2","2","1","1","0","427732.8"
"107","0","2","5","1","2","2","2","1","1","0","427147.7"
"108","0","3","6","1","2","2","2","1","1","0","427821.4"
"109","0","2","5","1","2","2","2","1","1","0","427956.1"
"110","0","3","6","1","2","2","2","1","1","0","430039.4"
"111","0","2","5","1","2","2","2","1","1","0","431566.5"
"112","0","3","6","1","2","2","2","1","1","0","428948.2"
"113","0","2","5","1","2","2","2","1","1","0","431369.9"
"114","0","2","5","1","2","2","2","1","1","0","431573.5"
"115","0","2","5","1","2","2","2","1","1","0","432504.1"
"116","0","2","5","1","2","2","2","1","1","0","431662.6"
"117","0","2","5","1","2","2","2","1","1","0","431526.8"
"118","0","2","5","1","2","2","2","1","1","0","431154.3"
"119","0","2","5","1","2","2","2","1","1","0","435233.3"
"120","0","2","5","1","2","2","2","1","1","0","432270.5"
"121","0","2","5","1","2","2","2","1","1","0","433108.6"
"122","0","2","5","1","2","2","2","1","1","0","432688.6"
"123","0","2","5","1","2","2","2","1","1","0","433347.4"
"124","0","2","5","1","2","2","2","1","1","0","434583.5"
"125","0","0","3","0","2","2","2","1","1","0","428748.5"
"126","0","0","3","0","2","2","2","1","1","0","428581.2"
"127","0","2","5","1","2","2","2","1","1","0","435173.9"
"128","0","0","3","0","2","2","2","1","1","0","428350.5"
"129","0","0","3","0","2","2","2","1","1","0","429199.9"
"130","0","0","3","0","2","2","2","1","1","0","424471.3"
"131","0","0","3","0","2","2","2","1","1","0","428814"
"132","0","0","3","0","2","2","2","1","1","0","429035.2"
"133","0","0","3","0","2","2","2","1","1","0","425278.5"
"134","0","5","8","1","2","2","2","1","1","0","436073.9"
"135","0","0","3","0","2","2","2","1","1","0","426003.4"
"136","0","2","5","1","2","2","2","1","1","0","431763.1"
"137","0","17","20","3","2","2","2","1","1","0","441010.9"
"138","0","0","3","0","2","2","2","1","1","0","426047.9"
"139","0","0","3","0","2","2","2","1","1","0","426371.7"
"140","0","0","3","0","2","2","2","1","1","0","427958.3"
"141","0","0","3","0","2","2","2","1","1","0","426563.9"
"142","0","0","3","0","2","2","2","1","1","0","425187"
"143","0","0","3","0","2","2","2","1","1","0","425214"
"144","0","0","3","0","2","2","2","1","1","0","426277.9"
"145","0","0","3","0","2","2","2","1","1","0","425354.2"
"146","0","0","3","0","2","2","2","1","1","0","427935.6"
"147","0","0","3","0","2","2","2","1","1","0","426306.2"
"148","0","0","3","0","2","2","2","1","1","0","428181.4"
"149","0","10","13","2","2","2","2","1","1","0","436979.6"
"150","0","2","5","1","2","2","2","1","1","0","434694.8"
"151","0","0","3","0","2","2","2","1","1","0","433591.9"
"152","0","5","8","1","2","2","2","1","1","0","440615.3"
"153","0","4","7","1","2","2","2","1","1","0","433827.1"
"154","0","0","3","0","2","2","2","1","1","0","428820.6"
"155","0","0","3","0","2","2","2","1","1","0","432545.4"
"156","0","0","3","0","2","2","2","1","1","0","428804.8"
"157","0","10","13","2","2","2","2","1","1","0","439538"
"158","0","7","10","3","2","2","2","1","1","0","434376.1"
"159","0","0","3","0","2","2","2","1","1","0","428992.9"
"160","0","7","10","1","2","2","2","1","1","0","435015.2"
"161","0","0","3","0","2","2","2","1","1","0","428847.1"
"162","0","0","3","0","2","2","2","1","1","0","429289.4"
"163","0","0","3","0","2","2","2","1","1","0","429595.8"
"164","0","0","3","0","2","2","2","1","1","0","428747.7"
"165","0","0","3","0","2","2","2","1","1","0","429814.4"
"166","0","0","3","0","2","2","2","1","1","0","427052.9"
"167","0","0","3","0","2","2","2","1","1","0","425945.3"
"168","0","0","3","0","2","2","2","1","1","0","425569.2"
"169","0","0","3","0","2","2","2","1","1","0","426584.9"
"170","0","0","3","0","2","2","2","1","1","0","427750"
"171","0","0","3","0","2","2","2","1","1","0","426952"
"172","0","2","5","1","2","2","2","1","1","0","436843.6"
"173","0","11","14","2","2","2","2","1","1","0","430684.7"
"174","0","0","3","0","2","2","2","1","1","0","426620.9"
"175","0","0","3","0","2","2","2","1","1","0","427751.9"
"176","0","0","3","0","2","2","2","1","1","0","426908.3"
"177","0","0","3","0","2","2","2","1","1","0","426131.5"
"178","0","15","18","2","2","2","2","1","1","0","435332.6"
"179","0","0","3","0","2","2","2","1","1","0","430080.5"
"180","0","2","5","1","2","2","2","1","1","0","431152.3"
"181","0","0","3","0","2","2","2","1","1","0","429058.6"
"182","0","4","7","2","2","2","2","1","1","0","438604.7"
"183","0","0","3","0","2","2","2","1","1","0","428492"
"184","0","4","7","2","2","2","2","1","1","0","438673.5"
"185","0","0","3","0","2","2","2","1","1","0","427402.8"
"186","0","4","7","2","2","2","2","1","1","0","438245.4"
"187","0","3","6","2","2","2","2","1","1","0","432894.4"
"188","0","4","7","2","2","2","2","1","1","0","438032.9"
"189","0","2","5","1","2","2","2","1","1","0","431473.6"
"190","0","2","5","1","2","2","2","1","1","0","434776.5"
"191","0","2","5","1","2","2","2","1","1","0","430522.9"
"192","0","2","5","1","2","2","2","1","1","0","431219.6"
"193","0","2","5","1","2","2","2","1","1","0","431397"
"194","0","2","5","1","2","2","2","1","1","0","428799.3"
"195","0","2","5","1","2","2","2","1","1","0","432626.6"
"196","0","2","5","1","2","2","2","1","1","0","429872"
"197","0","2","5","1","2","2","2","1","1","0","430179.5"
"198","0","2","5","1","2","2","2","1","1","0","431429.2"
"199","0","8","11","2","2","2","2","1","1","0","440805.8"
"200","0","2","5","1","2","2","2","1","1","0","428856"
"201","0","3","6","1","2","2","2","1","1","0","431469.8"
"202","0","2","5","1","2","2","2","1","1","0","432096.7"
"203","0","8","11","2","2","2","2","1","1","0","431101.2"
"204","0","2","5","1","2","2","2","1","1","0","428222.8"
"205","0","4","7","1","2","2","2","1","1","0","427442.7"
"206","0","3","6","1","2","2","2","1","1","0","425381.7"
"207","0","4","7","1","2","2","2","1","1","0","428312.8"
"208","0","3","6","1","2","2","2","1","1","0","425676.8"
"209","0","4","7","1","2","2","2","1","1","0","424917.9"
"210","0","2","5","1","2","2","2","1","1","0","424559.7"
"211","0","4","7","1","2","2","2","1","1","0","426897.2"
"212","0","2","5","1","2","2","2","1","1","0","426024.3"
"213","0","4","7","1","2","2","2","1","1","0","425481.3"
"214","0","2","5","1","2","2","2","1","1","0","426364"
"215","0","14","17","3","2","2","2","1","1","0","441320.7"
"216","0","2","5","1","2","2","2","1","1","0","425917.7"
"217","0","15","18","3","2","2","2","1","1","0","436231.5"
"218","0","2","5","1","2","2","2","1","1","0","426590"
"219","0","3","6","1","2","2","2","1","1","0","428784.8"
"220","0","2","5","1","2","2","2","1","1","0","426290.6"
"221","0","3","6","1","2","2","2","1","1","0","429082.1"
"222","0","2","5","1","2","2","2","1","1","0","426791.7"
"223","0","3","6","1","2","2","2","1","1","0","427931.3"
"224","0","2","5","1","2","2","2","1","1","0","429260.4"
"225","0","3","6","1","2","2","2","1","1","0","431429.5"
"226","0","15","18","3","2","2","2","1","1","0","442099.9"
"227","0","3","6","1","2","2","2","1","1","0","428241"
"228","0","3","6","1","2","2","2","1","1","0","427576.7"
"229","0","0","3","0","2","2","2","1","1","0","425509.7"
"230","0","3","6","1","2","2","2","1","1","0","428953.9"
"231","0","0","3","0","2","2","2","1","1","0","427264.7"
"232","0","0","3","0","2","2","2","1","1","0","427910.9"
"233","0","0","3","0","2","2","2","1","1","0","429998.5"
"234","0","0","3","0","2","2","2","1","1","0","428214.9"
"235","0","0","3","0","2","2","2","1","1","0","427276.5"
"236","0","0","3","0","2","2","2","1","1","0","427552.4"
"237","0","0","3","0","2","2","2","1","1","0","427341.6"
"238","0","2","5","2","2","2","2","1","1","0","431203.1"
"239","0","4","7","1","2","2","2","1","1","0","437074.9"
"240","0","0","3","0","2","2","2","1","1","0","423515.8"
"241","0","0","3","0","2","2","2","1","1","0","426921.6"
"242","0","0","3","0","2","2","2","1","1","0","427619.7"
"243","0","0","3","0","2","2","2","1","1","0","424128.5"
"244","0","0","3","0","2","2","2","1","1","0","423498.7"
"245","0","8","11","3","2","2","2","1","1","0","436329.6"
"246","0","0","3","0","2","2","2","1","1","0","425738.7"
"247","0","4","7","1","2","2","2","1","1","0","432666.8"
"248","0","3","6","1","2","2","2","1","1","0","428651.3"
"249","0","4","7","1","2","2","2","1","1","0","435783.3"
"250","0","7","10","2","2","2","2","1","1","0","436456.6"
"251","0","4","7","1","2","2","2","1","1","0","430952.2"
"252","0","3","6","1","2","2","2","1","1","0","434114.3"
"253","0","4","7","1","2","2","2","1","1","0","430783.7"
"254","0","3","6","1","2","2","2","1","1","0","424582.6"
"255","0","4","7","1","2","2","2","1","1","0","428038.2"
"256","0","3","6","1","2","2","2","1","1","0","425549.8"
"257","0","7","10","2","2","2","2","1","1","0","428051.8"
"258","0","11","14","3","2","2","2","1","1","0","432917.1"
"259","0","6","9","2","2","2","2","1","1","0","430400.5"
"260","0","3","6","1","2","2","2","1","1","0","428561.6"
"261","0","4","7","1","2","2","2","1","1","0","423701"
"262","0","9","12","2","2","2","2","1","1","0","434657.7"
"263","0","9","12","2","2","2","2","1","1","0","437070.2"
"264","0","3","6","1","2","2","2","1","1","0","432913"
"265","0","9","12","2","2","2","2","1","1","0","437712.8"
"266","0","3","6","1","2","2","2","1","1","0","432667.8"
"267","0","4","7","1","2","2","2","1","1","0","436394.4"
"268","0","3","6","1","2","2","2","1","1","0","432156"
"269","0","4","7","1","2","2","2","1","1","0","434956.6"
"270","0","16","19","4","2","2","2","1","1","0","445065.8"
"271","0","11","14","3","2","2","2","1","1","0","441062.8"
"272","0","3","6","1","2","2","2","1","1","0","434705.3"
"273","0","9","12","2","2","2","2","1","1","0","442138.2"
"274","0","3","6","1","2","2","2","1","1","0","436238.3"
"275","0","9","12","2","2","2","2","1","1","0","442596"
"276","0","7","10","2","2","2","2","1","1","0","443829.6"
"277","0","14","17","3","2","2","2","1","1","0","436740.7"
"278","0","3","6","1","2","2","2","1","1","0","434459.2"
"279","0","5","8","1","2","2","2","1","1","0","436693.5"
"280","0","3","6","1","2","2","2","1","1","0","436214"
"281","0","8","11","2","2","2","2","1","1","0","434284.7"
"282","0","3","6","1","2","2","2","1","1","0","432617.4"
"283","0","5","8","1","2","2","2","1","1","0","434274.2"
"284","0","4","7","1","2","2","2","1","1","0","434526.3"
"285","0","5","8","1","2","2","2","1","1","0","435385.1"
"286","0","4","7","1","2","2","2","1","1","0","437020.2"
"287","0","6","9","1","2","2","2","1","1","0","434947.2"
"288","0","10","13","2","2","2","2","1","1","0","446225.9"
"289","0","0","3","0","2","2","2","1","1","0","426390.6"
"290","0","10","13","2","2","2","2","1","1","0","446779.7"
"291","0","0","3","0","2","2","2","1","1","0","425143.2"
"292","0","8","11","2","2","2","2","1","1","0","442633"
"293","0","0","3","0","2","2","2","1","1","0","424470.1"
"294","0","8","11","2","2","2","2","1","1","0","442363.7"
"295","0","0","3","0","2","2","2","1","1","0","426297.6"
"296","0","7","10","2","2","2","2","1","1","0","442182.2"
"297","0","0","3","0","2","2","2","1","1","0","426540.3"
"298","0","8","11","2","2","2","2","1","1","0","444340.8"
"299","0","0","3","0","2","2","2","1","1","0","426595.3"
"300","0","0","0","0","0","0","0","0","0","0",
