step,t,x,y,z,vx,vy,vz,hspeed,yaw_deg,cam_yaw_deg,cam_pitch_deg,grounded,form,transforming,anim,anim_t,ammo,reserve,reloading,spread,shots,weapon_visible,reload_w,aim_w,aim_pitch_n,muzzle_x,muzzle_y,muzzle_z,move_form,progress,weapon_usable,weapon_restored,mesh_off_y,veh_driving,veh_ride,veh_dash,veh_dash_cd,veh_nitro,veh_nitro_cd,fine_aim,fov,cam_x,cam_y,cam_z,cam_focus_x,cam_focus_y,cam_focus_z,cam_fov,drawn_model,pose_delta,bb_min_x,bb_min_y,bb_min_z,bb_max_x,bb_max_y,bb_max_z,far_verts,far_max,partner_far_verts,partner_shown,arm_shown,hand_shrunk,robot_visible,vehicle_visible,com_h,pitch_deg,roll_deg,ang_x,ang_y,ang_z,contacts,spring_mean,rammed_remain
1,0.0167,0.0000,0.0000,0.0000,0.0000,0.0000,0.0000,0.0000,0.000,0.000,0.000,1,ROBOT,0,NAV_Idle,0.0000,50,150,0,0.0800,0,1,0.000,0.111,0.000,1.4338,2.8957,-2.6480,0,1.0000,1,1,0.0000,0,0.0000,0.0000,0.0000,0.0000,0.0000,0,80.00,3.0000,3.6500,6.5000,0.0000,6.0000,0.0000,80.00,0,-1.00000,-1.612,0.039,-1.179,1.321,4.124,1.121,0,0.00,0,0,0,1,1,0,-1.0000,0.000,0.000,0.0000,0.0000,0.0000,0,-1.0000,0.000
2,0.0333,0.0000,0.0000,0.0000,0.0000,0.0000,0.0000,0.0000,0.000,0.000,0.000,1,ROBOT,0,NAV_Idle,0.0167,50,150,0,0.0800,0,1,0.000,0.222,0.000,1.4341,2.8957,-2.6479,0,1.0000,1,1,0.0000,0,0.0000,0.0000,0.0000,0.0000,0.0000,0,80.00,3.0000,3.6500,6.5000,0.0000,6.0000,0.0000,80.00,0,0.00143,-1.612,0.039,-1.179,1.321,4.124,1.121,0,0.00,0,0,0,1,1,0,-1.0000,0.000,0.000,0.0000,0.0000,0.0000,0,-1.0000,0.000
3,0.0500,0.0000,0.0000,0.0000,0.0000,0.0000,0.0000,0.0000,0.000,0.000,0.000,1,ROBOT,0,NAV_Idle,0.0333,50,150,0,0.0800,0,1,0.000,0.333,0.000,1.4343,2.8958,-2.6480,0,1.0000,1,1,0.0000,0,0.0000,0.0000,0.0000,0.0000,0.0000,0,80.00,3.0000,3.6500,6.5000,0.0000,6.0000,0.0000,80.00,0,0.00143,-1.612,0.039,-1.179,1.322,4.124,1.121,0,0.00,0,0,0,1,1,0,-1.0000,0.000,0.000,0.0000,0.0000,0.0000,0,-1.0000,0.000
4,0.0667,0.0000,0.0000,0.0000,0.0000,0.0000,0.0000,0.0000,0.000,0.000,0.000,1,ROBOT,0,NAV_Idle,0.0500,50,150,0,0.0800,0,1,0.000,0.444,0.000,1.4344,2.8960,-2.6480,0,1.0000,1,1,0.0000,0,0.0000,0.0000,0.0000,0.0000,0.0000,0,80.00,3.0000,3.6500,6.5000,0.0000,6.0000,0.0000,80.00,0,0.00157,-1.612,0.039,-1.179,1.322,4.124,1.120,0,0.00,0,0,0,1,1,0,-1.0000,0.000,0.000,0.0000,0.0000,0.0000,0,-1.0000,0.000
5,0.0833,0.0000,0.0000,0.0000,0.0000,0.0000,0.0000,0.0000,0.000,0.000,0.000,1,ROBOT,0,NAV_Idle,0.0667,50,150,0,0.0800,0,1,0.000,0.556,0.000,1.4346,2.8961,-2.6480,0,1.0000,1,1,0.0000,0,0.0000,0.0000,0.0000,0.0000,0.0000,0,80.00,3.0000,3.6500,6.5000,0.0000,6.0000,0.0000,80.00,0,0.00157,-1.613,0.039,-1.179,1.322,4.124,1.119,0,0.00,0,0,0,1,1,0,-1.0000,0.000,0.000,0.0000,0.0000,0.0000,0,-1.0000,0.000
6,0.1000,0.0000,0.0000,0.0000,0.0000,0.0000,0.0000,0.0000,0.000,0.000,0.000,1,ROBOT,0,NAV_Idle,0.0833,50,150,0,0.0800,0,1,0.000,0.667,0.000,1.4347,2.8962,-2.6480,0,1.0000,1,1,0.0000,0,0.0000,0.0000,0.0000,0.0000,0.0000,0,80.00,3.0000,3.6500,6.5000,0.0000,6.0000,0.0000,80.00,0,0.00161,-1.613,0.039,-1.179,1.322,4.124,1.118,0,0.00,0,0,0,1,1,0,-1.0000,0.000,0.000,0.0000,0.0000,0.0000,0,-1.0000,0.000
7,0.1167,0.0000,0.0000,0.0000,0.0000,0.0000,0.0000,0.0000,0.000,0.000,0.000,1,ROBOT,0,NAV_Idle,0.1000,50,150,0,0.0800,0,1,0.000,0.778,0.000,1.4349,2.8962,-2.6480,0,1.0000,1,1,0.0000,0,0.0000,0.0000,0.0000,0.0000,0.0000,0,80.00,3.0000,3.6500,6.5000,0.0000,6.0000,0.0000,80.00,0,0.00161,-1.613,0.039,-1.179,1.322,4.124,1.117,0,0.00,0,0,0,1,1,0,-1.0000,0.000,0.000,0.0000,0.0000,0.0000,0,-1.0000,0.000
8,0.1333,0.0000,0.0000,0.0000,0.0000,0.0000,0.0000,0.0000,0.000,0.000,0.000,1,ROBOT,0,NAV_Idle,0.1167,50,150,0,0.0800,0,1,0.000,0.889,0.000,1.4351,2.8965,-2.6480,0,1.0000,1,1,0.0000,0,0.0000,0.0000,0.0000,0.0000,0.0000,0,80.00,3.0000,3.6500,6.5000,0.0000,6.0000,0.0000,80.00,0,0.00176,-1.614,0.039,-1.179,1.322,4.124,1.116,0,0.00,0,0,0,1,1,0,-1.0000,0.000,0.000,0.0000,0.0000,0.0000,0,-1.0000,0.000
9,0.1500,0.0000,0.0000,0.0000,0.0000,0.0000,0.0000,0.0000,0.000,0.000,0.000,1,ROBOT,0,NAV_Idle,0.1333,50,150,0,0.0800,0,1,0.000,1.000,0.000,1.4353,2.8966,-2.6478,0,1.0000,1,1,0.0000,0,0.0000,0.0000,0.0000,0.0000,0.0000,0,80.00,3.0000,3.6500,6.5000,0.0000,6.0000,0.0000,80.00,0,0.00173,-1.614,0.039,-1.179,1.323,4.124,1.115,0,0.00,0,0,0,1,1,0,-1.0000,0.000,0.000,0.0000,0.0000,0.0000,0,-1.0000,0.000
10,0.1667,0.0000,0.0000,0.0000,0.0000,0.0000,0.0000,0.0000,0.000,0.000,0.000,1,ROBOT,0,NAV_Idle,0.1500,50,150,0,0.0800,0,1,0.000,1.000,0.000,1.4355,2.8967,-2.6477,0,1.0000,1,1,0.0000,0,0.0000,0.0000,0.0000,0.0000,0.0000,0,80.00,3.0000,3.6500,6.5000,0.0000,6.0000,0.0000,80.00,0,0.00512,-1.614,0.039,-1.179,1.323,4.124,1.114,0,0.00,0,0,0,1,1,0,-1.0000,0.000,0.000,0.0000,0.0000,0.0000,0,-1.0000,0.000
11,0.1833,0.0000,0.0000,0.0000,0.0000,0.0000,0.0000,0.0000,0.000,0.000,0.000,1,ROBOT,0,NAV_Idle,0.1667,50,150,0,0.0800,0,1,0.000,1.000,0.000,1.4357,2.8967,-2.6475,0,1.0000,1,1,0.0000,0,0.0000,0.0000,0.0000,0.0000,0.0000,0,80.00,3.0000,3.6500,6.5000,0.0000,6.0000,0.0000,80.00,0,0.00509,-1.615,0.039,-1.178,1.323,4.124,1.113,0,0.00,0,0,0,1,1,0,-1.0000,0.000,0.000,0.0000,0.0000,0.0000,0,-1.0000,0.000
12,0.2000,0.0000,0.0000,0.0000,0.0000,0.0000,0.0000,0.0000,0.000,0.000,0.000,1,ROBOT,0,NAV_Idle,0.1833,50,150,0,0.0800,0,1,0.000,1.000,0.000,1.4358,2.8968,-2.6474,0,1.0000,1,1,0.0000,0,0.0000,0.0000,0.0000,0.0000,0.0000,0,80.00,3.0000,3.6500,6.5000,0.0000,6.0000,0.0000,80.00,0,0.01332,-1.615,0.039,-1.178,1.323,4.123,1.112,0,0.00,0,0,0,1,1,0,-1.0000,0.000,0.000,0.0000,0.0000,0.0000,0,-1.0000,0.000
13,0.2167,0.0000,0.0000,0.0000,0.0000,0.0000,0.0000,0.0000,0.000,0.000,0.000,1,ROBOT,0,NAV_Idle,0.2000,50,150,0,0.0800,0,1,0.000,1.000,0.000,1.4360,2.8970,-2.6473,0,1.0000,1,1,0.0000,0,0.0000,0.0000,0.0000,0.0000,0.0000,0,80.00,3.0000,3.6500,6.5000,0.0000,6.0000,0.0000,80.00,0,0.01321,-1.615,0.039,-1.178,1.323,4.122,1.111,0,0.00,0,0,0,1,1,0,-1.0000,0.000,0.000,0.0000,0.0000,0.0000,0,-1.0000,0.000
14,0.2333,0.0000,0.0000,0.0000,0.0000,0.0000,0.0000,0.0000,0.000,0.000,0.000,1,ROBOT,0,NAV_Idle,0.2167,50,150,0,0.0800,0,1,0.000,1.000,0.000,1.4361,2.8972,-2.6471,0,1.0000,1,1,0.0000,0,0.0000,0.0000,0.0000,0.0000,0.0000,0,80.00,3.0000,3.6500,6.5000,0.0000,6.0000,0.0000,80.00,0,0.01849,-1.616,0.039,-1.178,1.323,4.122,1.110,0,0.00,0,0,0,1,1,0,-1.0000,0.000,0.000,0.0000,0.0000,0.0000,0,-1.0000,0.000
15,0.2500,0.0000,0.0000,0.0000,0.0000,0.0000,0.0000,0.0000,0.000,0.000,0.000,1,ROBOT,0,NAV_Idle,0.2333,50,150,0,0.0800,0,1,0.000,1.000,0.000,1.4363,2.8973,-2.6468,0,1.0000,1,1,0.0000,0,0.0000,0.0000,0.0000,0.0000,0.0000,0,80.00,3.0000,3.6500,6.5000,0.0000,6.0000,0.0000,80.00,0,0.01827,-1.616,0.039,-1.178,1.324,4.122,1.109,0,0.00,0,0,0,1,1,0,-1.0000,0.000,0.000,0.0000,0.0000,0.0000,0,-1.0000,0.000
16,0.2667,0.0000,0.0000,0.0000,0.0000,0.0000,0.0000,0.0000,0.000,0.000,0.000,1,ROBOT,0,NAV_Idle,0.2500,50,150,0,0.0800,0,1,0.000,1.000,0.000,1.4364,2.8975,-2.6467,0,1.0000,1,1,0.0000,0,0.0000,0.0000,0.0000,0.0000,0.0000,0,80.00,3.0000,3.6500,6.5000,0.0000,6.0000,0.0000,80.00,0,0.02073,-1.617,0.039,-1.178,1.324,4.122,1.108,0,0.00,0,0,0,1,1,0,-1.0000,0.000,0.000,0.0000,0.0000,0.0000,0,-1.0000,0.000
17,0.2833,0.0000,0.0000,0.0000,0.0000,0.0000,0.0000,0.0000,0.000,0.000,0.000,1,ROBOT,0,NAV_Idle,0.2667,50,150,0,0.0800,0,1,0.000,1.000,0.000,1.4365,2.8975,-2.6464,0,1.0000,1,1,0.0000,0,0.0000,0.0000,0.0000,0.0000,0.0000,0,80.00,3.0000,3.6500,6.5000,0.0000,6.0000,0.0000,80.00,0,0.02042,-1.617,0.039,-1.177,1.324,4.122,1.107,0,0.00,0,0,0,1,1,0,-1.0000,0.000,0.000,0.0000,0.0000,0.0000,0,-1.0000,0.000
18,0.3000,0.0000,0.0000,0.0000,0.0000,0.0000,0.0000,0.0000,0.000,0.000,0.000,1,ROBOT,0,NAV_Idle,0.2833,50,150,0,0.0800,0,1,0.000,1.000,0.000,1.4366,2.8977,-2.6463,0,1.0000,1,1,0.0000,0,0.0000,0.0000,0.0000,0.0000,0.0000,0,80.00,3.0000,3.6500,6.5000,0.0000,6.0000,0.0000,80.00,0,0.02011,-1.618,0.039,-1.177,1.324,4.123,1.106,0,0.00,0,0,0,1,1,0,-1.0000,0.000,0.000,0.0000,0.0000,0.0000,0,-1.0000,0.000
19,0.3167,0.0000,0.0000,0.0000,0.0000,0.0000,0.0000,0.0000,0.000,0.000,0.000,1,ROBOT,0,NAV_Idle,0.3000,50,150,0,0.0800,0,1,0.000,1.000,0.000,1.4367,2.8978,-2.6460,0,1.0000,1,1,0.0000,0,0.0000,0.0000,0.0000,0.0000,0.0000,0,80.00,3.0000,3.6500,6.5000,0.0000,6.0000,0.0000,80.00,0,0.01979,-1.618,0.039,-1.177,1.324,4.123,1.106,0,0.00,0,0,0,1,1,0,-1.0000,0.000,0.000,0.0000,0.0000,0.0000,0,-1.0000,0.000
20,0.3333,0.0000,0.0000,0.0000,0.0000,0.0000,0.0000,0.0000,0.000,0.000,0.000,1,ROBOT,0,NAV_Idle,0.3167,50,150,0,0.0800,0,1,0.000,1.000,0.000,1.4368,2.8980,-2.6457,0,1.0000,1,1,0.0000,0,0.0000,0.0000,0.0000,0.0000,0.0000,0,80.00,3.0000,3.6500,6.5000,0.0000,6.0000,0.0000,80.00,0,0.01724,-1.619,0.039,-1.177,1.324,4.123,1.107,0,0.00,0,0,0,1,1,0,-1.0000,0.000,0.000,0.0000,0.0000,0.0000,0,-1.0000,0.000
21,0.3500,0.0000,0.0000,0.0000,0.0000,0.0000,0.0000,0.0000,0.000,0.000,0.000,1,ROBOT,0,NAV_Idle,0.3333,50,150,0,0.0800,0,1,0.000,1.000,0.000,1.4368,2.8982,-2.6455,0,1.0000,1,1,0.0000,0,0.0000,0.0000,0.0000,0.0000,0.0000,0,80.00,3.0000,3.6500,6.5000,0.0000,6.0000,0.0000,80.00,0,0.01734,-1.619,0.039,-1.176,1.324,4.123,1.107,0,0.00,0,0,0,1,1,0,-1.0000,0.000,0.000,0.0000,0.0000,0.0000,0,-1.0000,0.000
22,0.3667,0.0000,0.0000,0.0000,0.0000,0.0000,0.0000,0.0000,0.000,0.000,0.000,1,ROBOT,0,NAV_Idle,0.3500,50,150,0,0.0800,0,1,0.000,1.000,0.000,1.4369,2.8983,-2.6451,0,1.0000,1,1,0.0000,0,0.0000,0.0000,0.0000,0.0000,0.0000,0,80.00,3.0000,3.6500,6.5000,0.0000,6.0000,0.0000,80.00,0,0.01238,-1.619,0.039,-1.176,1.324,4.123,1.103,0,0.00,0,0,0,1,1,0,-1.0000,0.000,0.000,0.0000,0.0000,0.0000,0,-1.0000,0.000
23,0.3833,0.0000,0.0000,0.0000,0.0000,0.0000,0.0000,0.0000,0.000,0.000,0.000,1,ROBOT,0,NAV_Idle,0.3667,50,150,0,0.0800,0,1,0.000,1.000,0.000,1.4370,2.8985,-2.6449,0,1.0000,1,1,0.0000,0,0.0000,0.0000,0.0000,0.0000,0.0000,0,80.00,3.0000,3.6500,6.5000,0.0000,6.0000,0.0000,80.00,0,0.01243,-1.620,0.039,-1.176,1.325,4.123,1.102,0,0.00,0,0,0,1,1,0,-1.0000,0.000,0.000,0.0000,0.0000,0.0000,0,-1.0000,0.000
24,0.4000,0.0000,0.0000,0.0000,0.0000,0.0000,0.0000,0.0000,0.000,0.000,0.000,1,ROBOT,0,NAV_Idle,0.3833,50,150,0,0.0800,0,1,0.000,1.000,0.000,1.4371,2.8986,-2.6445,0,1.0000,1,1,0.0000,0,0.0000,0.0000,0.0000,0.0000,0.0000,0,80.00,3.0000,3.6500,6.5000,0.0000,6.0000,0.0000,80.00,0,0.01120,-1.620,0.039,-1.175,1.325,4.124,1.102,0,0.00,0,0,0,1,1,0,-1.0000,0.000,0.000,0.0000,0.0000,0.0000,0,-1.0000,0.000
25,0.4167,0.0000,0.0000,0.0000,0.0000,0.0000,0.0000,0.0000,0.000,0.000,0.000,1,ROBOT,0,NAV_Idle,0.4000,50,150,0,0.0800,0,1,0.000,1.000,0.000,1.4372,2.8988,-2.6441,0,1.0000,1,1,0.0000,0,0.0000,0.0000,0.0000,0.0000,0.0000,0,80.00,3.0000,3.6500,6.5000,0.0000,6.0000,0.0000,80.00,0,0.01120,-1.621,0.039,-1.175,1.325,4.124,1.102,0,0.00,0,0,0,1,1,0,-1.0000,0.000,0.000,0.0000,0.0000,0.0000,0,-1.0000,0.000
26,0.4333,0.0000,0.0000,0.0000,0.0000,0.0000,0.0000,0.0000,0.000,0.000,0.000,1,ROBOT,0,NAV_Idle,0.4167,50,150,0,0.0800,0,1,0.000,1.000,0.000,1.4372,2.8989,-2.6438,0,1.0000,1,1,0.0000,0,0.0000,0.0000,0.0000,0.0000,0.0000,0,80.00,3.0000,3.6500,6.5000,0.0000,6.0000,0.0000,80.00,0,0.01119,-1.621,0.039,-1.175,1.325,4.124,1.102,0,0.00,0,0,0,1,1,0,-1.0000,0.000,0.000,0.0000,0.0000,0.0000,0,-1.0000,0.000
27,0.4500,0.0000,0.0000,0.0000,0.0000,0.0000,0.0000,0.0000,0.000,0.000,0.000,1,ROBOT,0,NAV_Idle,0.4333,50,150,0,0.0800,0,1,0.000,1.000,0.000,1.4372,2.8992,-2.6436,0,1.0000,1,1,0.0000,0,0.0000,0.0000,0.0000,0.0000,0.0000,0,80.00,3.0000,3.6500,6.5000,0.0000,6.0000,0.0000,80.00,0,0.01119,-1.622,0.039,-1.175,1.325,4.123,1.101,0,0.00,0,0,0,1,1,0,-1.0000,0.000,0.000,0.0000,0.0000,0.0000,0,-1.0000,0.000
28,0.4667,0.0000,0.0000,0.0000,0.0000,0.0000,0.0000,0.0000,0.000,0.000,0.000,1,ROBOT,0,NAV_Idle,0.4500,50,150,0,0.0800,0,1,0.000,1.000,0.000,1.4373,2.8992,-2.6431,0,1.0000,1,1,0.0000,0,0.0000,0.0000,0.0000,0.0000,0.0000,0,80.00,3.0000,3.6500,6.5000,0.0000,6.0000,0.0000,80.00,0,0.01090,-1.622,0.039,-1.174,1.325,4.123,1.102,0,0.00,0,0,0,1,1,0,-1.0000,0.000,0.000,0.0000,0.0000,0.0000,0,-1.0000,0.000
29,0.4833,0.0000,0.0000,0.0000,0.0000,0.0000,0.0000,0.0000,0.000,0.000,0.000,1,ROBOT,0,NAV_Idle,0.4667,50,150,0,0.0800,0,1,0.000,1.000,0.000,1.4373,2.8994,-2.6427,0,1.0000,1,1,0.0000,0,0.0000,0.0000,0.0000,0.0000,0.0000,0,80.00,3.0000,3.6500,6.5000,0.0000,6.0000,0.0000,80.00,0,0.01090,-1.623,0.039,-1.174,1.325,4.123,1.102,0,0.00,0,0,0,1,1,0,-1.0000,0.000,0.000,0.0000,0.0000,0.0000,0,-1.0000,0.000
30,0.5000,0.0000,0.0000,0.0000,0.0000,0.0000,0.0000,0.0000,0.000,0.000,0.000,1,ROBOT,0,NAV_Idle,0.4833,50,150,0,0.0800,0,1,0.000,1.000,0.000,1.4373,2.8995,-2.6423,0,1.0000,1,1,0.0000,0,0.0000,0.0000,0.0000,0.0000,0.0000,0,80.00,3.0000,3.6500,6.5000,0.0000,6.0000,0.0000,80.00,0,0.01096,-1.624,0.039,-1.173,1.325,4.123,1.102,0,0.00,0,0,0,1,1,0,-1.0000,0.000,0.000,0.0000,0.0000,0.0000,0,-1.0000,0.000
31,0.5167,0.0000,0.0000,0.0000,0.0000,0.0000,0.0000,0.0000,0.000,0.000,0.000,1,ROBOT,0,NAV_Idle,0.5000,50,150,0,0.0800,0,1,0.000,1.000,0.000,1.4374,2.8996,-2.6419,0,1.0000,1,1,0.0000,0,0.0000,0.0000,0.0000,0.0000,0.0000,0,80.00,3.0000,3.6500,6.5000,0.0000,6.0000,0.0000,80.00,0,0.01094,-1.625,0.039,-1.173,1.325,4.122,1.102,0,0.00,0,0,0,1,1,0,-1.0000,0.000,0.000,0.0000,0.0000,0.0000,0,-1.0000,0.000
32,0.5333,0.0000,0.0000,0.0000,0.0000,0.0000,0.0000,0.0000,0.000,0.000,0.000,1,ROBOT,0,NAV_Idle,0.5167,50,150,0,0.0800,0,1,0.000,1.000,0.000,1.4374,2.8998,-2.6415,0,1.0000,1,1,0.0000,0,0.0000,0.0000,0.0000,0.0000,0.0000,0,80.00,3.0000,3.6500,6.5000,0.0000,6.0000,0.0000,80.00,0,0.01080,-1.626,0.039,-1.173,1.325,4.122,1.102,0,0.00,0,0,0,1,1,0,-1.0000,0.000,0.000,0.0000,0.0000,0.0000,0,-1.0000,0.000
33,0.5500,0.0000,0.0000,0.0000,0.0000,0.0000,0.0000,0.0000,0.000,0.000,0.000,1,ROBOT,0,NAV_Idle,0.5333,50,150,0,0.0800,0,1,0.000,1.000,0.000,1.4373,2.9000,-2.6412,0,1.0000,1,1,0.0000,0,0.0000,0.0000,0.0000,0.0000,0.0000,0,80.00,3.0000,3.6500,6.5000,0.0000,6.0000,0.0000,80.00,0,0.01077,-1.627,0.039,-1.172,1.325,4.123,1.102,0,0.00,0,0,0,1,1,0,-1.0000,0.000,0.000,0.0000,0.0000,0.0000,0,-1.0000,0.000
34,0.5667,0.0000,0.0000,0.0000,0.0000,0.0000,0.0000,0.0000,0.000,0.000,0.000,1,ROBOT,0,NAV_Idle,0.5500,50,150,0,0.0800,0,1,0.000,1.000,0.000,1.4374,2.9001,-2.6407,0,1.0000,1,1,0.0000,0,0.0000,0.0000,0.0000,0.0000,0.0000,0,80.00,3.0000,3.6500,6.5000,0.0000,6.0000,0.0000,80.00,0,0.01053,-1.628,0.039,-1.172,1.325,4.123,1.102,0,0.00,0,0,0,1,1,0,-1.0000,0.000,0.000,0.0000,0.0000,0.0000,0,-1.0000,0.000
35,0.5833,0.0000,0.0000,0.0000,0.0000,0.0000,0.0000,0.0000,0.000,0.000,0.000,1,ROBOT,0,NAV_Idle,0.5667,50,150,0,0.0800,0,1,0.000,1.000,0.000,1.4375,2.9003,-2.6403,0,1.0000,1,1,0.0000,0,0.0000,0.0000,0.0000,0.0000,0.0000,0,80.00,3.0000,3.6500,6.5000,0.0000,6.0000,0.0000,80.00,0,0.01051,-1.628,0.039,-1.171,1.325,4.123,1.102,0,0.00,0,0,0,1,1,0,-1.0000,0.000,0.000,0.0000,0.0000,0.0000,0,-1.0000,0.000
36,0.6000,0.0000,0.0000,0.0000,0.0000,0.0000,0.0000,0.0000,0.000,0.000,0.000,1,ROBOT,0,NAV_Idle,0.5833,50,150,0,0.0800,0,1,0.000,1.000,0.000,1.4374,2.9004,-2.6398,0,1.0000,1,1,0.0000,0,0.0000,0.0000,0.0000,0.0000,0.0000,0,80.00,3.0000,3.6500,6.5000,0.0000,6.0000,0.0000,80.00,0,0.01009,-1.629,0.039,-1.171,1.325,4.122,1.100,0,0.00,0,0,0,1,1,0,-1.0000,0.000,0.000,0.0000,0.0000,0.0000,0,-1.0000,0.000
37,0.6167,0.0000,0.0000,0.0000,0.0000,0.0000,0.0000,0.0000,0.000,0.000,0.000,1,ROBOT,0,NAV_Idle,0.6000,50,150,0,0.0800,0,1,0.000,1.000,0.000,1.4374,2.9006,-2.6394,0,1.0000,1,1,0.0000,0,0.0000,0.0000,0.0000,0.0000,0.0000,0,80.00,3.0000,3.6500,6.5000,0.0000,6.0000,0.0000,80.00,0,0.01007,-1.629,0.039,-1.171,1.325,4.124,1.099,0,0.00,0,0,0,1,1,0,-1.0000,0.000,0.000,0.0000,0.0000,0.0000,0,-1.0000,0.000
38,0.6333,0.0000,0.0000,0.0000,0.0000,0.0000,0.0000,0.0000,0.000,0.000,0.000,1,ROBOT,0,NAV_Idle,0.6167,50,150,0,0.0800,0,1,0.000,1.000,0.000,1.4373,2.9007,-2.6390,0,1.0000,1,1,0.0000,0,0.0000,0.0000,0.0000,0.0000,0.0000,0,80.00,3.0000,3.6500,6.5000,0.0000,6.0000,0.0000,80.00,0,0.00948,-1.630,0.039,-1.170,1.325,4.123,1.098,0,0.00,0,0,0,1,1,0,-1.0000,0.000,0.000,0.0000,0.0000,0.0000,0,-1.0000,0.000
39,0.6500,0.0000,0.0000,0.0000,0.0000,0.0000,0.0000,0.0000,0.000,0.000,0.000,1,ROBOT,0,NAV_Idle,0.6333,50,150,0,0.0800,0,1,0.000,1.000,0.000,1.4372,2.9008,-2.6385,0,1.0000,1,1,0.0000,0,0.0000,0.0000,0.0000,0.0000,0.0000,0,80.00,3.0000,3.6500,6.5000,0.0000,6.0000,0.0000,80.00,0,0.00947,-1.631,0.039,-1.170,1.325,4.123,1.098,0,0.00,0,0,0,1,1,0,-1.0000,0.000,0.000,0.0000,0.0000,0.0000,0,-1.0000,0.000
40,0.6667,0.0000,0.0000,0.0000,0.0000,0.0000,0.0000,0.0000,0.000,0.000,0.000,1,ROBOT,0,NAV_Idle,0.6500,50,150,0,0.0800,0,1,0.000,1.000,0.000,1.4372,2.9010,-2.6380,0,1.0000,1,1,0.0000,0,0.0000,0.0000,0.0000,0.0000,0.0000,0,80.00,3.0000,3.6500,6.5000,0.0000,6.0000,0.0000,80.00,0,0.00856,-1.632,0.039,-1.169,1.325,4.123,1.097,0,0.00,0,0,0,1,1,0,-1.0000,0.000,0.000,0.0000,0.0000,0.0000,0,-1.0000,0.000
41,0.6833,0.0000,0.0000,0.0000,0.0000,0.0000,0.0000,0.0000,0.000,0.000,0.000,1,ROBOT,0,NAV_Idle,0.6667,50,150,0,0.0800,0,1,0.000,1.000,0.000,1.4372,2.9012,-2.6376,0,1.0000,1,1,0.0000,0,0.0000,0.0000,0.0000,0.0000,0.0000,0,80.00,3.0000,3.6500,6.5000,0.0000,6.0000,0.0000,80.00,0,0.00854,-1.633,0.039,-1.169,1.325,4.123,1.097,0,0.00,0,0,0,1,1,0,-1.0000,0.000,0.000,0.0000,0.0000,0.0000,0,-1.0000,0.000
42,0.7000,0.0000,0.0000,0.0000,0.0000,0.0000,0.0000,0.0000,0.000,0.000,0.000,1,ROBOT,0,NAV_Idle,0.6833,50,150,0,0.0800,0,1,0.000,1.000,0.000,1.4372,2.9013,-2.6371,0,1.0000,1,1,0.0000,0,0.0000,0.0000,0.0000,0.0000,0.0000,0,80.00,3.0000,3.6500,6.5000,0.0000,6.0000,0.0000,80.00,0,0.05553,-1.634,0.039,-1.168,1.325,4.123,1.097,0,0.00,0,0,0,1,1,0,-1.0000,0.000,0.000,0.0000,0.0000,0.0000,0,-1.0000,0.000
43,0.7167,0.0000,0.0000,0.0000,0.0000,0.0000,0.0000,0.0000,0.000,0.000,0.000,1,ROBOT,0,NAV_Idle,0.7000,50,150,0,0.0800,0,1,0.000,1.000,0.000,1.4371,2.9014,-2.6366,0,1.0000,1,1,0.0000,0,0.0000,0.0000,0.0000,0.0000,0.0000,0,80.00,3.0000,3.6500,6.5000,0.0000,6.0000,0.0000,80.00,0,0.05571,-1.634,0.039,-1.168,1.325,4.123,1.097,0,0.00,0,0,0,1,1,0,-1.0000,0.000,0.000,0.0000,0.0000,0.0000,0,-1.0000,0.000
44,0.7333,0.0000,0.0000,0.0000,0.0000,0.0000,0.0000,0.0000,0.000,0.000,0.000,1,ROBOT,0,NAV_Idle,0.7167,50,150,0,0.0800,0,1,0.000,1.000,0.000,1.4371,2.9015,-2.6362,0,1.0000,1,1,0.0000,0,0.0000,0.0000,0.0000,0.0000,0.0000,0,80.00,3.0000,3.6500,6.5000,0.0000,6.0000,0.0000,80.00,0,0.05581,-1.635,0.039,-1.167,1.325,4.123,1.097,0,0.00,0,0,0,1,1,0,-1.0000,0.000,0.000,0.0000,0.0000,0.0000,0,-1.0000,0.000
45,0.7500,0.0000,0.0000,0.0000,0.0000,0.0000,0.0000,0.0000,0.000,0.000,0.000,1,ROBOT,0,NAV_Idle,0.7333,50,150,0,0.0800,0,1,0.000,1.000,0.000,1.4371,2.9017,-2.6357,0,1.0000,1,1,0.0000,0,0.0000,0.0000,0.0000,0.0000,0.0000,0,80.00,3.0000,3.6500,6.5000,0.0000,6.0000,0.0000,80.00,0,0.05585,-1.636,0.039,-1.167,1.325,4.123,1.097,0,0.00,0,0,0,1,1,0,-1.0000,0.000,0.000,0.0000,0.0000,0.0000,0,-1.0000,0.000
46,0.7667,0.0000,0.0000,0.0000,0.0000,0.0000,0.0000,0.0000,0.000,0.000,0.000,1,ROBOT,0,NAV_Idle,0.7500,50,150,0,0.0800,0,1,0.000,1.000,0.000,1.4370,2.9018,-2.6351,0,1.0000,1,1,0.0000,0,0.0000,0.0000,0.0000,0.0000,0.0000,0,80.00,3.0000,3.6500,6.5000,0.0000,6.0000,0.0000,80.00,0,0.01337,-1.637,0.039,-1.166,1.325,4.123,1.096,0,0.00,0,0,0,1,1,0,-1.0000,0.000,0.000,0.0000,0.0000,0.0000,0,-1.0000,0.000
47,0.7833,0.0000,0.0000,0.0000,0.0000,0.0000,0.0000,0.0000,0.000,0.000,0.000,1,ROBOT,0,NAV_Idle,0.7667,50,150,0,0.0800,0,1,0.000,1.000,0.000,1.4369,2.9019,-2.6346,0,1.0000,1,1,0.0000,0,0.0000,0.0000,0.0000,0.0000,0.0000,0,80.00,3.0000,3.6500,6.5000,0.0000,6.0000,0.0000,80.00,0,0.01337,-1.637,0.039,-1.166,1.325,4.123,1.096,0,0.00,0,0,0,1,1,0,-1.0000,0.000,0.000,0.0000,0.0000,0.0000,0,-1.0000,0.000
48,0.8000,0.0000,0.0000,0.0000,0.0000,0.0000,0.0000,0.0000,0.000,0.000,0.000,1,ROBOT,0,NAV_Idle,0.7833,50,150,0,0.0800,0,1,0.000,1.000,0.000,1.4368,2.9020,-2.6342,0,1.0000,1,1,0.0000,0,0.0000,0.0000,0.0000,0.0000,0.0000,0,80.00,3.0000,3.6500,6.5000,0.0000,6.0000,0.0000,80.00,0,0.01305,-1.638,0.039,-1.165,1.324,4.123,1.096,0,0.00,0,0,0,1,1,0,-1.0000,0.000,0.000,0.0000,0.0000,0.0000,0,-1.0000,0.000
49,0.8167,0.0000,0.0000,0.0000,0.0000,0.0000,0.0000,0.0000,0.000,0.000,0.000,1,ROBOT,0,NAV_Idle,0.8000,50,150,0,0.0800,0,1,0.000,1.000,0.000,1.4367,2.9021,-2.6337,0,1.0000,1,1,0.0000,0,0.0000,0.0000,0.0000,0.0000,0.0000,0,80.00,3.0000,3.6500,6.5000,0.0000,6.0000,0.0000,80.00,0,0.01305,-1.638,0.039,-1.165,1.324,4.123,1.095,0,0.00,0,0,0,1,1,0,-1.0000,0.000,0.000,0.0000,0.0000,0.0000,0,-1.0000,0.000
50,0.8333,0.0000,0.0000,0.0000,0.0000,0.0000,0.0000,0.0000,0.000,0.000,0.000,1,ROBOT,0,NAV_Idle,0.8167,50,150,0,0.0800,0,1,0.000,1.000,0.000,1.4366,2.9022,-2.6332,0,1.0000,1,1,0.0000,0,0.0000,0.0000,0.0000,0.0000,0.0000,0,80.00,3.0000,3.6500,6.5000,0.0000,6.0000,0.0000,80.00,0,0.01184,-1.639,0.039,-1.164,1.324,4.123,1.093,0,0.00,0,0,0,1,1,0,-1.0000,0.000,0.000,0.0000,0.0000,0.0000,0,-1.0000,0.000
51,0.8500,0.0000,0.0000,0.0000,0.0000,0.0000,0.0000,0.0000,0.000,0.000,0.000,1,ROBOT,0,NAV_Idle,0.8333,50,150,0,0.0800,0,1,0.000,1.000,0.000,1.4366,2.9023,-2.6328,0,1.0000,1,1,0.0000,0,0.0000,0.0000,0.0000,0.0000,0.0000,0,80.00,3.0000,3.6500,6.5000,0.0000,6.0000,0.0000,80.00,0,0.01184,-1.639,0.039,-1.164,1.324,4.120,1.093,0,0.00,0,0,0,1,1,0,-1.0000,0.000,0.000,0.0000,0.0000,0.0000,0,-1.0000,0.000
52,0.8667,0.0000,0.0000,0.0000,0.0000,0.0000,0.0000,0.0000,0.000,0.000,0.000,1,ROBOT,0,NAV_Idle,0.8500,50,150,0,0.0800,0,1,0.000,1.000,0.000,1.4364,2.9024,-2.6322,0,1.0000,1,1,0.0000,0,0.0000,0.0000,0.0000,0.0000,0.0000,0,80.00,3.0000,3.6500,6.5000,0.0000,6.0000,0.0000,80.00,0,0.00961,-1.640,0.039,-1.163,1.324,4.120,1.093,0,0.00,0,0,0,1,1,0,-1.0000,0.000,0.000,0.0000,0.0000,0.0000,0,-1.0000,0.000
53,0.8833,0.0000,0.0000,0.0000,0.0000,0.0000,0.0000,0.0000,0.000,0.000,0.000,1,ROBOT,0,NAV_Idle,0.8667,50,150,0,0.0800,0,1,0.000,1.000,0.000,1.4363,2.9026,-2.6318,0,1.0000,1,1,0.0000,0,0.0000,0.0000,0.0000,0.0000,0.0000,0,80.00,3.0000,3.6500,6.5000,0.0000,6.0000,0.0000,80.00,0,0.00961,-1.641,0.039,-1.163,1.324,4.120,1.092,0,0.00,0,0,0,1,1,0,-1.0000,0.000,0.000,0.0000,0.0000,0.0000,0,-1.0000,0.000
54,0.9000,0.0000,0.0000,0.0000,0.0000,0.0000,0.0000,0.0000,0.000,0.000,0.000,1,ROBOT,0,NAV_Idle,0.8833,50,150,0,0.0800,0,1,0.000,1.000,0.000,1.4362,2.9027,-2.6313,0,1.0000,1,1,0.0000,0,0.0000,0.0000,0.0000,0.0000,0.0000,0,80.00,3.0000,3.6500,6.5000,0.0000,6.0000,0.0000,80.00,0,0.00790,-1.641,0.039,-1.163,1.324,4.119,1.091,0,0.00,0,0,0,1,1,0,-1.0000,0.000,0.000,0.0000,0.0000,0.0000,0,-1.0000,0.000
55,0.9167,0.0000,0.0000,0.0000,0.0000,0.0000,0.0000,0.0000,0.000,0.000,0.000,1,ROBOT,0,NAV_Idle,0.9000,50,150,0,0.0800,0,1,0.000,1.000,0.000,1.4361,2.9027,-2.6308,0,1.0000,1,1,0.0000,0,0.0000,0.0000,0.0000,0.0000,0.0000,0,80.00,3.0000,3.6500,6.5000,0.0000,6.0000,0.0000,80.00,0,0.00790,-1.642,0.039,-1.162,1.324,4.119,1.090,0,0.00,0,0,0,1,1,0,-1.0000,0.000,0.000,0.0000,0.0000,0.0000,0,-1.0000,0.000
56,0.9333,0.0000,0.0000,0.0000,0.0000,0.0000,0.0000,0.0000,0.000,0.000,0.000,1,ROBOT,0,NAV_Idle,0.9167,50,150,0,0.0800,0,1,0.000,1.000,0.000,1.4360,2.9028,-2.6303,0,1.0000,1,1,0.0000,0,0.0000,0.0000,0.0000,0.0000,0.0000,0,80.00,3.0000,3.6500,6.5000,0.0000,6.0000,0.0000,80.00,0,0.00879,-1.643,0.039,-1.162,1.324,4.119,1.089,0,0.00,0,0,0,1,1,0,-1.0000,0.000,0.000,0.0000,0.0000,0.0000,0,-1.0000,0.000
57,0.9500,0.0000,0.0000,0.0000,0.0000,0.0000,0.0000,0.0000,0.000,0.000,0.000,1,ROBOT,0,NAV_Idle,0.9333,50,150,0,0.0800,0,1,0.000,1.000,0.000,1.4359,2.9028,-2.6298,0,1.0000,1,1,0.0000,0,0.0000,0.0000,0.0000,0.0000,0.0000,0,80.00,3.0000,3.6500,6.5000,0.0000,6.0000,0.0000,80.00,0,0.00879,-1.643,0.039,-1.161,1.324,4.119,1.088,0,0.00,0,0,0,1,1,0,-1.0000,0.000,0.000,0.0000,0.0000,0.0000,0,-1.0000,0.000
58,0.9667,0.0000,0.0000,0.0000,0.0000,0.0000,0.0000,0.0000,0.000,0.000,0.000,1,ROBOT,0,NAV_Idle,0.9500,50,150,0,0.0800,0,1,0.000,1.000,0.000,1.4358,2.9029,-2.6293,0,1.0000,1,1,0.0000,0,0.0000,0.0000,0.0000,0.0000,0.0000,0,80.00,3.0000,3.6500,6.5000,0.0000,6.0000,0.0000,80.00,0,0.02658,-1.644,0.039,-1.161,1.324,4.119,1.086,0,0.00,0,0,0,1,1,0,-1.0000,0.000,0.000,0.0000,0.0000,0.0000,0,-1.0000,0.000
59,0.9833,0.0000,0.0000,0.0000,0.0000,0.0000,0.0000,0.0000,0.000,0.000,0.000,1,ROBOT,0,NAV_Idle,0.9667,50,150,0,0.0800,0,1,0.000,1.000,0.000,1.4357,2.9031,-2.6290,0,1.0000,1,1,0.0000,0,0.0000,0.0000,0.0000,0.0000,0.0000,0,80.00,3.0000,3.6500,6.5000,0.0000,6.0000,0.0000,80.00,0,0.02665,-1.645,0.039,-1.160,1.323,4.117,1.085,0,0.00,0,0,0,1,1,0,-1.0000,0.000,0.000,0.0000,0.0000,0.0000,0,-1.0000,0.000
60,1.0000,0.0000,0.0000,0.0000,0.0000,0.0000,0.0000,0.0000,0.000,0.000,0.000,1,ROBOT,0,NAV_Idle,0.9833,50,150,0,0.0800,0,1,0.000,1.000,0.000,1.4355,2.9031,-2.6284,0,1.0000,1,1,0.0000,0,0.0000,0.0000,0.0000,0.0000,0.0000,0,80.00,3.0000,3.6500,6.5000,0.0000,6.0000,0.0000,80.00,0,0.03041,-1.645,0.039,-1.160,1.323,4.117,1.084,0,0.00,0,0,0,1,1,0,-1.0000,0.000,0.000,0.0000,0.0000,0.0000,0,-1.0000,0.000
61,1.0167,0.0000,0.0000,0.0000,0.0000,0.0000,0.0000,0.0000,0.000,0.000,0.000,1,ROBOT,0,NAV_Idle,1.0000,50,150,0,0.0800,0,1,0.000,1.000,0.000,1.4353,2.9031,-2.6280,0,1.0000,1,1,0.0000,0,0.0000,0.0000,0.0000,0.0000,0.0000,0,80.00,3.0000,3.6500,6.5000,0.0000,6.0000,0.0000,80.00,0,0.03048,-1.646,0.039,-1.159,1.323,4.117,1.083,0,0.00,0,0,0,1,1,0,-1.0000,0.000,0.000,0.0000,0.0000,0.0000,0,-1.0000,0.000
62,1.0333,0.0000,0.0000,0.0000,0.0000,0.0000,0.0000,0.0000,0.000,0.000,0.000,1,ROBOT,0,NAV_Idle,1.0167,50,150,0,0.0800,0,1,0.000,1.000,0.000,1.4352,2.9032,-2.6276,0,1.0000,1,1,0.0000,0,0.0000,0.0000,0.0000,0.0000,0.0000,0,80.00,3.0000,3.6500,6.5000,0.0000,6.0000,0.0000,80.00,0,0.02863,-1.647,0.039,-1.159,1.323,4.117,1.082,0,0.00,0,0,0,1,1,0,-1.0000,0.000,0.000,0.0000,0.0000,0.0000,0,-1.0000,0.000
63,1.0500,0.0000,0.0000,0.0000,0.0000,0.0000,0.0000,0.0000,0.000,0.000,0.000,1,ROBOT,0,NAV_Idle,1.0333,50,150,0,0.0800,0,1,0.000,1.000,0.000,1.4350,2.9032,-2.6271,0,1.0000,1,1,0.0000,0,0.0000,0.0000,0.0000,0.0000,0.0000,0,80.00,3.0000,3.6500,6.5000,0.0000,6.0000,0.0000,80.00,0,0.02868,-1.647,0.039,-1.158,1.323,4.117,1.081,0,0.00,0,0,0,1,1,0,-1.0000,0.000,0.000,0.0000,0.0000,0.0000,0,-1.0000,0.000
64,1.0667,0.0000,0.0000,0.0000,0.0000,0.0000,0.0000,0.0000,0.000,0.000,0.000,1,ROBOT,0,NAV_Idle,1.0500,50,150,0,0.0800,0,1,0.000,1.000,0.000,1.4349,2.9033,-2.6267,0,1.0000,1,1,0.0000,0,0.0000,0.0000,0.0000,0.0000,0.0000,0,80.00,3.0000,3.6500,6.5000,0.0000,6.0000,0.0000,80.00,0,0.02137,-1.648,0.039,-1.158,1.323,4.117,1.080,0,0.00,0,0,0,1,1,0,-1.0000,0.000,0.000,0.0000,0.0000,0.0000,0,-1.0000,0.000
65,1.0833,0.0000,0.0000,0.0000,0.0000,0.0000,0.0000,0.0000,0.000,0.000,0.000,1,ROBOT,0,NAV_Idle,1.0667,50,150,0,0.0800,0,1,0.000,1.000,0.000,1.4348,2.9033,-2.6263,0,1.0000,1,1,0.0000,0,0.0000,0.0000,0.0000,0.0000,0.0000,0,80.00,3.0000,3.6500,6.5000,0.0000,6.0000,0.0000,80.00,0,0.02139,-1.649,0.039,-1.158,1.323,4.114,1.080,0,0.00,0,0,0,1,1,0,-1.0000,0.000,0.000,0.0000,0.0000,0.0000,0,-1.0000,0.000
66,1.1000,0.0000,0.0000,0.0000,0.0000,0.0000,0.0000,0.0000,0.000,0.000,0.000,1,ROBOT,0,NAV_Idle,1.0833,50,150,0,0.0800,0,1,0.000,1.000,0.000,1.4346,2.9034,-2.6259,0,1.0000,1,1,0.0000,0,0.0000,0.0000,0.0000,0.0000,0.0000,0,80.00,3.0000,3.6500,6.5000,0.0000,6.0000,0.0000,80.00,0,0.01118,-1.650,0.039,-1.157,1.322,4.114,1.079,0,0.00,0,0,0,1,1,0,-1.0000,0.000,0.000,0.0000,0.0000,0.0000,0,-1.0000,0.000
67,1.1167,0.0000,0.0000,0.0000,0.0000,0.0000,0.0000,0.0000,0.000,0.000,0.000,1,ROBOT,0,NAV_Idle,1.1000,50,150,0,0.0800,0,1,0.000,1.000,0.000,1.4344,2.9033,-2.6254,0,1.0000,1,1,0.0000,0,0.0000,0.0000,0.0000,0.0000,0.0000,0,80.00,3.0000,3.6500,6.5000,0.0000,6.0000,0.0000,80.00,0,0.01118,-1.650,0.039,-1.157,1.322,4.114,1.078,0,0.00,0,0,0,1,1,0,-1.0000,0.000,0.000,0.0000,0.0000,0.0000,0,-1.0000,0.000
68,1.1333,0.0000,0.0000,0.0000,0.0000,0.0000,0.0000,0.0000,0.000,0.000,0.000,1,ROBOT,0,NAV_Idle,1.1167,50,150,0,0.0800,0,1,0.000,1.000,0.000,1.4343,2.9034,-2.6250,0,1.0000,1,1,0.0000,0,0.0000,0.0000,0.0000,0.0000,0.0000,0,80.00,3.0000,3.6500,6.5000,0.0000,6.0000,0.0000,80.00,0,0.01170,-1.651,0.039,-1.156,1.322,4.114,1.079,0,0.00,0,0,0,1,1,0,-1.0000,0.000,0.000,0.0000,0.0000,0.0000,0,-1.0000,0.000
69,1.1500,0.0000,0.0000,0.0000,0.0000,0.0000,0.0000,0.0000,0.000,0.000,0.000,1,ROBOT,0,NAV_Idle,1.1333,50,150,0,0.0800,0,1,0.000,1.000,0.000,1.4342,2.9034,-2.6246,0,1.0000,1,1,0.0000,0,0.0000,0.0000,0.0000,0.0000,0.0000,0,80.00,3.0000,3.6500,6.5000,0.0000,6.0000,0.0000,80.00,0,0.01169,-1.652,0.039,-1.156,1.322,4.114,1.078,0,0.00,0,0,0,1,1,0,-1.0000,0.000,0.000,0.0000,0.0000,0.0000,0,-1.0000,0.000
70,1.1667,0.0000,0.0000,0.0000,0.0000,0.0000,0.0000,0.0000,0.000,0.000,0.000,1,ROBOT,0,NAV_Idle,1.1500,50,150,0,0.0800,0,1,0.000,1.000,0.000,1.4340,2.9035,-2.6242,0,1.0000,1,1,0.0000,0,0.0000,0.0000,0.0000,0.0000,0.0000,0,80.00,3.0000,3.6500,6.5000,0.0000,6.0000,0.0000,80.00,0,0.01111,-1.652,0.039,-1.156,1.322,4.112,1.077,0,0.00,0,0,0,1,1,0,-1.0000,0.000,0.000,0.0000,0.0000,0.0000,0,-1.0000,0.000
71,1.1833,0.0000,0.0000,0.0000,0.0000,0.0000,0.0000,0.0000,0.000,0.000,0.000,1,ROBOT,0,NAV_Idle,1.1667,50,150,0,0.0800,0,1,0.000,1.000,0.000,1.4339,2.9035,-2.6238,0,1.0000,1,1,0.0000,0,0.0000,0.0000,0.0000,0.0000,0.0000,0,80.00,3.0000,3.6500,6.5000,0.0000,6.0000,0.0000,80.00,0,0.01111,-1.653,0.039,-1.155,1.322,4.113,1.076,0,0.00,0,0,0,1,1,0,-1.0000,0.000,0.000,0.0000,0.0000,0.0000,0,-1.0000,0.000
72,1.2000,0.0000,0.0000,0.0000,0.0000,0.0000,0.0000,0.0000,0.000,0.000,0.000,1,ROBOT,0,NAV_Idle,1.1833,50,150,0,0.0800,0,1,0.000,1.000,0.000,1.4337,2.9035,-2.6235,0,1.0000,1,1,0.0000,0,0.0000,0.0000,0.0000,0.0000,0.0000,0,80.00,3.0000,3.6500,6.5000,0.0000,6.0000,0.0000,80.00,0,0.01086,-1.654,0.039,-1.155,1.322,4.113,1.076,0,0.00,0,0,0,1,1,0,-1.0000,0.000,0.000,0.0000,0.0000,0.0000,0,-1.0000,0.000
73,1.2167,0.0000,0.0000,0.0000,0.0000,0.0000,0.0000,0.0000,0.000,0.000,0.000,1,ROBOT,0,NAV_Idle,1.2000,50,150,0,0.0800,0,1,0.000,1.000,0.000,1.4336,2.9035,-2.6231,0,1.0000,1,1,0.0000,0,0.0000,0.0000,0.0000,0.0000,0.0000,0,80.00,3.0000,3.6500,6.5000,0.0000,6.0000,0.0000,80.00,0,0.01086,-1.654,0.039,-1.155,1.321,4.114,1.076,0,0.00,0,0,0,1,1,0,-1.0000,0.000,0.000,0.0000,0.0000,0.0000,0,-1.0000,0.000
74,1.2333,0.0000,0.0000,0.0000,0.0000,0.0000,0.0000,0.0000,0.000,0.000,0.000,1,ROBOT,0,NAV_Idle,1.2167,50,150,0,0.0800,0,1,0.000,1.000,0.000,1.4334,2.9035,-2.6228,0,1.0000,1,1,0.0000,0,0.0000,0.0000,0.0000,0.0000,0.0000,0,80.00,3.0000,3.6500,6.5000,0.0000,6.0000,0.0000,80.00,0,0.01034,-1.655,0.039,-1.154,1.321,4.110,1.076,0,0.00,0,0,0,1,1,0,-1.0000,0.000,0.000,0.0000,0.0000,0.0000,0,-1.0000,0.000
75,1.2500,0.0000,0.0000,0.0000,0.0000,0.0000,0.0000,0.0000,0.000,0.000,0.000,1,ROBOT,0,NAV_Idle,1.2333,50,150,0,0.0800,0,1,0.000,1.000,0.000,1.4332,2.9034,-2.6224,0,1.0000,1,1,0.0000,0,0.0000,0.0000,0.0000,0.0000,0.0000,0,80.00,3.0000,3.6500,6.5000,0.0000,6.0000,0.0000,80.00,0,0.01034,-1.655,0.039,-1.154,1.321,4.108,1.076,0,0.00,0,0,0,1,1,0,-1.0000,0.000,0.000,0.0000,0.0000,0.0000,0,-1.0000,0.000
76,1.2667,0.0000,0.0000,0.0000,0.0000,0.0000,0.0000,0.0000,0.000,0.000,0.000,1,ROBOT,0,NAV_Idle,1.2500,50,150,0,0.0800,0,1,0.000,1.000,0.000,1.4330,2.9034,-2.6221,0,1.0000,1,1,0.0000,0,0.0000,0.0000,0.0000,0.0000,0.0000,0,80.00,3.0000,3.6500,6.5000,0.0000,6.0000,0.0000,80.00,0,0.00979,-1.655,0.039,-1.154,1.321,4.107,1.076,0,0.00,0,0,0,1,1,0,-1.0000,0.000,0.000,0.0000,0.0000,0.0000,0,-1.0000,0.000
77,1.2833,0.0000,0.0000,0.0000,0.0000,0.0000,0.0000,0.0000,0.000,0.000,0.000,1,ROBOT,0,NAV_Idle,1.2667,50,150,0,0.0800,0,1,0.000,1.000,0.000,1.4328,2.9034,-2.6218,0,1.0000,1,1,0.0000,0,0.0000,0.0000,0.0000,0.0000,0.0000,0,80.00,3.0000,3.6500,6.5000,0.0000,6.0000,0.0000,80.00,0,0.00979,-1.656,0.039,-1.153,1.321,4.107,1.076,0,0.00,0,0,0,1,1,0,-1.0000,0.000,0.000,0.0000,0.0000,0.0000,0,-1.0000,0.000
78,1.3000,0.0000,0.0000,0.0000,0.0000,0.0000,0.0000,0.0000,0.000,0.000,0.000,1,ROBOT,0,NAV_Idle,1.2833,50,150,0,0.0800,0,1,0.000,1.000,0.000,1.4325,2.9033,-2.6215,0,1.0000,1,1,0.0000,0,0.0000,0.0000,0.0000,0.0000,0.0000,0,80.00,3.0000,3.6500,6.5000,0.0000,6.0000,0.0000,80.00,0,0.00894,-1.657,0.039,-1.153,1.320,4.106,1.075,0,0.00,0,0,0,1,1,0,-1.0000,0.000,0.000,0.0000,0.0000,0.0000,0,-1.0000,0.000
79,1.3167,0.0000,0.0000,0.0000,0.0000,0.0000,0.0000,0.0000,0.000,0.000,0.000,1,ROBOT,0,NAV_Idle,1.3000,50,150,0,0.0800,0,1,0.000,1.000,0.000,1.4323,2.9033,-2.6212,0,1.0000,1,1,0.0000,0,0.0000,0.0000,0.0000,0.0000,0.0000,0,80.00,3.0000,3.6500,6.5000,0.0000,6.0000,0.0000,80.00,0,0.00894,-1.657,0.039,-1.153,1.320,4.106,1.075,0,0.00,0,0,0,1,1,0,-1.0000,0.000,0.000,0.0000,0.0000,0.0000,0,-1.0000,0.000
80,1.3333,0.0000,0.0000,0.0000,0.0000,0.0000,0.0000,0.0000,0.000,0.000,0.000,1,ROBOT,0,NAV_Idle,1.3167,50,150,0,0.0800,0,1,0.000,1.000,0.000,1.4321,2.9032,-2.6209,0,1.0000,1,1,0.0000,0,0.0000,0.0000,0.0000,0.0000,0.0000,0,80.00,3.0000,3.6500,6.5000,0.0000,6.0000,0.0000,80.00,0,0.00805,-1.658,0.039,-1.152,1.320,4.105,1.074,0,0.00,0,0,0,1,1,0,-1.0000,0.000,0.000,0.0000,0.0000,0.0000,0,-1.0000,0.000
81,1.3500,0.0000,0.0000,0.0000,0.0000,0.0000,0.0000,0.0000,0.000,0.000,0.000,1,ROBOT,0,NAV_Idle,1.3333,50,150,0,0.0800,0,1,0.000,1.000,0.000,1.4318,2.9032,-2.6206,0,1.0000,1,1,0.0000,0,0.0000,0.0000,0.0000,0.0000,0.0000,0,80.00,3.0000,3.6500,6.5000,0.0000,6.0000,0.0000,80.00,0,0.00805,-1.659,0.039,-1.152,1.320,4.104,1.073,0,0.00,0,0,0,1,1,0,-1.0000,0.000,0.000,0.0000,0.0000,0.0000,0,-1.0000,0.000
82,1.3667,0.0000,0.0000,0.0000,0.0000,0.0000,0.0000,0.0000,0.000,0.000,0.000,1,ROBOT,0,NAV_Idle,1.3500,50,150,0,0.0800,0,1,0.000,1.000,0.000,1.4316,2.9031,-2.6204,0,1.0000,1,1,0.0000,0,0.0000,0.0000,0.0000,0.0000,0.0000,0,80.00,3.0000,3.6500,6.5000,0.0000,6.0000,0.0000,80.00,0,0.00700,-1.660,0.039,-1.152,1.319,4.104,1.073,0,0.00,0,0,0,1,1,0,-1.0000,0.000,0.000,0.0000,0.0000,0.0000,0,-1.0000,0.000
83,1.3833,0.0000,0.0000,0.0000,0.0000,0.0000,0.0000,0.0000,0.000,0.000,0.000,1,ROBOT,0,NAV_Idle,1.3667,50,150,0,0.0800,0,1,0.000,1.000,0.000,1.4314,2.9031,-2.6200,0,1.0000,1,1,0.0000,0,0.0000,0.0000,0.0000,0.0000,0.0000,0,80.00,3.0000,3.6500,6.5000,0.0000,6.0000,0.0000,80.00,0,0.00701,-1.660,0.039,-1.152,1.319,4.103,1.073,0,0.00,0,0,0,1,1,0,-1.0000,0.000,0.000,0.0000,0.0000,0.0000,0,-1.0000,0.000
84,1.4000,0.0000,0.0000,0.0000,0.0000,0.0000,0.0000,0.0000,0.000,0.000,0.000,1,ROBOT,0,NAV_Idle,1.3833,50,150,0,0.0800,0,1,0.000,1.000,0.000,1.4310,2.9030,-2.6199,0,1.0000,1,1,0.0000,0,0.0000,0.0000,0.0000,0.0000,0.0000,0,80.00,3.0000,3.6500,6.5000,0.0000,6.0000,0.0000,80.00,0,0.00565,-1.661,0.039,-1.151,1.319,4.103,1.073,0,0.00,0,0,0,1,1,0,-1.0000,0.000,0.000,0.0000,0.0000,0.0000,0,-1.0000,0.000
85,1.4167,0.0000,0.0000,0.0000,0.0000,0.0000,0.0000,0.0000,0.000,0.000,0.000,1,ROBOT,0,NAV_Idle,1.4000,50,150,0,0.0800,0,1,0.000,1.000,0.000,1.4306,2.9029,-2.6198,0,1.0000,1,1,0.0000,0,0.0000,0.0000,0.0000,0.0000,0.0000,0,80.00,3.0000,3.6500,6.5000,0.0000,6.0000,0.0000,80.00,0,0.00566,-1.661,0.039,-1.151,1.319,4.101,1.072,0,0.00,0,0,0,1,1,0,-1.0000,0.000,0.000,0.0000,0.0000,0.0000,0,-1.0000,0.000
86,1.4333,0.0000,0.0000,0.0000,0.0000,0.0000,0.0000,0.0000,0.000,0.000,0.000,1,ROBOT,0,NAV_Idle,1.4167,50,150,0,0.0800,0,1,0.000,1.000,0.000,1.4305,2.9028,-2.6195,0,1.0000,1,1,0.0000,0,0.0000,0.0000,0.0000,0.0000,0.0000,0,80.00,3.0000,3.6500,6.5000,0.0000,6.0000,0.0000,80.00,0,0.00412,-1.662,0.039,-1.151,1.318,4.099,1.072,0,0.00,0,0,0,1,1,0,-1.0000,0.000,0.000,0.0000,0.0000,0.0000,0,-1.0000,0.000
87,1.4500,0.0000,0.0000,0.0000,0.0000,0.0000,0.0000,0.0000,0.000,0.000,0.000,1,ROBOT,0,NAV_Idle,1.4333,50,150,0,0.0800,0,1,0.000,1.000,0.000,1.4303,2.9028,-2.6192,0,1.0000,1,1,0.0000,0,0.0000,0.0000,0.0000,0.0000,0.0000,0,80.00,3.0000,3.6500,6.5000,0.0000,6.0000,0.0000,80.00,0,0.00412,-1.663,0.039,-1.151,1.318,4.099,1.071,0,0.00,0,0,0,1,1,0,-1.0000,0.000,0.000,0.0000,0.0000,0.0000,0,-1.0000,0.000
88,1.4667,0.0000,0.0000,0.0000,0.0000,0.0000,0.0000,0.0000,0.000,0.000,0.000,1,ROBOT,0,NAV_Idle,1.4500,50,150,0,0.0800,0,1,0.000,1.000,0.000,1.4299,2.9027,-2.6191,0,1.0000,1,1,0.0000,0,0.0000,0.0000,0.0000,0.0000,0.0000,0,80.00,3.0000,3.6500,6.5000,0.0000,6.0000,0.0000,80.00,0,0.00272,-1.663,0.039,-1.151,1.318,4.099,1.070,0,0.00,0,0,0,1,1,0,-1.0000,0.000,0.000,0.0000,0.0000,0.0000,0,-1.0000,0.000
89,1.4833,0.0000,0.0000,0.0000,0.0000,0.0000,0.0000,0.0000,0.000,0.000,0.000,1,ROBOT,0,NAV_Idle,1.4667,50,150,0,0.0800,0,1,0.000,1.000,0.000,1.4296,2.9026,-2.6190,0,1.0000,1,1,0.0000,0,0.0000,0.0000,0.0000,0.0000,0.0000,0,80.00,3.0000,3.6500,6.5000,0.0000,6.0000,0.0000,80.00,0,0.00272,-1.664,0.039,-1.151,1.317,4.099,1.070,0,0.00,0,0,0,1,1,0,-1.0000,0.000,0.000,0.0000,0.0000,0.0000,0,-1.0000,0.000
90,1.5000,0.0000,0.0000,0.0000,0.0000,0.0000,0.0000,0.0000,0.000,0.000,0.000,1,ROBOT,0,NAV_Idle,1.4833,50,150,0,0.0800,0,1,0.000,1.000,0.000,1.4292,2.9025,-2.6188,0,1.0000,1,1,0.0000,0,0.0000,0.0000,0.0000,0.0000,0.0000,0,80.00,3.0000,3.6500,6.5000,0.0000,6.0000,0.0000,80.00,0,0.00213,-1.665,0.039,-1.150,1.317,4.098,1.070,0,0.00,0,0,0,1,1,0,-1.0000,0.000,0.000,0.0000,0.0000,0.0000,0,-1.0000,0.000
91,1.5167,0.0000,0.0000,0.0000,0.0000,0.0000,0.0000,0.0000,0.000,0.000,0.000,1,ROBOT,0,NAV_Idle,1.5000,50,150,0,0.0800,0,1,0.000,1.000,0.000,1.4289,2.9024,-2.6187,0,1.0000,1,1,0.0000,0,0.0000,0.0000,0.0000,0.0000,0.0000,1,80.00,3.0000,3.6500,6.5000,0.0000,6.0000,0.0000,80.00,0,0.00215,-1.666,0.039,-1.150,1.317,4.098,1.069,0,0.00,0,0,0,1,1,0,-1.0000,0.000,0.000,0.0000,0.0000,0.0000,0,-1.0000,0.000
92,1.5333,0.0000,0.0000,0.0000,0.0000,0.0000,0.0000,0.0000,0.000,0.000,0.000,1,ROBOT,0,NAV_Idle,1.5167,50,150,0,0.0800,0,1,0.000,1.000,0.000,1.4285,2.9024,-2.6187,0,1.0000,1,1,0.0000,0,0.0000,0.0000,0.0000,0.0000,0.0000,1,74.92,3.0000,3.6500,6.7903,0.0000,6.0000,0.0000,74.92,0,0.01581,-1.666,0.039,-1.150,1.316,4.098,1.069,0,0.00,0,0,0,1,1,0,-1.0000,0.000,0.000,0.0000,0.0000,0.0000,0,-1.0000,0.000
93,1.5500,0.0000,0.0000,0.0000,0.0000,0.0000,0.0000,0.0000,0.000,0.000,0.000,1,ROBOT,0,NAV_Idle,1.5333,50,150,0,0.0800,0,1,0.000,1.000,0.000,1.4282,2.9022,-2.6185,0,1.0000,1,1,0.0000,0,0.0000,0.0000,0.0000,0.0000,0.0000,1,66.49,3.0000,3.6500,7.2723,0.0000,6.0000,0.0000,66.49,0,0.01581,-1.667,0.039,-1.150,1.316,4.098,1.069,0,0.00,0,0,0,1,1,0,-1.0000,0.000,0.000,0.0000,0.0000,0.0000,0,-1.0000,0.000
94,1.5667,0.0000,0.0000,0.0000,0.0000,0.0000,0.0000,0.0000,0.000,0.000,0.000,1,ROBOT,0,NAV_Idle,1.5500,50,150,0,0.0800,0,1,0.000,1.000,0.000,1.4278,2.9021,-2.6185,0,1.0000,1,1,0.0000,0,0.0000,0.0000,0.0000,0.0000,0.0000,1,59.17,3.0000,3.6500,7.6904,0.0000,6.0000,0.0000,59.17,0,0.03462,-1.668,0.039,-1.150,1.316,4.097,1.068,0,0.00,0,0,0,1,1,0,-1.0000,0.000,0.000,0.0000,0.0000,0.0000,0,-1.0000,0.000
95,1.5833,0.0000,0.0000,0.0000,0.0000,0.0000,0.0000,0.0000,0.000,0.000,0.000,1,ROBOT,0,NAV_Idle,1.5667,50,150,0,0.0800,0,1,0.000,1.000,0.000,1.4274,2.9021,-2.6184,0,1.0000,1,1,0.0000,0,0.0000,0.0000,0.0000,0.0000,0.0000,1,53.88,3.0000,3.6500,7.9924,0.0000,6.0000,0.0000,53.88,0,0.03458,-1.669,0.039,-1.150,1.315,4.093,1.068,0,0.00,0,0,0,1,1,0,-1.0000,0.000,0.000,0.0000,0.0000,0.0000,0,-1.0000,0.000
96,1.6000,0.0000,0.0000,0.0000,0.0000,0.0000,0.0000,0.0000,0.000,0.000,0.000,1,ROBOT,0,NAV_Idle,1.5833,50,150,0,0.0800,0,1,0.000,1.000,0.000,1.4271,2.9019,-2.6184,0,1.0000,1,1,0.0000,0,0.0000,0.0000,0.0000,0.0000,0.0000,1,50.38,3.0000,3.6500,8.1923,0.0000,6.0000,0.0000,50.38,0,0.03471,-1.669,0.039,-1.150,1.315,4.093,1.067,0,0.00,0,0,0,1,1,0,-1.0000,0.000,0.000,0.0000,0.0000,0.0000,0,-1.0000,0.000
97,1.6167,0.0000,0.0000,0.0000,0.0000,0.0000,0.0000,0.0000,0.000,0.000,0.000,1,ROBOT,0,NAV_Idle,1.6000,50,150,0,0.0800,0,1,0.000,1.000,0.000,1.4267,2.9018,-2.6183,0,1.0000,1,1,0.0000,0,0.0000,0.0000,0.0000,0.0000,0.0000,1,48.19,3.0000,3.6500,8.3179,0.0000,6.0000,0.0000,48.19,0,0.03464,-1.670,0.039,-1.150,1.315,4.092,1.066,0,0.00,0,0,0,1,1,0,-1.0000,0.000,0.000,0.0000,0.0000,0.0000,0,-1.0000,0.000
98,1.6333,0.0000,0.0000,0.0000,0.0000,0.0000,0.0000,0.0000,0.000,0.000,0.000,1,ROBOT,0,NAV_Idle,1.6167,50,150,0,0.0800,0,1,0.000,1.000,0.000,1.4263,2.9017,-2.6184,0,1.0000,1,1,0.0000,0,0.0000,0.0000,0.0000,0.0000,0.0000,1,46.85,3.0000,3.6500,8.3941,0.0000,6.0000,0.0000,46.85,0,0.01921,-1.671,0.039,-1.150,1.314,4.091,1.066,0,0.00,0,0,0,1,1,0,-1.0000,0.000,0.000,0.0000,0.0000,0.0000,0,-1.0000,0.000
99,1.6500,0.0000,0.0000,0.0000,0.0000,0.0000,0.0000,0.0000,0.000,0.000,0.000,1,ROBOT,0,NAV_Idle,1.6333,50,150,0,0.0800,0,1,0.000,1.000,0.000,1.4260,2.9015,-2.6183,0,1.0000,1,1,0.0000,0,0.0000,0.0000,0.0000,0.0000,0.0000,1,46.06,3.0000,3.6500,8.4393,0.0000,6.0000,0.0000,46.06,0,0.01920,-1.671,0.039,-1.150,1.314,4.091,1.065,0,0.00,0,0,0,1,1,0,-1.0000,0.000,0.000,0.0000,0.0000,0.0000,0,-1.0000,0.000
100,1.6667,0.0000,0.0000,0.0000,0.0000,0.0000,0.0000,0.0000,0.000,0.000,0.000,1,ROBOT,0,NAV_Idle,1.6500,50,150,0,0.0800,0,1,0.000,1.000,0.000,1.4256,2.9014,-2.6184,0,1.0000,1,1,0.0000,0,0.0000,0.0000,0.0000,0.0000,0.0000,1,45.60,3.0000,3.6500,8.4656,0.0000,6.0000,0.0000,45.60,0,0.01223,-1.672,0.039,-1.150,1.314,4.090,1.064,0,0.00,0,0,0,1,1,0,-1.0000,0.000,0.000,0.0000,0.0000,0.0000,0,-1.0000,0.000
101,1.6833,0.0000,0.0000,0.0000,0.0000,0.0000,0.0000,0.0000,0.000,0.000,0.000,1,ROBOT,0,NAV_Idle,1.6667,50,150,0,0.0800,0,1,0.000,1.000,0.000,1.4252,2.9012,-2.6184,0,1.0000,1,1,0.0000,0,0.0000,0.0000,0.0000,0.0000,0.0000,1,45.34,3.0000,3.6500,8.4807,0.0000,6.0000,0.0000,45.34,0,0.01222,-1.673,0.039,-1.150,1.313,4.090,1.064,0,0.00,0,0,0,1,1,0,-1.0000,0.000,0.000,0.0000,0.0000,0.0000,0,-1.0000,0.000
102,1.7000,0.0000,0.0000,0.0000,0.0000,0.0000,0.0000,0.0000,0.000,0.000,0.000,1,ROBOT,0,NAV_Idle,1.6833,50,150,0,0.0800,0,1,0.000,1.000,0.000,1.4248,2.9011,-2.6185,0,1.0000,1,1,0.0000,0,0.0000,0.0000,0.0000,0.0000,0.0000,1,45.19,3.0000,3.6500,8.4892,0.0000,6.0000,0.0000,45.19,0,0.01153,-1.673,0.039,-1.150,1.313,4.090,1.064,0,0.00,0,0,0,1,1,0,-1.0000,0.000,0.000,0.0000,0.0000,0.0000,0,-1.0000,0.000
103,1.7167,0.0000,0.0000,0.0000,0.0000,0.0000,0.0000,0.0000,0.000,0.000,0.000,1,ROBOT,0,NAV_Idle,1.7000,50,150,0,0.0800,0,1,0.000,1.000,0.000,1.4244,2.9010,-2.6185,0,1.0000,1,1,0.0000,0,0.0000,0.0000,0.0000,0.0000,0.0000,1,45.10,3.0000,3.6500,8.4940,0.0000,6.0000,0.0000,45.10,0,0.01151,-1.673,0.039,-1.150,1.312,4.090,1.063,0,0.00,0,0,0,1,1,0,-1.0000,0.000,0.000,0.0000,0.0000,0.0000,0,-1.0000,0.000
104,1.7333,0.0000,0.0000,0.0000,0.0000,0.0000,0.0000,0.0000,0.000,0.000,0.000,1,ROBOT,0,NAV_Idle,1.7167,50,150,0,0.0800,0,1,0.000,1.000,0.000,1.4240,2.9008,-2.6187,0,1.0000,1,1,0.0000,0,0.0000,0.0000,0.0000,0.0000,0.0000,1,45.06,3.0000,3.6500,8.4967,0.0000,6.0000,0.0000,45.06,0,0.01102,-1.674,0.039,-1.150,1.312,4.090,1.064,0,0.00,0,0,0,1,1,0,-1.0000,0.000,0.000,0.0000,0.0000,0.0000,0,-1.0000,0.000
105,1.7500,0.0000,0.0000,0.0000,0.0000,0.0000,0.0000,0.0000,0.000,0.000,0.000,1,ROBOT,0,NAV_Idle,1.7333,50,150,0,0.0800,0,1,0.000,1.000,0.000,1.4235,2.9007,-2.6188,0,1.0000,1,1,0.0000,0,0.0000,0.0000,0.0000,0.0000,0.0000,1,45.03,3.0000,3.6500,8.4982,0.0000,6.0000,0.0000,45.03,0,0.01101,-1.674,0.039,-1.150,1.311,4.090,1.063,0,0.00,0,0,0,1,1,0,-1.0000,0.000,0.000,0.0000,0.0000,0.0000,0,-1.0000,0.000
106,1.7667,0.0000,0.0000,0.0000,0.0000,0.0000,0.0000,0.0000,0.000,0.000,0.000,1,ROBOT,0,NAV_Idle,1.7500,50,150,0,0.0800,0,1,0.000,1.000,0.000,1.4231,2.9005,-2.6190,0,1.0000,1,1,0.0000,0,0.0000,0.0000,0.0000,0.0000,0.0000,1,45.02,3.0000,3.6500,8.4990,0.0000,6.0000,0.0000,45.02,0,0.00824,-1.675,0.039,-1.151,1.311,4.090,1.063,0,0.00,0,0,0,1,1,0,-1.0000,0.000,0.000,0.0000,0.0000,0.0000,0,-1.0000,0.000
107,1.7833,0.0000,0.0000,0.0000,0.0000,0.0000,0.0000,0.0000,0.000,0.000,0.000,1,ROBOT,0,NAV_Idle,1.7667,50,150,0,0.0800,0,1,0.000,1.000,0.000,1.4226,2.9003,-2.6191,0,1.0000,1,1,0.0000,0,0.0000,0.0000,0.0000,0.0000,0.0000,1,45.01,3.0000,3.6500,8.4995,0.0000,6.0000,0.0000,45.01,0,0.00823,-1.676,0.039,-1.151,1.311,4.090,1.063,0,0.00,0,0,0,1,1,0,-1.0000,0.000,0.000,0.0000,0.0000,0.0000,0,-1.0000,0.000
108,1.8000,0.0000,0.0000,0.0000,0.0000,0.0000,0.0000,0.0000,0.000,0.000,0.000,1,ROBOT,0,NAV_Idle,1.7833,50,150,0,0.0800,0,1,0.000,1.000,0.000,1.4223,2.9002,-2.6193,0,1.0000,1,1,0.0000,0,0.0000,0.0000,0.0000,0.0000,0.0000,1,45.01,3.0000,3.6500,8.4997,0.0000,6.0000,0.0000,45.01,0,0.00324,-1.676,0.039,-1.151,1.311,4.090,1.063,0,0.00,0,0,0,1,1,0,-1.0000,0.000,0.000,0.0000,0.0000,0.0000,0,-1.0000,0.000
109,1.8167,0.0000,0.0000,0.0000,0.0000,0.0000,0.0000,0.0000,0.000,0.000,0.000,1,ROBOT,0,NAV_Idle,1.8000,50,150,0,0.0800,0,1,0.000,1.000,0.000,1.4220,2.9000,-2.6194,0,1.0000,1,1,0.0000,0,0.0000,0.0000,0.0000,0.0000,0.0000,1,45.00,3.0000,3.6500,8.4998,0.0000,6.0000,0.0000,45.00,0,0.00324,-1.677,0.039,-1.151,1.311,4.091,1.063,0,0.00,0,0,0,1,1,0,-1.0000,0.000,0.000,0.0000,0.0000,0.0000,0,-1.0000,0.000
110,1.8333,0.0000,0.0000,0.0000,0.0000,0.0000,0.0000,0.0000,0.000,0.000,0.000,1,ROBOT,0,NAV_Idle,1.8167,50,150,0,0.0800,0,1,0.000,1.000,0.000,1.4216,2.8998,-2.6196,0,1.0000,1,1,0.0000,0,0.0000,0.0000,0.0000,0.0000,0.0000,1,45.00,3.0000,3.6500,8.4999,0.0000,6.0000,0.0000,45.00,0,0.07173,-1.677,0.039,-1.151,1.311,4.091,1.062,0,0.00,0,0,0,1,1,0,-1.0000,0.000,0.000,0.0000,0.0000,0.0000,0,-1.0000,0.000
111,1.8500,0.0000,0.0000,0.0000,0.0000,0.0000,0.0000,0.0000,0.000,0.000,0.000,1,ROBOT,0,NAV_Idle,1.8333,50,150,0,0.0800,0,1,0.000,1.000,0.000,1.4212,2.8996,-2.6198,0,1.0000,1,1,0.0000,0,0.0000,0.0000,0.0000,0.0000,0.0000,1,45.00,3.0000,3.6500,8.5000,0.0000,6.0000,0.0000,45.00,0,0.07173,-1.678,0.039,-1.151,1.311,4.091,1.062,0,0.00,0,0,0,1,1,0,-1.0000,0.000,0.000,0.0000,0.0000,0.0000,0,-1.0000,0.000
112,1.8667,0.0000,0.0000,0.0000,0.0000,0.0000,0.0000,0.0000,0.000,0.000,0.000,1,ROBOT,0,NAV_Idle,1.8500,50,150,0,0.0800,0,1,0.000,1.000,0.000,1.4208,2.8994,-2.6201,0,1.0000,1,1,0.0000,0,0.0000,0.0000,0.0000,0.0000,0.0000,1,45.00,3.0000,3.6500,8.5000,0.0000,6.0000,0.0000,45.00,0,0.04294,-1.678,0.039,-1.152,1.311,4.091,1.062,0,0.00,0,0,0,1,1,0,-1.0000,0.000,0.000,0.0000,0.0000,0.0000,0,-1.0000,0.000
113,1.8833,0.0000,0.0000,0.0000,0.0000,0.0000,0.0000,0.0000,0.000,0.000,0.000,1,ROBOT,0,NAV_Idle,1.8667,50,150,0,0.0800,0,1,0.000,1.000,0.000,1.4204,2.8991,-2.6203,0,1.0000,1,1,0.0000,0,0.0000,0.0000,0.0000,0.0000,0.0000,1,45.00,3.0000,3.6500,8.5000,0.0000,6.0000,0.0000,45.00,0,0.04293,-1.679,0.039,-1.152,1.311,4.091,1.062,0,0.00,0,0,0,1,1,0,-1.0000,0.000,0.000,0.0000,0.0000,0.0000,0,-1.0000,0.000
114,1.9000,0.0000,0.0000,0.0000,0.0000,0.0000,0.0000,0.0000,0.000,0.000,0.000,1,ROBOT,0,NAV_Idle,1.8833,50,150,0,0.0800,0,1,0.000,1.000,0.000,1.4200,2.8989,-2.6206,0,1.0000,1,1,0.0000,0,0.0000,0.0000,0.0000,0.0000,0.0000,1,45.00,3.0000,3.6500,8.5000,0.0000,6.0000,0.0000,45.00,0,0.03852,-1.679,0.039,-1.152,1.311,4.091,1.062,0,0.00,0,0,0,1,1,0,-1.0000,0.000,0.000,0.0000,0.0000,0.0000,0,-1.0000,0.000
115,1.9167,0.0000,0.0000,0.0000,0.0000,0.0000,0.0000,0.0000,0.000,0.000,0.000,1,ROBOT,0,NAV_Idle,1.9000,50,150,0,0.0800,0,1,0.000,1.000,0.000,1.4195,2.8987,-2.6208,0,1.0000,1,1,0.0000,0,0.0000,0.0000,0.0000,0.0000,0.0000,1,45.00,3.0000,3.6500,8.5000,0.0000,6.0000,0.0000,45.00,0,0.03839,-1.680,0.039,-1.152,1.311,4.091,1.062,0,0.00,0,0,0,1,1,0,-1.0000,0.000,0.000,0.0000,0.0000,0.0000,0,-1.0000,0.000
116,1.9333,0.0000,0.0000,0.0000,0.0000,0.0000,0.0000,0.0000,0.000,0.000,0.000,1,ROBOT,0,NAV_Idle,1.9167,50,150,0,0.0800,0,1,0.000,1.000,0.000,1.4192,2.8986,-2.6212,0,1.0000,1,1,0.0000,0,0.0000,0.0000,0.0000,0.0000,0.0000,1,45.00,3.0000,3.6500,8.5000,0.0000,6.0000,0.0000,45.00,0,0.01743,-1.680,0.039,-1.153,1.311,4.091,1.062,0,0.00,0,0,0,1,1,0,-1.0000,0.000,0.000,0.0000,0.0000,0.0000,0,-1.0000,0.000
117,1.9500,0.0000,0.0000,0.0000,0.0000,0.0000,0.0000,0.0000,0.000,0.000,0.000,1,ROBOT,0,NAV_Idle,1.9333,50,150,0,0.0800,0,1,0.000,1.000,0.000,1.4188,2.8984,-2.6215,0,1.0000,1,1,0.0000,0,0.0000,0.0000,0.0000,0.0000,0.0000,1,45.00,3.0000,3.6500,8.5000,0.0000,6.0000,0.0000,45.00,0,0.01740,-1.680,0.039,-1.153,1.311,4.091,1.062,0,0.00,0,0,0,1,1,0,-1.0000,0.000,0.000,0.0000,0.0000,0.0000,0,-1.0000,0.000
118,1.9667,0.0000,0.0000,0.0000,0.0000,0.0000,0.0000,0.0000,0.000,0.000,0.000,1,ROBOT,0,NAV_Idle,1.9500,50,150,0,0.0800,0,1,0.000,1.000,0.000,1.4183,2.8981,-2.6218,0,1.0000,1,1,0.0000,0,0.0000,0.0000,0.0000,0.0000,0.0000,1,45.00,3.0000,3.6500,8.5000,0.0000,6.0000,0.0000,45.00,0,0.02429,-1.681,0.039,-1.153,1.311,4.091,1.062,0,0.00,0,0,0,1,1,0,-1.0000,0.000,0.000,0.0000,0.0000,0.0000,0,-1.0000,0.000
119,1.9833,0.0000,0.0000,0.0000,0.0000,0.0000,0.0000,0.0000,0.000,0.000,0.000,1,ROBOT,0,NAV_Idle,1.9667,50,150,0,0.0800,0,1,0.000,1.000,0.000,1.4178,2.8979,-2.6221,0,1.0000,1,1,0.0000,0,0.0000,0.0000,0.0000,0.0000,0.0000,1,45.00,3.0000,3.6500,8.5000,0.0000,6.0000,0.0000,45.00,0,0.02430,-1.681,0.039,-1.154,1.311,4.091,1.063,0,0.00,0,0,0,1,1,0,-1.0000,0.000,0.000,0.0000,0.0000,0.0000,0,-1.0000,0.000
120,2.0000,0.0000,0.0000,0.0000,0.0000,0.0000,0.0000,0.0000,0.000,0.000,0.000,1,ROBOT,0,NAV_Idle,1.9833,50,150,0,0.0800,0,1,0.000,1.000,0.000,1.4174,2.8977,-2.6225,0,1.0000,1,1,0.0000,0,0.0000,0.0000,0.0000,0.0000,0.0000,1,45.00,3.0000,3.6500,8.5000,0.0000,6.0000,0.0000,45.00,0,0.00113,-1.681,0.039,-1.154,1.311,4.090,1.063,0,0.00,0,0,0,1,1,0,-1.0000,0.000,0.000,0.0000,0.0000,0.0000,0,-1.0000,0.000
121,2.0167,0.0000,0.0000,0.0000,0.0000,0.0000,0.0000,0.0000,0.000,0.000,0.000,1,ROBOT,0,NAV_Idle,2.0000,50,150,0,0.0800,0,1,0.000,1.000,0.000,1.4170,2.8975,-2.6229,0,1.0000,1,1,0.0000,0,0.0000,0.0000,0.0000,0.0000,0.0000,1,45.00,3.0000,3.6500,8.5000,0.0000,6.0000,0.0000,45.00,0,0.00113,-1.682,0.039,-1.154,1.311,4.090,1.063,0,0.00,0,0,0,1,1,0,-1.0000,0.000,0.000,0.0000,0.0000,0.0000,0,-1.0000,0.000
122,2.0333,0.0000,0.0000,0.0000,0.0000,0.0000,0.0000,0.0000,0.000,0.000,0.000,1,ROBOT,0,NAV_Idle,2.0167,50,150,0,0.0800,0,1,0.000,1.000,0.000,1.4167,2.8973,-2.6232,0,1.0000,1,1,0.0000,0,0.0000,0.0000,0.0000,0.0000,0.0000,1,45.00,3.0000,3.6500,8.5000,0.0000,6.0000,0.0000,45.00,0,0.00115,-1.682,0.039,-1.155,1.311,4.090,1.063,0,0.00,0,0,0,1,1,0,-1.0000,0.000,0.000,0.0000,0.0000,0.0000,0,-1.0000,0.000
123,2.0500,0.0000,0.0000,0.0000,0.0000,0.0000,0.0000,0.0000,0.000,0.000,0.000,1,ROBOT,0,NAV_Idle,2.0333,50,150,0,0.0800,0,1,0.000,1.000,0.000,1.4165,2.8970,-2.6234,0,1.0000,1,1,0.0000,0,0.0000,0.0000,0.0000,0.0000,0.0000,1,45.00,3.0000,3.6500,8.5000,0.0000,6.0000,0.0000,45.00,0,0.00115,-1.682,0.039,-1.155,1.311,4.090,1.064,0,0.00,0,0,0,1,1,0,-1.0000,0.000,0.000,0.0000,0.0000,0.0000,0,-1.0000,0.000
124,2.0667,0.0000,0.0000,0.0000,0.0000,0.0000,0.0000,0.0000,0.000,0.000,0.000,1,ROBOT,0,NAV_Idle,2.0500,50,150,0,0.0800,0,1,0.000,1.000,0.000,1.4161,2.8968,-2.6238,0,1.0000,1,1,0.0000,0,0.0000,0.0000,0.0000,0.0000,0.0000,1,45.00,3.0000,3.6500,8.5000,0.0000,6.0000,0.0000,45.00,0,0.00116,-1.682,0.039,-1.155,1.311,4.090,1.064,0,0.00,0,0,0,1,1,0,-1.0000,0.000,0.000,0.0000,0.0000,0.0000,0,-1.0000,0.000
125,2.0833,0.0000,0.0000,0.0000,0.0000,0.0000,0.0000,0.0000,0.000,0.000,0.000,1,ROBOT,0,NAV_Idle,2.0667,50,150,0,0.0800,0,1,0.000,1.000,0.000,1.4156,2.8966,-2.6242,0,1.0000,1,1,0.0000,0,0.0000,0.0000,0.0000,0.0000,0.0000,1,45.00,3.0000,3.6500,8.5000,0.0000,6.0000,0.0000,45.00,0,0.00116,-1.682,0.039,-1.156,1.311,4.090,1.065,0,0.00,0,0,0,1,1,0,-1.0000,0.000,0.000,0.0000,0.0000,0.0000,0,-1.0000,0.000
126,2.1000,0.0000,0.0000,0.0000,0.0000,0.0000,0.0000,0.0000,0.000,0.000,0.000,1,ROBOT,0,NAV_Idle,2.0833,50,150,0,0.0800,0,1,0.000,1.000,0.000,1.4153,2.8964,-2.6246,0,1.0000,1,1,0.0000,0,0.0000,0.0000,0.0000,0.0000,0.0000,1,45.00,3.0000,3.6500,8.5000,0.0000,6.0000,0.0000,45.00,0,0.00114,-1.682,0.039,-1.156,1.311,4.090,1.065,0,0.00,0,0,0,1,1,0,-1.0000,0.000,0.000,0.0000,0.0000,0.0000,0,-1.0000,0.000
127,2.1167,0.0000,0.0000,0.0000,0.0000,0.0000,0.0000,0.0000,0.000,0.000,0.000,1,ROBOT,0,NAV_Idle,2.1000,50,150,0,0.0800,0,1,0.000,1.000,0.000,1.4150,2.8961,-2.6250,0,1.0000,1,1,0.0000,0,0.0000,0.0000,0.0000,0.0000,0.0000,1,45.00,3.0000,3.6500,8.5000,0.0000,6.0000,0.0000,45.00,0,0.00115,-1.682,0.039,-1.156,1.311,4.090,1.066,0,0.00,0,0,0,1,1,0,-1.0000,0.000,0.000,0.0000,0.0000,0.0000,0,-1.0000,0.000
128,2.1333,0.0000,0.0000,0.0000,0.0000,0.0000,0.0000,0.0000,0.000,0.000,0.000,1,ROBOT,0,NAV_Idle,2.1167,50,150,0,0.0800,0,1,0.000,1.000,0.000,1.4146,2.8959,-2.6254,0,1.0000,1,1,0.0000,0,0.0000,0.0000,0.0000,0.0000,0.0000,1,45.00,3.0000,3.6500,8.5000,0.0000,6.0000,0.0000,45.00,0,0.00110,-1.682,0.039,-1.157,1.311,4.090,1.066,0,0.00,0,0,0,1,1,0,-1.0000,0.000,0.000,0.0000,0.0000,0.0000,0,-1.0000,0.000
129,2.1500,0.0000,0.0000,0.0000,0.0000,0.0000,0.0000,0.0000,0.000,0.000,0.000,1,ROBOT,0,NAV_Idle,2.1333,50,150,0,0.0800,0,1,0.000,1.000,0.000,1.4143,2.8957,-2.6258,0,1.0000,1,1,0.0000,0,0.0000,0.0000,0.0000,0.0000,0.0000,1,45.00,3.0000,3.6500,8.5000,0.0000,6.0000,0.0000,45.00,0,0.00110,-1.683,0.039,-1.157,1.310,4.090,1.067,0,0.00,0,0,0,1,1,0,-1.0000,0.000,0.000,0.0000,0.0000,0.0000,0,-1.0000,0.000
130,2.1667,0.0000,0.0000,0.0000,0.0000,0.0000,0.0000,0.0000,0.000,0.000,0.000,1,ROBOT,0,NAV_Idle,2.1500,50,150,0,0.0800,0,1,0.000,1.000,0.000,1.4140,2.8954,-2.6262,0,1.0000,1,1,0.0000,0,0.0000,0.0000,0.0000,0.0000,0.0000,1,45.00,3.0000,3.6500,8.5000,0.0000,6.0000,0.0000,45.00,0,0.00107,-1.683,0.039,-1.157,1.310,4.090,1.067,0,0.00,0,0,0,1,1,0,-1.0000,0.000,0.000,0.0000,0.0000,0.0000,0,-1.0000,0.000
131,2.1833,0.0000,0.0000,0.0000,0.0000,0.0000,0.0000,0.0000,0.000,0.000,0.000,1,ROBOT,0,NAV_Idle,2.1667,50,150,0,0.0800,0,1,0.000,1.000,0.000,1.4136,2.8952,-2.6266,0,1.0000,1,1,0.0000,0,0.0000,0.0000,0.0000,0.0000,0.0000,1,45.00,3.0000,3.6500,8.5000,0.0000,6.0000,0.0000,45.00,0,0.00107,-1.683,0.039,-1.158,1.310,4.090,1.068,0,0.00,0,0,0,1,1,0,-1.0000,0.000,0.000,0.0000,0.0000,0.0000,0,-1.0000,0.000
132,2.2000,0.0000,0.0000,0.0000,0.0000,0.0000,0.0000,0.0000,0.000,0.000,0.000,1,ROBOT,0,NAV_Idle,2.1833,50,150,0,0.0800,0,1,0.000,1.000,0.000,1.4133,2.8950,-2.6270,0,1.0000,1,1,0.0000,0,0.0000,0.0000,0.0000,0.0000,0.0000,1,45.00,3.0000,3.6500,8.5000,0.0000,6.0000,0.0000,45.00,0,0.00111,-1.683,0.039,-1.158,1.310,4.090,1.069,0,0.00,0,0,0,1,1,0,-1.0000,0.000,0.000,0.0000,0.0000,0.0000,0,-1.0000,0.000
133,2.2167,0.0000,0.0000,0.0000,0.0000,0.0000,0.0000,0.0000,0.000,0.000,0.000,1,ROBOT,0,NAV_Idle,2.2000,50,150,0,0.0800,0,1,0.000,1.000,0.000,1.4130,2.8949,-2.6276,0,1.0000,1,1,0.0000,0,0.0000,0.0000,0.0000,0.0000,0.0000,1,45.00,3.0000,3.6500,8.5000,0.0000,6.0000,0.0000,45.00,0,0.00112,-1.683,0.039,-1.159,1.310,4.090,1.069,0,0.00,0,0,0,1,1,0,-1.0000,0.000,0.000,0.0000,0.0000,0.0000,0,-1.0000,0.000
134,2.2333,0.0000,0.0000,0.0000,0.0000,0.0000,0.0000,0.0000,0.000,0.000,0.000,1,ROBOT,0,NAV_Idle,2.2167,50,150,0,0.0800,0,1,0.000,1.000,0.000,1.4127,2.8946,-2.6279,0,1.0000,1,1,0.0000,0,0.0000,0.0000,0.0000,0.0000,0.0000,1,45.00,3.0000,3.6500,8.5000,0.0000,6.0000,0.0000,45.00,0,0.00114,-1.682,0.039,-1.159,1.309,4.090,1.070,0,0.00,0,0,0,1,1,0,-1.0000,0.000,0.000,0.0000,0.0000,0.0000,0,-1.0000,0.000
135,2.2500,0.0000,0.0000,0.0000,0.0000,0.0000,0.0000,0.0000,0.000,0.000,0.000,1,ROBOT,0,NAV_Idle,2.2333,50,150,0,0.0800,0,1,0.000,1.000,0.000,1.4124,2.8944,-2.6283,0,1.0000,1,1,0.0000,0,0.0000,0.0000,0.0000,0.0000,0.0000,1,45.00,3.0000,3.6500,8.5000,0.0000,6.0000,0.0000,45.00,0,0.00112,-1.682,0.039,-1.160,1.309,4.090,1.071,0,0.00,0,0,0,1,1,0,-1.0000,0.000,0.000,0.0000,0.0000,0.0000,0,-1.0000,0.000
136,2.2667,0.0000,0.0000,0.0000,0.0000,0.0000,0.0000,0.0000,0.000,0.000,0.000,1,ROBOT,0,NAV_Idle,2.2500,50,150,0,0.0800,0,1,0.000,1.000,0.000,1.4120,2.8941,-2.6288,0,1.0000,1,1,0.0000,0,0.0000,0.0000,0.0000,0.0000,0.0000,1,45.00,3.0000,3.6500,8.5000,0.0000,6.0000,0.0000,45.00,0,0.00122,-1.682,0.039,-1.160,1.309,4.090,1.071,0,0.00,0,0,0,1,1,0,-1.0000,0.000,0.000,0.0000,0.0000,0.0000,0,-1.0000,0.000
137,2.2833,0.0000,0.0000,0.0000,0.0000,0.0000,0.0000,0.0000,0.000,0.000,0.000,1,ROBOT,0,NAV_Idle,2.2667,50,150,0,0.0800,0,1,0.000,1.000,0.000,1.4116,2.8939,-2.6293,0,1.0000,1,1,0.0000,0,0.0000,0.0000,0.0000,0.0000,0.0000,1,45.00,3.0000,3.6500,8.5000,0.0000,6.0000,0.0000,45.00,0,0.00121,-1.681,0.039,-1.160,1.309,4.090,1.071,0,0.00,0,0,0,1,1,0,-1.0000,0.000,0.000,0.0000,0.0000,0.0000,0,-1.0000,0.000
138,2.3000,0.0000,0.0000,0.0000,0.0000,0.0000,0.0000,0.0000,0.000,0.000,0.000,1,ROBOT,0,NAV_Idle,2.2833,50,150,0,0.0800,0,1,0.000,1.000,0.000,1.4114,2.8937,-2.6297,0,1.0000,1,1,0.0000,0,0.0000,0.0000,0.0000,0.0000,0.0000,1,45.00,3.0000,3.6500,8.5000,0.0000,6.0000,0.0000,45.00,0,0.00133,-1.681,0.039,-1.161,1.309,4.090,1.071,0,0.00,0,0,0,1,1,0,-1.0000,0.000,0.000,0.0000,0.0000,0.0000,0,-1.0000,0.000
139,2.3167,0.0000,0.0000,0.0000,0.0000,0.0000,0.0000,0.0000,0.000,0.000,0.000,1,ROBOT,0,NAV_Idle,2.3000,50,150,0,0.0800,0,1,0.000,1.000,0.000,1.4112,2.8936,-2.6302,0,1.0000,1,1,0.0000,0,0.0000,0.0000,0.0000,0.0000,0.0000,1,45.00,3.0000,3.6500,8.5000,0.0000,6.0000,0.0000,45.00,0,0.00133,-1.681,0.039,-1.161,1.308,4.090,1.072,0,0.00,0,0,0,1,1,0,-1.0000,0.000,0.000,0.0000,0.0000,0.0000,0,-1.0000,0.000
140,2.3333,0.0000,0.0000,0.0000,0.0000,0.0000,0.0000,0.0000,0.000,0.000,0.000,1,ROBOT,0,NAV_Idle,2.3167,50,150,0,0.0800,0,1,0.000,1.000,0.000,1.4110,2.8933,-2.6306,0,1.0000,1,1,0.0000,0,0.0000,0.0000,0.0000,0.0000,0.0000,1,45.00,3.0000,3.6500,8.5000,0.0000,6.0000,0.0000,45.00,0,0.00137,-1.680,0.039,-1.162,1.308,4.089,1.073,0,0.00,0,0,0,1,1,0,-1.0000,0.000,0.000,0.0000,0.0000,0.0000,0,-1.0000,0.000
141,2.3500,0.0000,0.0000,0.0000,0.0000,0.0000,0.0000,0.0000,0.000,0.000,0.000,1,ROBOT,0,NAV_Idle,2.3333,50,150,0,0.0800,0,1,0.000,1.000,0.000,1.4107,2.8931,-2.6310,0,1.0000,1,1,0.0000,0,0.0000,0.0000,0.0000,0.0000,0.0000,1,45.00,3.0000,3.6500,8.5000,0.0000,6.0000,0.0000,45.00,0,0.00138,-1.680,0.039,-1.162,1.308,4.089,1.074,0,0.00,0,0,0,1,1,0,-1.0000,0.000,0.000,0.0000,0.0000,0.0000,0,-1.0000,0.000
142,2.3667,0.0000,0.0000,0.0000,0.0000,0.0000,0.0000,0.0000,0.000,0.000,0.000,1,ROBOT,0,NAV_Idle,2.3500,50,150,0,0.0800,0,1,0.000,1.000,0.000,1.4105,2.8930,-2.6315,0,1.0000,1,1,0.0000,0,0.0000,0.0000,0.0000,0.0000,0.0000,1,45.00,3.0000,3.6500,8.5000,0.0000,6.0000,0.0000,45.00,0,0.00497,-1.679,0.039,-1.163,1.308,4.091,1.074,0,0.00,0,0,0,1,1,0,-1.0000,0.000,0.000,0.0000,0.0000,0.0000,0,-1.0000,0.000
143,2.3833,0.0000,0.0000,0.0000,0.0000,0.0000,0.0000,0.0000,0.000,0.000,0.000,1,ROBOT,0,NAV_Idle,2.3667,50,150,0,0.0800,0,1,0.000,1.000,0.000,1.4102,2.8929,-2.6320,0,1.0000,1,1,0.0000,0,0.0000,0.0000,0.0000,0.0000,0.0000,1,45.00,3.0000,3.6500,8.5000,0.0000,6.0000,0.0000,45.00,0,0.00497,-1.679,0.039,-1.163,1.308,4.091,1.075,0,0.00,0,0,0,1,1,0,-1.0000,0.000,0.000,0.0000,0.0000,0.0000,0,-1.0000,0.000
144,2.4000,0.0000,0.0000,0.0000,0.0000,0.0000,0.0000,0.0000,0.000,0.000,0.000,1,ROBOT,0,NAV_Idle,2.3833,50,150,0,0.0800,0,1,0.000,1.000,0.000,1.4100,2.8927,-2.6325,0,1.0000,1,1,0.0000,0,0.0000,0.0000,0.0000,0.0000,0.0000,1,45.00,3.0000,3.6500,8.5000,0.0000,6.0000,0.0000,45.00,0,0.01272,-1.679,0.039,-1.164,1.308,4.091,1.076,0,0.00,0,0,0,1,1,0,-1.0000,0.000,0.000,0.0000,0.0000,0.0000,0,-1.0000,0.000
145,2.4167,0.0000,0.0000,0.0000,0.0000,0.0000,0.0000,0.0000,0.000,0.000,0.000,1,ROBOT,0,NAV_Idle,2.4000,50,150,0,0.0800,0,1,0.000,1.000,0.000,1.4097,2.8925,-2.6329,0,1.0000,1,1,0.0000,0,0.0000,0.0000,0.0000,0.0000,0.0000,1,45.00,3.0000,3.6500,8.5000,0.0000,6.0000,0.0000,45.00,0,0.01271,-1.678,0.039,-1.164,1.308,4.091,1.076,0,0.00,0,0,0,1,1,0,-1.0000,0.000,0.000,0.0000,0.0000,0.0000,0,-1.0000,0.000
146,2.4333,0.0000,0.0000,0.0000,0.0000,0.0000,0.0000,0.0000,0.000,0.000,0.000,1,ROBOT,0,NAV_Idle,2.4167,50,150,0,0.0800,0,1,0.000,1.000,0.000,1.4095,2.8925,-2.6335,0,1.0000,1,1,0.0000,0,0.0000,0.0000,0.0000,0.0000,0.0000,1,45.00,3.0000,3.6500,8.5000,0.0000,6.0000,0.0000,45.00,0,0.01675,-1.678,0.039,-1.165,1.308,4.091,1.076,0,0.00,0,0,0,1,1,0,-1.0000,0.000,0.000,0.0000,0.0000,0.0000,0,-1.0000,0.000
147,2.4500,0.0000,0.0000,0.0000,0.0000,0.0000,0.0000,0.0000,0.000,0.000,0.000,1,ROBOT,0,NAV_Idle,2.4333,50,150,0,0.0800,0,1,0.000,1.000,0.000,1.4094,2.8923,-2.6339,0,1.0000,1,1,0.0000,0,0.0000,0.0000,0.0000,0.0000,0.0000,1,45.00,3.0000,3.6500,8.5000,0.0000,6.0000,0.0000,45.00,0,0.01675,-1.677,0.039,-1.165,1.308,4.091,1.077,0,0.00,0,0,0,1,1,0,-1.0000,0.000,0.000,0.0000,0.0000,0.0000,0,-1.0000,0.000
148,2.4667,0.0000,0.0000,0.0000,0.0000,0.0000,0.0000,0.0000,0.000,0.000,0.000,1,ROBOT,0,NAV_Idle,2.4500,50,150,0,0.0800,0,1,0.000,1.000,0.000,1.4092,2.8922,-2.6344,0,1.0000,1,1,0.0000,0,0.0000,0.0000,0.0000,0.0000,0.0000,1,45.00,3.0000,3.6500,8.5000,0.0000,6.0000,0.0000,45.00,0,0.01688,-1.677,0.039,-1.165,1.308,4.093,1.077,0,0.00,0,0,0,1,1,0,-1.0000,0.000,0.000,0.0000,0.0000,0.0000,0,-1.0000,0.000
149,2.4833,0.0000,0.0000,0.0000,0.0000,0.0000,0.0000,0.0000,0.000,0.000,0.000,1,ROBOT,0,NAV_Idle,2.4667,50,150,0,0.0800,0,1,0.000,1.000,0.000,1.4091,2.8920,-2.6349,0,1.0000,1,1,0.0000,0,0.0000,0.0000,0.0000,0.0000,0.0000,1,45.00,3.0000,3.6500,8.5000,0.0000,6.0000,0.0000,45.00,0,0.01688,-1.676,0.039,-1.166,1.307,4.093,1.076,0,0.00,0,0,0,1,1,0,-1.0000,0.000,0.000,0.0000,0.0000,0.0000,0,-1.0000,0.000
150,2.5000,0.0000,0.0000,0.0000,0.0000,0.0000,0.0000,0.0000,0.000,0.000,0.000,1,ROBOT,0,NAV_Idle,2.4833,50,150,0,0.0800,0,1,0.000,1.000,0.000,1.4089,2.8920,-2.6353,0,1.0000,1,1,0.0000,0,0.0000,0.0000,0.0000,0.0000,0.0000,1,45.00,3.0000,3.6500,8.5000,0.0000,6.0000,0.0000,45.00,0,0.01286,-1.676,0.039,-1.166,1.307,4.093,1.075,0,0.00,0,0,0,1,1,0,-1.0000,0.000,0.000,0.0000,0.0000,0.0000,0,-1.0000,0.000
151,2.5167,0.0000,0.0000,0.0000,0.0000,0.0000,0.0000,0.0000,0.000,0.000,0.000,1,ROBOT,0,NAV_Idle,2.5000,50,150,0,0.0800,0,1,0.000,1.000,0.000,1.4087,2.8919,-2.6358,0,1.0000,1,1,0.0000,0,0.0000,0.0000,0.0000,0.0000,0.0000,1,45.00,3.0000,3.6500,8.5000,0.0000,6.0000,0.0000,45.00,0,0.01286,-1.675,0.039,-1.167,1.307,4.093,1.076,0,0.00,0,0,0,1,1,0,-1.0000,0.000,0.000,0.0000,0.0000,0.0000,0,-1.0000,0.000
152,2.5333,0.0000,0.0000,0.0000,0.0000,0.0000,0.0000,0.0000,0.000,0.000,0.000,1,ROBOT,0,NAV_Idle,2.5167,50,150,0,0.0800,0,1,0.000,1.000,0.000,1.4086,2.8918,-2.6363,0,1.0000,1,1,0.0000,0,0.0000,0.0000,0.0000,0.0000,0.0000,1,45.00,3.0000,3.6500,8.5000,0.0000,6.0000,0.0000,45.00,0,0.00506,-1.675,0.039,-1.167,1.307,4.094,1.077,0,0.00,0,0,0,1,1,0,-1.0000,0.000,0.000,0.0000,0.0000,0.0000,0,-1.0000,0.000
153,2.5500,0.0000,0.0000,0.0000,0.0000,0.0000,0.0000,0.0000,0.000,0.000,0.000,1,ROBOT,0,NAV_Idle,2.5333,50,150,0,0.0800,0,1,0.000,1.000,0.000,1.4085,2.8918,-2.6367,0,1.0000,1,1,0.0000,0,0.0000,0.0000,0.0000,0.0000,0.0000,1,45.00,3.0000,3.6500,8.5000,0.0000,6.0000,0.0000,45.00,0,0.00506,-1.674,0.039,-1.168,1.307,4.094,1.077,0,0.00,0,0,0,1,1,0,-1.0000,0.000,0.000,0.0000,0.0000,0.0000,0,-1.0000,0.000
154,2.5667,0.0000,0.0000,0.0000,0.0000,0.0000,0.0000,0.0000,0.000,0.000,0.000,1,ROBOT,0,NAV_Idle,2.5500,50,150,0,0.0800,0,1,0.000,1.000,0.000,1.4083,2.8918,-2.6372,0,1.0000,1,1,0.0000,0,0.0000,0.0000,0.0000,0.0000,0.0000,1,45.00,3.0000,3.6500,8.5000,0.0000,6.0000,0.0000,45.00,0,0.00208,-1.674,0.039,-1.168,1.307,4.094,1.078,0,0.00,0,0,0,1,1,0,-1.0000,0.000,0.000,0.0000,0.0000,0.0000,0,-1.0000,0.000
155,2.5833,0.0000,0.0000,0.0000,0.0000,0.0000,0.0000,0.0000,0.000,0.000,0.000,1,ROBOT,0,NAV_Idle,2.5667,50,150,0,0.0800,0,1,0.000,1.000,0.000,1.4081,2.8918,-2.6378,0,1.0000,1,1,0.0000,0,0.0000,0.0000,0.0000,0.0000,0.0000,1,45.00,3.0000,3.6500,8.5000,0.0000,6.0000,0.0000,45.00,0,0.00207,-1.673,0.039,-1.169,1.307,4.094,1.079,0,0.00,0,0,0,1,1,0,-1.0000,0.000,0.000,0.0000,0.0000,0.0000,0,-1.0000,0.000
156,2.6000,0.0000,0.0000,0.0000,0.0000,0.0000,0.0000,0.0000,0.000,0.000,0.000,1,ROBOT,0,NAV_Idle,2.5833,50,150,0,0.0800,0,1,0.000,1.000,0.000,1.4080,2.8917,-2.6382,0,1.0000,1,1,0.0000,0,0.0000,0.0000,0.0000,0.0000,0.0000,1,45.00,3.0000,3.6500,8.5000,0.0000,6.0000,0.0000,45.00,0,0.00393,-1.673,0.039,-1.169,1.307,4.094,1.080,0,0.00,0,0,0,1,1,0,-1.0000,0.000,0.000,0.0000,0.0000,0.0000,0,-1.0000,0.000
157,2.6167,0.0000,0.0000,0.0000,0.0000,0.0000,0.0000,0.0000,0.000,0.000,0.000,1,ROBOT,0,NAV_Idle,2.6000,50,150,0,0.0800,0,1,0.000,1.000,0.000,1.4078,2.8917,-2.6388,0,1.0000,1,1,0.0000,0,0.0000,0.0000,0.0000,0.0000,0.0000,1,45.00,3.0000,3.6500,8.5000,0.0000,6.0000,0.0000,45.00,0,0.00393,-1.672,0.039,-1.170,1.307,4.094,1.082,0,0.00,0,0,0,1,1,0,-1.0000,0.000,0.000,0.0000,0.0000,0.0000,0,-1.0000,0.000
158,2.6333,0.0000,0.0000,0.0000,0.0000,0.0000,0.0000,0.0000,0.000,0.000,0.000,1,ROBOT,0,NAV_Idle,2.6167,50,150,0,0.0800,0,1,0.000,1.000,0.000,1.4077,2.8918,-2.6392,0,1.0000,1,1,0.0000,0,0.0000,0.0000,0.0000,0.0000,0.0000,1,45.00,3.0000,3.6500,8.5000,0.0000,6.0000,0.0000,45.00,0,0.01547,-1.672,0.039,-1.170,1.307,4.094,1.083,0,0.00,0,0,0,1,1,0,-1.0000,0.000,0.000,0.0000,0.0000,0.0000,0,-1.0000,0.000
159,2.6500,0.0000,0.0000,0.0000,0.0000,0.0000,0.0000,0.0000,0.000,0.000,0.000,1,ROBOT,0,NAV_Idle,2.6333,50,150,0,0.0800,0,1,0.000,1.000,0.000,1.4076,2.8919,-2.6397,0,1.0000,1,1,0.0000,0,0.0000,0.0000,0.0000,0.0000,0.0000,1,45.00,3.0000,3.6500,8.5000,0.0000,6.0000,0.0000,45.00,0,0.01552,-1.671,0.039,-1.171,1.307,4.094,1.084,0,0.00,0,0,0,1,1,0,-1.0000,0.000,0.000,0.0000,0.0000,0.0000,0,-1.0000,0.000
160,2.6667,0.0000,0.0000,0.0000,0.0000,0.0000,0.0000,0.0000,0.000,0.000,0.000,1,ROBOT,0,NAV_Idle,2.6500,50,150,0,0.0800,0,1,0.000,1.000,0.000,1.4076,2.8920,-2.6401,0,1.0000,1,1,0.0000,0,0.0000,0.0000,0.0000,0.0000,0.0000,1,45.00,3.0000,3.6500,8.5000,0.0000,6.0000,0.0000,45.00,0,0.03692,-1.671,0.039,-1.171,1.307,4.094,1.085,0,0.00,0,0,0,1,1,0,-1.0000,0.000,0.000,0.0000,0.0000,0.0000,0,-1.0000,0.000
161,2.6833,0.0000,0.0000,0.0000,0.0000,0.0000,0.0000,0.0000,0.000,0.000,0.000,1,ROBOT,0,NAV_Idle,2.6667,50,150,0,0.0800,0,1,0.000,1.000,0.000,1.4076,2.8921,-2.6406,0,1.0000,1,1,0.0000,0,0.0000,0.0000,0.0000,0.0000,0.0000,1,45.00,3.0000,3.6500,8.5000,0.0000,6.0000,0.0000,45.00,0,0.03723,-1.670,0.039,-1.172,1.307,4.094,1.086,0,0.00,0,0,0,1,1,0,-1.0000,0.000,0.000,0.0000,0.0000,0.0000,0,-1.0000,0.000
162,2.7000,0.0000,0.0000,0.0000,0.0000,0.0000,0.0000,0.0000,0.000,0.000,0.000,1,ROBOT,0,NAV_Idle,2.6833,50,150,0,0.0800,0,1,0.000,1.000,0.000,1.4074,2.8922,-2.6412,0,1.0000,1,1,0.0000,0,0.0000,0.0000,0.0000,0.0000,0.0000,1,45.00,3.0000,3.6500,8.5000,0.0000,6.0000,0.0000,45.00,0,0.04468,-1.670,0.039,-1.172,1.307,4.094,1.088,0,0.00,0,0,0,1,1,0,-1.0000,0.000,0.000,0.0000,0.0000,0.0000,0,-1.0000,0.000
163,2.7167,0.0000,0.0000,0.0000,0.0000,0.0000,0.0000,0.0000,0.000,0.000,0.000,1,ROBOT,0,NAV_Idle,2.7000,50,150,0,0.0800,0,1,0.000,1.000,0.000,1.4073,2.8923,-2.6416,0,1.0000,1,1,0.0000,0,0.0000,0.0000,0.0000,0.0000,0.0000,1,45.00,3.0000,3.6500,8.5000,0.0000,6.0000,0.0000,45.00,0,0.04509,-1.669,0.039,-1.172,1.307,4.094,1.089,0,0.00,0,0,0,1,1,0,-1.0000,0.000,0.000,0.0000,0.0000,0.0000,0,-1.0000,0.000
164,2.7333,0.0000,0.0000,0.0000,0.0000,0.0000,0.0000,0.0000,0.000,0.000,0.000,1,ROBOT,0,NAV_Idle,2.7167,50,150,0,0.0800,0,1,0.000,1.000,0.000,1.4072,2.8923,-2.6421,0,1.0000,1,1,0.0000,0,0.0000,0.0000,0.0000,0.0000,0.0000,1,45.00,3.0000,3.6500,8.5000,0.0000,6.0000,0.0000,45.00,0,0.03803,-1.668,0.039,-1.173,1.307,4.095,1.089,0,0.00,0,0,0,1,1,0,-1.0000,0.000,0.000,0.0000,0.0000,0.0000,0,-1.0000,0.000
165,2.7500,0.0000,0.0000,0.0000,0.0000,0.0000,0.0000,0.0000,0.000,0.000,0.000,1,ROBOT,0,NAV_Idle,2.7333,50,150,0,0.0800,0,1,0.000,1.000,0.000,1.4072,2.8925,-2.6425,0,1.0000,1,1,0.0000,0,0.0000,0.0000,0.0000,0.0000,0.0000,1,45.00,3.0000,3.6500,8.5000,0.0000,6.0000,0.0000,45.00,0,0.03830,-1.668,0.039,-1.173,1.307,4.095,1.089,0,0.00,0,0,0,1,1,0,-1.0000,0.000,0.000,0.0000,0.0000,0.0000,0,-1.0000,0.000
166,2.7667,0.0000,0.0000,0.0000,0.0000,0.0000,0.0000,0.0000,0.000,0.000,0.000,1,ROBOT,0,NAV_Idle,2.7500,50,150,0,0.0800,0,1,0.000,1.000,0.000,1.4071,2.8926,-2.6430,0,1.0000,1,1,0.0000,0,0.0000,0.0000,0.0000,0.0000,0.0000,1,45.00,3.0000,3.6500,8.5000,0.0000,6.0000,0.0000,45.00,0,0.01640,-1.667,0.039,-1.174,1.307,4.095,1.090,0,0.00,0,0,0,1,1,0,-1.0000,0.000,0.000,0.0000,0.0000,0.0000,0,-1.0000,0.000
167,2.7833,0.0000,0.0000,0.0000,0.0000,0.0000,0.0000,0.0000,0.000,0.000,0.000,1,ROBOT,0,NAV_Idle,2.7667,50,150,0,0.0800,0,1,0.000,1.000,0.000,1.4070,2.8929,-2.6435,0,1.0000,1,1,0.0000,0,0.0000,0.0000,0.0000,0.0000,0.0000,1,45.00,3.0000,3.6500,8.5000,0.0000,6.0000,0.0000,45.00,0,0.01644,-1.666,0.039,-1.174,1.307,4.095,1.090,0,0.00,0,0,0,1,1,0,-1.0000,0.000,0.000,0.0000,0.0000,0.0000,0,-1.0000,0.000
168,2.8000,0.0000,0.0000,0.0000,0.0000,0.0000,0.0000,0.0000,0.000,0.000,0.000,1,ROBOT,0,NAV_Idle,2.7833,50,150,0,0.0800,0,1,0.000,1.000,0.000,1.4071,2.8930,-2.6439,0,1.0000,1,1,0.0000,0,0.0000,0.0000,0.0000,0.0000,0.0000,1,45.00,3.0000,3.6500,8.5000,0.0000,6.0000,0.0000,45.00,0,0.00658,-1.666,0.039,-1.175,1.307,4.095,1.091,0,0.00,0,0,0,1,1,0,-1.0000,0.000,0.000,0.0000,0.0000,0.0000,0,-1.0000,0.000
169,2.8167,0.0000,0.0000,0.0000,0.0000,0.0000,0.0000,0.0000,0.000,0.000,0.000,1,ROBOT,0,NAV_Idle,2.8000,50,150,0,0.0800,0,1,0.000,1.000,0.000,1.4071,2.8932,-2.6444,0,1.0000,1,1,0.0000,0,0.0000,0.0000,0.0000,0.0000,0.0000,1,45.00,3.0000,3.6500,8.5000,0.0000,6.0000,0.0000,45.00,0,0.00658,-1.665,0.039,-1.175,1.307,4.096,1.092,0,0.00,0,0,0,1,1,0,-1.0000,0.000,0.000,0.0000,0.0000,0.0000,0,-1.0000,0.000
170,2.8333,0.0000,0.0000,0.0000,0.0000,0.0000,0.0000,0.0000,0.000,0.000,0.000,1,ROBOT,0,NAV_Idle,2.8167,50,150,0,0.0800,0,1,0.000,1.000,0.000,1.4070,2.8934,-2.6449,0,1.0000,1,1,0.0000,0,0.0000,0.0000,0.0000,0.0000,0.0000,1,45.00,3.0000,3.6500,8.5000,0.0000,6.0000,0.0000,45.00,0,0.01214,-1.665,0.039,-1.176,1.307,4.096,1.093,0,0.00,0,0,0,1,1,0,-1.0000,0.000,0.000,0.0000,0.0000,0.0000,0,-1.0000,0.000
171,2.8500,0.0000,0.0000,0.0000,0.0000,0.0000,0.0000,0.0000,0.000,0.000,0.000,1,ROBOT,0,NAV_Idle,2.8333,50,150,0,0.0800,0,1,0.000,1.000,0.000,1.4070,2.8935,-2.6452,0,1.0000,1,1,0.0000,0,0.0000,0.0000,0.0000,0.0000,0.0000,1,45.00,3.0000,3.6500,8.5000,0.0000,6.0000,0.0000,45.00,0,0.01213,-1.664,0.039,-1.176,1.307,4.096,1.093,0,0.00,0,0,0,1,1,0,-1.0000,0.000,0.000,0.0000,0.0000,0.0000,0,-1.0000,0.000
172,2.8667,0.0000,0.0000,0.0000,0.0000,0.0000,0.0000,0.0000,0.000,0.000,0.000,1,ROBOT,0,NAV_Idle,2.8500,50,150,0,0.0800,0,1,0.000,1.000,0.000,1.4070,2.8937,-2.6457,0,1.0000,1,1,0.0000,0,0.0000,0.0000,0.0000,0.0000,0.0000,1,45.00,3.0000,3.6500,8.5000,0.0000,6.0000,0.0000,45.00,0,0.00650,-1.663,0.039,-1.176,1.307,4.096,1.093,0,0.00,0,0,0,1,1,0,-1.0000,0.000,0.000,0.0000,0.0000,0.0000,0,-1.0000,0.000
173,2.8833,0.0000,0.0000,0.0000,0.0000,0.0000,0.0000,0.0000,0.000,0.000,0.000,1,ROBOT,0,NAV_Idle,2.8667,50,150,0,0.0800,0,1,0.000,1.000,0.000,1.4069,2.8939,-2.6461,0,1.0000,1,1,0.0000,0,0.0000,0.0000,0.0000,0.0000,0.0000,1,45.00,3.0000,3.6500,8.5000,0.0000,6.0000,0.0000,45.00,0,0.00649,-1.663,0.039,-1.177,1.307,4.096,1.095,0,0.00,0,0,0,1,1,0,-1.0000,0.000,0.000,0.0000,0.0000,0.0000,0,-1.0000,0.000
174,2.9000,0.0000,0.0000,0.0000,0.0000,0.0000,0.0000,0.0000,0.000,0.000,0.000,1,ROBOT,0,NAV_Idle,2.8833,50,150,0,0.0800,0,1,0.000,1.000,0.000,1.4070,2.8942,-2.6465,0,1.0000,1,1,0.0000,0,0.0000,0.0000,0.0000,0.0000,0.0000,1,45.00,3.0000,3.6500,8.5000,0.0000,6.0000,0.0000,45.00,0,0.00239,-1.662,0.039,-1.177,1.307,4.097,1.096,0,0.00,0,0,0,1,1,0,-1.0000,0.000,0.000,0.0000,0.0000,0.0000,0,-1.0000,0.000
175,2.9167,0.0000,0.0000,0.0000,0.0000,0.0000,0.0000,0.0000,0.000,0.000,0.000,1,ROBOT,0,NAV_Idle,2.9000,50,150,0,0.0800,0,1,0.000,1.000,0.000,1.4071,2.8944,-2.6468,0,1.0000,1,1,0.0000,0,0.0000,0.0000,0.0000,0.0000,0.0000,1,45.00,3.0000,3.6500,8.5000,0.0000,6.0000,0.0000,45.00,0,0.00241,-1.661,0.039,-1.178,1.307,4.097,1.097,0,0.00,0,0,0,1,1,0,-1.0000,0.000,0.000,0.0000,0.0000,0.0000,0,-1.0000,0.000
176,2.9333,0.0000,0.0000,0.0000,0.0000,0.0000,0.0000,0.0000,0.000,0.000,0.000,1,ROBOT,0,NAV_Idle,2.9167,50,150,0,0.0800,0,1,0.000,1.000,0.000,1.4072,2.8947,-2.6472,0,1.0000,1,1,0.0000,0,0.0000,0.0000,0.0000,0.0000,0.0000,1,45.00,3.0000,3.6500,8.5000,0.0000,6.0000,0.0000,45.00,0,0.01117,-1.661,0.039,-1.178,1.307,4.097,1.098,0,0.00,0,0,0,1,1,0,-1.0000,0.000,0.000,0.0000,0.0000,0.0000,0,-1.0000,0.000
177,2.9500,0.0000,0.0000,0.0000,0.0000,0.0000,0.0000,0.0000,0.000,0.000,0.000,1,ROBOT,0,NAV_Idle,2.9333,50,150,0,0.0800,0,1,0.000,1.000,0.000,1.4074,2.8950,-2.6476,0,1.0000,1,1,0.0000,0,0.0000,0.0000,0.0000,0.0000,0.0000,1,45.00,3.0000,3.6500,8.5000,0.0000,6.0000,0.0000,45.00,0,0.01113,-1.660,0.039,-1.178,1.307,4.097,1.099,0,0.00,0,0,0,1,1,0,-1.0000,0.000,0.000,0.0000,0.0000,0.0000,0,-1.0000,0.000
178,2.9667,0.0000,0.0000,0.0000,0.0000,0.0000,0.0000,0.0000,0.000,0.000,0.000,1,ROBOT,0,NAV_Idle,2.9500,50,150,0,0.0800,0,1,0.000,1.000,0.000,1.4075,2.8953,-2.6479,0,1.0000,1,1,0.0000,0,0.0000,0.0000,0.0000,0.0000,0.0000,1,45.00,3.0000,3.6500,8.5000,0.0000,6.0000,0.0000,45.00,0,0.02666,-1.660,0.039,-1.179,1.308,4.098,1.100,0,0.00,0,0,0,1,1,0,-1.0000,0.000,0.000,0.0000,0.0000,0.0000,0,-1.0000,0.000
179,2.9833,0.0000,0.0000,0.0000,0.0000,0.0000,0.0000,0.0000,0.000,0.000,0.000,1,ROBOT,0,NAV_Idle,2.9667,50,150,0,0.0800,0,1,0.000,1.000,0.000,1.4077,2.8956,-2.6482,0,1.0000,1,1,0.0000,0,0.0000,0.0000,0.0000,0.0000,0.0000,1,45.00,3.0000,3.6500,8.5000,0.0000,6.0000,0.0000,45.00,0,0.02722,-1.659,0.039,-1.179,1.308,4.098,1.102,0,0.00,0,0,0,1,1,0,-1.0000,0.000,0.000,0.0000,0.0000,0.0000,0,-1.0000,0.000
180,3.0000,0.0000,0.0000,0.0000,0.0000,0.0000,0.0000,0.0000,0.000,0.000,0.000,1,ROBOT,0,NAV_Idle,2.9833,50,150,0,0.0800,0,1,0.000,1.000,0.000,1.4079,2.8959,-2.6484,0,1.0000,1,1,0.0000,0,0.0000,0.0000,0.0000,0.0000,0.0000,1,45.00,3.0000,3.6500,8.5000,0.0000,6.0000,0.0000,45.00,0,0.03311,-1.658,0.039,-1.179,1.308,4.098,1.102,0,0.00,0,0,0,1,1,0,-1.0000,0.000,0.000,0.0000,0.0000,0.0000,0,-1.0000,0.000
181,3.0167,0.0000,0.0000,0.0000,0.0000,0.0000,0.0000,0.0000,0.000,0.000,0.000,1,ROBOT,0,NAV_Idle,3.0000,50,150,0,0.0800,0,1,0.000,1.000,0.000,1.4082,2.8962,-2.6487,0,1.0000,1,1,0.0000,0,0.0000,0.0000,0.0000,0.0000,0.0000,1,45.00,3.0000,3.6500,8.5000,0.0000,6.0000,0.0000,45.00,0,0.03386,-1.658,0.039,-1.180,1.308,4.098,1.102,0,0.00,0,0,0,1,1,0,-1.0000,0.000,0.000,0.0000,0.0000,0.0000,0,-1.0000,0.000
