step,elapsed,robot_clip_norm,vehicle_clip_norm,played_clip,played_t,robot_visible,vehicle_visible,expect_robot_visible,expect_vehicle_visible,arm_visible,weapon_visible,weapon_usable,form,collision_form,root_x,root_y,root_z,root_yaw_deg,vel_x,vel_y,vel_z,cam_x,cam_y,cam_z,cam_target_x,cam_target_y,cam_target_z,pose_delta,bb_h,flags
91,0.0167,0.0147,0.0147,Transform_ToRobot_VEH,0.0000,0,1,0,1,0,0,0,VEHICLE,ROBOT,0.0000,0.4552,-0.0000,0.00,0.000,-0.499,-0.000,0.063,5.833,9.344,0.000,6.455,-0.000,0.00536,2.585,
92,0.0333,0.0294,0.0294,Transform_ToRobot_VEH,0.0167,0,1,0,1,0,0,0,VEHICLE,ROBOT,0.0000,0.4387,-0.0000,0.00,0.000,-0.989,-0.000,0.220,5.784,9.268,0.000,6.439,-0.000,0.12819,2.545,
93,0.0500,0.0441,0.0441,Transform_ToRobot_VEH,0.0333,0,1,0,1,0,0,0,VEHICLE,ROBOT,0.0000,0.4141,-0.0000,0.00,0.000,-1.479,-0.000,0.431,5.715,9.166,0.000,6.414,-0.000,0.30649,2.467,
94,0.0667,0.0588,0.0588,Transform_ToRobot_VEH,0.0500,0,1,0,1,0,0,0,VEHICLE,ROBOT,0.0000,0.3813,-0.0000,0.00,0.000,-1.969,-0.000,0.668,5.633,9.050,0.000,6.381,-0.000,0.41400,2.409,
95,0.0833,0.0735,0.0735,Transform_ToRobot_VEH,0.0667,0,1,0,1,0,0,0,VEHICLE,ROBOT,0.0000,0.3403,-0.0000,0.00,0.000,-2.459,-0.000,0.912,5.541,8.929,0.000,6.340,-0.000,0.44160,2.366,
96,0.1000,0.0882,0.0882,Transform_ToRobot_VEH,0.0833,0,1,1,1,0,0,0,VEHICLE,ROBOT,0.0000,0.2911,-0.0000,0.00,0.000,-2.949,-0.000,1.152,5.441,8.810,0.000,6.291,-0.000,0.58993,2.458,
97,0.1167,0.1029,0.1029,Transform_ToRobot_VEH,0.1000,1,1,1,1,1,0,0,VEHICLE,ROBOT,0.0000,0.2338,-0.0000,0.00,0.000,-3.439,-0.000,1.379,5.336,8.696,0.000,6.234,-0.000,0.56866,2.521,target_mesh_appears;
98,0.1333,0.1176,0.1176,Transform_ToRobot_VEH,0.1167,1,1,1,1,1,0,0,VEHICLE,ROBOT,0.0000,0.1683,-0.0000,0.00,0.000,-3.929,-0.000,1.589,5.227,8.589,0.000,6.168,-0.000,0.35693,2.429,
99,0.1500,0.1324,0.1324,Transform_ToRobot_VEH,0.1333,1,1,1,1,1,0,0,VEHICLE,ROBOT,0.0000,0.0947,-0.0000,0.00,0.000,-4.419,-0.000,1.779,5.113,8.490,0.000,6.095,-0.000,0.34609,2.397,
100,0.1667,0.1471,0.1471,Transform_ToRobot_VEH,0.1500,1,1,1,1,1,0,0,VEHICLE,ROBOT,0.0000,0.0129,-0.0000,0.00,0.000,-4.909,-0.000,1.950,4.995,8.400,0.000,6.013,-0.000,0.35615,2.410,
101,0.1833,0.1618,0.1618,Transform_ToRobot_VEH,0.1667,1,1,1,1,1,0,0,VEHICLE,ROBOT,0.0000,0.0000,-0.0000,0.00,0.000,0.000,-0.000,2.101,4.950,8.318,0.000,6.000,-0.000,0.36851,2.434,
102,0.2000,0.1765,0.1765,Transform_ToRobot_VEH,0.1833,1,1,1,1,1,0,0,VEHICLE,ROBOT,0.0000,0.0000,-0.0000,0.00,0.000,0.000,0.000,2.233,4.922,8.244,0.000,6.000,-0.000,0.38655,2.401,
103,0.2167,0.1912,0.1912,Transform_ToRobot_VEH,0.2000,1,1,1,1,1,0,0,VEHICLE,ROBOT,0.0000,0.0000,-0.0000,0.00,0.000,0.000,0.000,2.349,4.898,8.177,0.000,6.000,-0.000,0.42060,2.386,
104,0.2333,0.2059,0.2059,Transform_ToRobot_VEH,0.2167,1,1,1,1,1,0,0,VEHICLE,ROBOT,0.0000,0.0000,-0.0000,0.00,0.000,0.000,0.000,2.448,4.876,8.117,0.000,6.000,-0.000,0.48026,2.397,
105,0.2500,0.2206,0.2206,Transform_ToRobot_VEH,0.2333,1,1,1,1,1,0,0,VEHICLE,ROBOT,0.0000,0.0000,-0.0000,0.00,0.000,0.000,0.000,2.534,4.858,8.063,0.000,6.000,-0.000,0.50631,2.402,
106,0.2667,0.2353,0.2353,Transform_ToRobot_VEH,0.2500,1,1,1,1,1,0,0,VEHICLE,ROBOT,0.0000,0.0000,-0.0000,0.00,0.000,0.000,0.000,2.608,4.842,8.014,0.000,6.000,-0.000,0.53746,2.425,
107,0.2833,0.2500,0.2500,Transform_ToRobot_VEH,0.2667,1,1,1,1,1,0,0,VEHICLE,ROBOT,0.0000,0.0000,-0.0000,0.00,0.000,0.000,0.000,2.671,4.828,7.970,0.000,6.000,-0.000,0.55222,2.438,
108,0.3000,0.2647,0.2647,Transform_ToRobot_VEH,0.2833,1,1,1,1,1,1,0,VEHICLE,ROBOT,0.0000,0.0000,-0.0000,0.00,0.000,0.000,0.000,2.724,4.816,7.929,0.000,6.000,-0.000,20.14189,22.117,far_vertices;far_geometry_visible;
109,0.3167,0.2794,0.2794,Transform_ToRobot_VEH,0.3000,1,1,1,1,1,1,0,VEHICLE,ROBOT,0.0000,0.0000,-0.0000,0.00,0.000,0.000,0.000,2.769,4.806,7.892,0.000,6.000,-0.000,20.14181,42.122,far_vertices;far_geometry_visible;
110,0.3333,0.2941,0.2941,Transform_ToRobot_VEH,0.3167,1,1,1,1,1,1,0,VEHICLE,ROBOT,0.0000,0.0000,-0.0000,0.00,0.000,0.000,0.000,2.807,4.797,7.857,0.000,6.000,-0.000,0.28457,42.133,far_vertices;far_geometry_visible;
111,0.3500,0.3088,0.3088,Transform_ToRobot_VEH,0.3333,1,1,1,1,1,1,0,VEHICLE,ROBOT,0.0000,0.0000,-0.0000,0.00,0.000,0.000,0.000,2.839,4.789,7.824,0.000,6.000,-0.000,0.28587,42.119,far_vertices;far_geometry_visible;
112,0.3667,0.3235,0.3235,Transform_ToRobot_VEH,0.3500,1,1,1,1,1,1,0,VEHICLE,ROBOT,0.0000,0.0000,-0.0000,0.00,0.000,0.000,0.000,2.866,4.783,7.793,0.000,6.000,-0.000,0.30236,42.180,far_vertices;far_geometry_visible;
113,0.3833,0.3382,0.3382,Transform_ToRobot_VEH,0.3667,1,1,1,1,1,1,0,VEHICLE,ROBOT,0.0000,0.0000,-0.0000,0.00,0.000,0.000,0.000,2.889,4.777,7.764,0.000,6.000,-0.000,0.30076,42.298,far_vertices;far_geometry_visible;
114,0.4000,0.3529,0.3529,Transform_ToRobot_VEH,0.3833,1,1,1,1,1,1,0,VEHICLE,ROBOT,0.0000,0.0000,-0.0000,0.00,0.000,0.000,0.000,2.908,4.772,7.736,0.000,6.000,-0.000,0.64935,42.390,far_vertices;far_geometry_visible;
115,0.4167,0.3676,0.3676,Transform_ToRobot_VEH,0.4000,1,1,1,1,1,1,0,VEHICLE,ROBOT,0.0000,0.0000,-0.0000,0.00,0.000,0.000,0.000,2.923,4.768,7.709,0.000,6.000,-0.000,0.64673,42.545,far_vertices;far_geometry_visible;
116,0.4333,0.3824,0.3824,Transform_ToRobot_VEH,0.4167,1,1,1,1,1,1,0,VEHICLE,ROBOT,0.0000,0.0000,-0.0000,0.00,0.000,0.000,0.000,2.937,4.764,7.683,0.000,6.000,-0.000,0.57004,42.665,far_vertices;far_geometry_visible;
117,0.4500,0.3971,0.3971,Transform_ToRobot_VEH,0.4333,1,1,1,1,1,1,0,VEHICLE,ROBOT,0.0000,0.0000,-0.0000,0.00,0.000,0.000,0.000,2.948,4.761,7.657,0.000,6.000,-0.000,0.62908,42.765,far_vertices;far_geometry_visible;
118,0.4667,0.4118,0.4118,Transform_ToRobot_VEH,0.4500,1,1,1,1,1,1,0,VEHICLE,ROBOT,0.0000,0.0000,-0.0000,0.00,0.000,0.000,0.000,2.957,4.758,7.632,0.000,6.000,-0.000,0.43112,42.842,far_vertices;far_geometry_visible;
119,0.4833,0.4265,0.4265,Transform_ToRobot_VEH,0.4667,1,1,1,1,1,1,0,VEHICLE,ROBOT,0.0000,0.0000,-0.0000,0.00,0.000,0.000,0.000,2.964,4.755,7.607,0.000,6.000,-0.000,0.42432,42.974,far_vertices;far_geometry_visible;
120,0.5000,0.4412,0.4412,Transform_ToRobot_VEH,0.4833,1,1,1,1,1,1,1,VEHICLE,ROBOT,0.0000,0.0000,-0.0000,0.00,0.000,0.000,0.000,2.970,4.753,7.582,0.000,6.000,-0.000,0.86722,43.060,far_vertices;far_geometry_visible;
121,0.5167,0.4559,0.4559,Transform_ToRobot_VEH,0.5000,1,1,1,1,1,1,1,VEHICLE,ROBOT,0.0000,0.0000,-0.0000,0.00,0.000,0.000,0.000,2.976,4.751,7.557,0.000,6.000,-0.000,0.95300,43.082,far_vertices;far_geometry_visible;
122,0.5333,0.4706,0.4706,Transform_ToRobot_VEH,0.5167,1,1,1,1,1,1,1,VEHICLE,ROBOT,0.0000,0.0000,-0.0000,0.00,0.000,0.000,0.000,2.980,4.749,7.533,0.000,6.000,-0.000,0.87919,43.019,far_vertices;far_geometry_visible;
123,0.5500,0.4853,0.4853,Transform_ToRobot_VEH,0.5333,1,1,1,1,1,1,1,VEHICLE,ROBOT,0.0000,0.0000,-0.0000,0.00,0.000,0.000,0.000,2.984,4.747,7.508,0.000,6.000,-0.000,0.81773,42.919,far_vertices;far_geometry_visible;
124,0.5667,0.5000,0.5000,Transform_ToRobot_VEH,0.5500,1,1,1,1,1,1,1,VEHICLE,ROBOT,0.0000,0.0000,-0.0000,0.00,0.000,0.000,0.000,2.986,4.745,7.484,0.000,6.000,-0.000,0.85385,42.792,far_vertices;far_geometry_visible;
125,0.5833,0.5147,0.5147,Transform_ToRobot_VEH,0.5667,1,1,1,1,1,1,1,VEHICLE,ROBOT,0.0000,0.0000,-0.0000,0.00,0.000,0.000,0.000,2.989,4.743,7.459,0.000,6.000,-0.000,0.80069,42.653,far_vertices;far_geometry_visible;
126,0.6000,0.5294,0.5294,Transform_ToRobot_VEH,0.5833,1,1,1,1,1,1,1,VEHICLE,ROBOT,0.0000,0.0000,-0.0000,0.00,0.000,0.000,0.000,2.991,4.742,7.435,0.000,6.000,-0.000,0.65517,42.526,far_vertices;far_geometry_visible;
127,0.6167,0.5441,0.5441,Transform_ToRobot_VEH,0.6000,1,1,1,1,1,1,1,VEHICLE,ROBOT,0.0000,0.0000,-0.0000,0.00,0.000,0.000,0.000,2.992,4.740,7.410,0.000,6.000,-0.000,0.63184,42.461,far_vertices;far_geometry_visible;
128,0.6333,0.5588,0.5588,Transform_ToRobot_VEH,0.6167,1,1,1,1,1,1,1,VEHICLE,ROBOT,0.0000,0.0000,-0.0000,0.00,0.000,0.000,0.000,2.994,4.739,7.385,0.000,6.000,-0.000,0.69922,42.287,far_vertices;far_geometry_visible;
129,0.6500,0.5735,0.5735,Transform_ToRobot_VEH,0.6333,1,1,1,1,1,1,1,VEHICLE,ROBOT,0.0000,0.0000,-0.0000,0.00,0.000,0.000,0.000,2.995,4.737,7.361,0.000,6.000,-0.000,0.67698,42.192,far_vertices;far_geometry_visible;
130,0.6667,0.5882,0.5882,Transform_ToRobot_VEH,0.6500,1,1,1,0,1,1,1,VEHICLE,ROBOT,0.0000,0.0000,-0.0000,0.00,0.000,0.000,0.000,2.996,4.736,7.336,0.000,6.000,-0.000,0.00000,42.192,authored_hold;far_vertices;far_geometry_visible;
131,0.6833,0.6029,0.6029,Transform_ToRobot_ROBO,0.6667,1,0,1,0,1,1,1,ROBOT,ROBOT,0.0000,0.0000,-0.0000,0.00,0.000,0.000,0.000,2.997,4.735,7.311,0.000,6.000,-0.000,-1.00000,4.859,
132,0.7000,0.6176,0.6176,Transform_ToRobot_ROBO,0.6833,1,0,1,0,1,1,1,ROBOT,ROBOT,0.0000,0.0000,-0.0000,0.00,0.000,0.000,0.000,2.997,4.733,7.286,0.000,6.000,-0.000,0.42340,4.741,
133,0.7167,0.6324,0.6324,Transform_ToRobot_ROBO,0.7000,1,0,1,0,1,1,1,ROBOT,ROBOT,0.0000,0.0000,-0.0000,0.00,0.000,0.000,0.000,2.998,4.732,7.261,0.000,6.000,-0.000,0.40929,4.604,
134,0.7333,0.6471,0.6471,Transform_ToRobot_ROBO,0.7167,1,0,1,0,1,1,1,ROBOT,ROBOT,0.0000,0.0000,-0.0000,0.00,0.000,0.000,0.000,2.998,4.731,7.236,0.000,6.000,-0.000,0.42216,4.502,
135,0.7500,0.6618,0.6618,Transform_ToRobot_ROBO,0.7333,1,0,1,0,1,1,1,ROBOT,ROBOT,0.0000,0.0000,-0.0000,0.00,0.000,0.000,0.000,2.998,4.729,7.212,0.000,6.000,-0.000,0.43423,4.391,
136,0.7667,0.6765,0.6765,Transform_ToRobot_ROBO,0.7500,1,0,1,0,1,1,1,ROBOT,ROBOT,0.0000,0.0000,-0.0000,0.00,0.000,0.000,0.000,2.999,4.728,7.187,0.000,6.000,-0.000,0.43595,4.303,
137,0.7833,0.6912,0.6912,Transform_ToRobot_ROBO,0.7667,1,0,1,0,1,1,1,ROBOT,ROBOT,0.0000,0.0000,-0.0000,0.00,0.000,0.000,0.000,2.999,4.727,7.162,0.000,6.000,-0.000,0.42796,4.216,
138,0.8000,0.7059,0.7059,Transform_ToRobot_ROBO,0.7833,1,0,1,0,1,1,1,ROBOT,ROBOT,0.0000,0.0000,-0.0000,0.00,0.000,0.000,0.000,2.999,4.725,7.137,0.000,6.000,-0.000,0.41350,4.123,
139,0.8167,0.7206,0.7206,Transform_ToRobot_ROBO,0.8000,1,0,1,0,1,1,1,ROBOT,ROBOT,0.0000,0.0000,-0.0000,0.00,0.000,0.000,0.000,2.999,4.724,7.113,0.000,6.000,-0.000,0.40229,4.057,
140,0.8333,0.7353,0.7353,Transform_ToRobot_ROBO,0.8167,1,0,1,0,1,1,1,ROBOT,ROBOT,0.0000,0.0000,-0.0000,0.00,0.000,0.000,0.000,2.999,4.723,7.088,0.000,6.000,-0.000,0.36184,4.045,
141,0.8500,0.7500,0.7500,Transform_ToRobot_ROBO,0.8333,1,0,1,0,1,1,1,ROBOT,ROBOT,0.0000,0.0000,-0.0000,0.00,0.000,0.000,0.000,3.000,4.722,7.064,0.000,6.000,-0.000,0.36847,4.046,
142,0.8667,0.7647,0.7647,Transform_ToRobot_ROBO,0.8500,1,0,1,0,1,1,1,ROBOT,ROBOT,0.0000,0.0000,-0.0000,0.00,0.000,0.000,0.000,3.000,4.720,7.039,0.000,6.000,-0.000,0.54983,4.049,
143,0.8833,0.7794,0.7794,Transform_ToRobot_ROBO,0.8667,1,0,1,0,1,1,1,ROBOT,ROBOT,0.0000,0.0000,-0.0000,0.00,0.000,0.000,0.000,3.000,4.719,7.015,0.000,6.000,-0.000,0.49174,4.044,
144,0.9000,0.7941,0.7941,Transform_ToRobot_ROBO,0.8833,1,0,1,0,1,1,1,ROBOT,ROBOT,0.0000,0.0000,-0.0000,0.00,0.000,0.000,0.000,3.000,4.718,6.991,0.000,6.000,-0.000,0.31455,4.040,
145,0.9167,0.8088,0.8088,Transform_ToRobot_ROBO,0.9000,1,0,1,0,1,1,1,ROBOT,ROBOT,0.0000,0.0000,-0.0000,0.00,0.000,0.000,0.000,3.000,4.717,6.968,0.000,6.000,-0.000,0.31771,4.047,
146,0.9333,0.8235,0.8235,Transform_ToRobot_ROBO,0.9167,1,0,1,0,1,1,1,ROBOT,ROBOT,0.0000,0.0000,-0.0000,0.00,0.000,0.000,0.000,3.000,4.716,6.944,0.000,6.000,-0.000,0.27256,4.062,
147,0.9500,0.8382,0.8382,Transform_ToRobot_ROBO,0.9333,1,0,1,0,1,1,1,ROBOT,ROBOT,0.0000,0.0000,-0.0000,0.00,0.000,0.000,0.000,3.000,4.714,6.921,0.000,6.000,-0.000,0.27138,4.071,
148,0.9667,0.8529,0.8529,Transform_ToRobot_ROBO,0.9500,1,0,1,0,1,1,1,ROBOT,ROBOT,0.0000,0.0000,-0.0000,0.00,0.000,0.000,0.000,3.000,4.713,6.898,0.000,6.000,-0.000,0.27466,4.068,
149,0.9833,0.8676,0.8676,Transform_ToRobot_ROBO,0.9667,1,0,1,0,1,1,1,ROBOT,ROBOT,0.0000,0.0000,-0.0000,0.00,0.000,0.000,0.000,3.000,4.712,6.876,0.000,6.000,-0.000,0.28070,4.059,
150,1.0000,0.8824,0.8824,Transform_ToRobot_ROBO,0.9833,1,0,1,0,1,1,1,ROBOT,ROBOT,0.0000,0.0000,-0.0000,0.00,0.000,0.000,0.000,3.000,4.711,6.854,0.000,6.000,-0.000,0.20800,4.062,
151,1.0167,0.8971,0.8971,Transform_ToRobot_ROBO,1.0000,1,0,1,0,1,1,1,ROBOT,ROBOT,0.0000,0.0000,-0.0000,0.00,0.000,0.000,0.000,3.000,4.710,6.832,0.000,6.000,-0.000,0.21150,4.073,
152,1.0333,0.9118,0.9118,Transform_ToRobot_ROBO,1.0167,1,0,1,0,1,1,1,ROBOT,ROBOT,0.0000,0.0000,-0.0000,0.00,0.000,0.000,0.000,3.000,4.709,6.811,0.000,6.000,-0.000,0.25962,4.141,
153,1.0500,0.9265,0.9265,Transform_ToRobot_ROBO,1.0333,1,0,1,0,1,1,1,ROBOT,ROBOT,0.0000,0.0000,-0.0000,0.00,0.000,0.000,0.000,3.000,4.708,6.790,0.000,6.000,-0.000,0.22499,4.231,
154,1.0667,0.9412,0.9412,Transform_ToRobot_ROBO,1.0500,1,0,1,0,1,1,1,ROBOT,ROBOT,0.0000,0.0000,-0.0000,0.00,0.000,0.000,0.000,3.000,4.707,6.769,0.000,6.000,-0.000,0.20798,4.208,
155,1.0833,0.9559,0.9559,Transform_ToRobot_ROBO,1.0667,1,0,1,0,1,1,1,ROBOT,ROBOT,0.0000,0.0000,-0.0000,0.00,0.000,0.000,0.000,3.000,4.706,6.749,0.000,6.000,-0.000,0.21023,4.184,
156,1.1000,0.9706,0.9706,Transform_ToRobot_ROBO,1.0833,1,0,1,0,1,1,1,ROBOT,ROBOT,0.0000,0.0000,-0.0000,0.00,0.000,0.000,0.000,3.000,4.705,6.729,0.000,6.000,-0.000,0.19967,4.155,
157,1.1167,0.9853,0.9853,Transform_ToRobot_ROBO,1.1000,1,0,1,0,0,1,1,ROBOT,ROBOT,0.0000,0.0000,-0.0000,0.00,0.000,0.000,0.000,3.000,4.704,6.710,0.000,6.000,-0.000,0.20277,4.140,
158,1.1333,1.0000,1.0000,Transform_ToRobot_ROBO,1.1167,1,0,1,0,0,1,1,ROBOT,ROBOT,0.0000,0.0000,-0.0000,0.00,0.000,0.000,0.000,3.000,4.703,6.692,0.000,6.000,-0.000,0.19751,4.099,
159,1.1500,1.0147,1.0147,Transform_ToRobot_ROBO,1.1333,1,0,1,0,0,1,1,ROBOT,ROBOT,0.0000,0.0000,-0.0000,0.00,0.000,0.000,0.000,3.000,4.702,6.674,0.000,6.000,-0.000,0.20079,4.056,
160,1.1667,1.0294,1.0294,NAV_Idle,0.0000,1,0,1,0,0,1,1,ROBOT,ROBOT,0.0000,0.0000,-0.0000,0.00,0.000,0.000,0.000,3.000,4.701,6.656,0.000,6.000,-0.000,0.00274,4.056,
161,1.1833,1.0441,1.0441,NAV_Idle,0.0167,1,0,1,0,0,1,1,ROBOT,ROBOT,0.0000,0.0000,-0.0000,0.00,0.000,0.000,0.000,3.000,4.700,6.640,0.000,6.000,-0.000,0.04240,4.055,
162,1.2000,1.0588,1.0588,NAV_Idle,0.0333,1,0,1,0,0,1,1,ROBOT,ROBOT,0.0000,0.0000,-0.0000,0.00,0.000,0.000,0.000,3.000,4.700,6.624,0.000,6.000,-0.000,0.11506,4.060,
163,1.2167,1.0735,1.0735,NAV_Idle,0.0500,1,0,1,0,0,1,1,ROBOT,ROBOT,0.0000,0.0000,-0.0000,0.00,0.000,0.000,0.000,3.000,4.699,6.608,0.000,6.000,-0.000,0.17482,4.065,
164,1.2333,1.0882,1.0882,NAV_Idle,0.0667,1,0,1,0,0,1,1,ROBOT,ROBOT,0.0000,0.0000,-0.0000,0.00,0.000,0.000,0.000,3.000,4.698,6.593,0.000,6.000,-0.000,0.22125,4.053,
165,1.2500,1.1029,1.1029,NAV_Idle,0.0833,1,0,1,0,0,1,1,ROBOT,ROBOT,0.0000,0.0000,-0.0000,0.00,0.000,0.000,0.000,3.000,4.697,6.579,0.000,6.000,-0.000,0.25576,4.054,
166,1.2667,1.1176,1.1176,NAV_Idle,0.1000,1,0,1,0,0,1,1,ROBOT,ROBOT,0.0000,0.0000,-0.0000,0.00,0.000,0.000,0.000,3.000,4.697,6.566,0.000,6.000,-0.000,0.27800,4.060,
167,1.2833,1.1324,1.1324,NAV_Idle,0.1167,1,0,1,0,0,1,1,ROBOT,ROBOT,0.0000,0.0000,-0.0000,0.00,0.000,0.000,0.000,3.000,4.696,6.553,0.000,6.000,-0.000,0.28873,4.053,
168,1.3000,1.1471,1.1471,NAV_Idle,0.1333,1,0,1,0,0,1,1,ROBOT,ROBOT,0.0000,0.0000,-0.0000,0.00,0.000,0.000,0.000,3.000,4.695,6.541,0.000,6.000,-0.000,0.28740,4.069,
169,1.3167,1.1618,1.1618,NAV_Idle,0.1500,1,0,1,0,0,1,1,ROBOT,ROBOT,0.0000,0.0000,-0.0000,0.00,0.000,0.000,0.000,3.000,4.695,6.530,0.000,6.000,-0.000,0.26990,4.071,
170,1.3333,1.1765,1.1765,NAV_Idle,0.1667,1,0,1,0,0,1,1,ROBOT,ROBOT,0.0000,0.0000,-0.0000,0.00,0.000,0.000,0.000,3.000,4.694,6.520,0.000,6.000,-0.000,0.24622,4.071,
171,1.3500,1.1912,1.1912,NAV_Idle,0.1833,1,0,1,0,0,1,1,ROBOT,ROBOT,0.0000,0.0000,-0.0000,0.00,0.000,0.000,0.000,3.000,4.694,6.511,0.000,6.000,-0.000,0.21425,4.072,
172,1.3667,1.2059,1.2059,NAV_Idle,0.2000,1,0,1,0,0,1,1,ROBOT,ROBOT,0.0000,0.0000,-0.0000,0.00,0.000,0.000,0.000,3.000,4.693,6.502,0.000,6.000,-0.000,0.17624,4.073,
173,1.3833,1.2206,1.2206,NAV_Idle,0.2167,1,0,1,0,0,1,1,ROBOT,ROBOT,0.0000,0.0000,-0.0000,0.00,0.000,0.000,0.000,3.000,4.693,6.495,0.000,6.000,-0.000,0.13216,4.074,
174,1.4000,1.2353,1.2353,NAV_Idle,0.2333,1,0,1,0,0,1,1,ROBOT,ROBOT,0.0000,0.0000,-0.0000,0.00,0.000,0.000,0.000,3.000,4.693,6.488,0.000,6.000,-0.000,0.08287,4.075,
175,1.4167,1.2500,1.2500,NAV_Idle,0.2500,1,0,1,0,0,1,1,ROBOT,ROBOT,0.0000,0.0000,-0.0000,0.00,0.000,0.000,0.000,3.000,4.692,6.482,0.000,6.000,-0.000,0.02784,4.078,
176,1.4333,1.2647,1.2647,NAV_Idle,0.2667,1,0,1,0,0,1,1,ROBOT,ROBOT,0.0000,0.0000,-0.0000,0.00,0.000,0.000,0.000,3.000,4.692,6.478,0.000,6.000,-0.000,0.02022,4.079,
177,1.4500,1.2794,1.2794,NAV_Idle,0.2833,1,0,1,0,0,1,1,ROBOT,ROBOT,0.0000,0.0000,-0.0000,0.00,0.000,0.000,0.000,3.000,4.692,6.474,0.000,6.000,-0.000,0.01996,4.080,
