"cycle","mapId","level","loaded_private_mb","unloaded_private_mb","frontend_private_mb","frontend_ws_mb","handles","threads","gl_released","load_s"
"1","508","MP_IAC_Streets","2849.582","2522.426","2141.3","567.5","668","21","textures=72 buffers=0 framebuffers=0 renderbuffers=0 vertexArrays=0 programs=0","5.529"
"2","510","MP_UND_Gorge","2865.016","2536.062","2222.5","624.1","675","19","textures=60 buffers=0 framebuffers=0 renderbuffers=0 vertexArrays=0 programs=0","5.238"
"3","501","MP_IAC_Seed","3486.336","3026.75","2289.9","696.1","680","17","textures=91 buffers=0 framebuffers=0 renderbuffers=0 vertexArrays=0 programs=0","6.052"
"4","502","MP_IAC_Berth","2861.988","2582.492","2397.5","753.7","686","16","textures=61 buffers=0 framebuffers=0 renderbuffers=0 vertexArrays=0 programs=0","4.421"
"5","503","MP_UND_Complex","3146.387","2825.816","2430.7","796.5","690","16","textures=72 buffers=0 framebuffers=0 renderbuffers=0 vertexArrays=0 programs=0","5.340"
"6","504","MP_IAC_Rust","3639.945","3295.586","2503.1","871.5","698","12","textures=105 buffers=0 framebuffers=0 renderbuffers=0 vertexArrays=0 programs=0","6.676"
"7","507","MP_ORB_Debris","3177.84","2920.785","2533.7","889.2","706","18","textures=49 buffers=0 framebuffers=0 renderbuffers=0 vertexArrays=0 programs=0","5.183"
"8","509","MP_KON_Molten","3372.289","3056.004","2512.8","923.9","715","12","textures=61 buffers=0 framebuffers=0 renderbuffers=0 vertexArrays=0 programs=0","5.541"
"9","508","MP_IAC_Streets","3160.246","2910.473","2526.4","938.8","721","14","textures=72 buffers=0 framebuffers=0 renderbuffers=0 vertexArrays=0 programs=0","4.549"
"10","510","MP_UND_Gorge","3024.344","2894.387","2521","930.5","729","14","textures=60 buffers=0 framebuffers=0 renderbuffers=0 vertexArrays=0 programs=0","4.071"
"11","501","MP_IAC_Seed","3553.688","3205.09","2532.1","939.7","738","13","textures=91 buffers=0 framebuffers=0 renderbuffers=0 vertexArrays=0 programs=0","5.181"
"12","502","MP_IAC_Berth","2901.797","2746.758","2537.7","947.8","744","15","textures=61 buffers=0 framebuffers=0 renderbuffers=0 vertexArrays=0 programs=0","3.766"
"13","503","MP_UND_Complex","3138.066","2909.602","2541.9","948.3","752","14","textures=72 buffers=0 framebuffers=0 renderbuffers=0 vertexArrays=0 programs=0","4.386"
"14","504","MP_IAC_Rust","3574.078","3328.398","2547","953","762","14","textures=105 buffers=0 framebuffers=0 renderbuffers=0 vertexArrays=0 programs=0","5.600"
"15","507","MP_ORB_Debris","3109.801","2936.109","2528","937.7","768","13","textures=49 buffers=0 framebuffers=0 renderbuffers=0 vertexArrays=0 programs=0","4.534"
"16","509","MP_KON_Molten","3236.422","3026.848","2539.8","948.9","777","13","textures=61 buffers=0 framebuffers=0 renderbuffers=0 vertexArrays=0 programs=0","4.462"
"17","508","MP_IAC_Streets","3168.121","2914.824","2541.6","950.5","785","13","textures=72 buffers=0 framebuffers=0 renderbuffers=0 vertexArrays=0 programs=0","4.995"
