"view","grad","luma","iou","detail","ref_detail","ratio"
"s10892","1","1","1","0.238","0.238","1"
"s12584","1","1","1","0.145","0.145","1"
"s13643","1","1","1","0.292","0.292","1"
"s15354","1","1","1","0.114","0.114","1"
"s1627","1","1","1","0.303","0.303","1"
"s2152","1","1","1","0.381","0.381","1"
"s2694","1","1","1","0.377","0.377","1"
"s5269","1","1","1","0.635","0.635","1"
"s606","1","1","1","0.559","0.559","1"
"s6923","1","1","1","0.361","0.361","1"
"s7924","1","1","1","0.452","0.452","1"
"s8835","1","1","1","0.54","0.54","1"
"s12481","1","1","1","0.152","0.152","1"
