"phase","frames","frame_ms","p95_ms","particles","meshes","samples","cost_present","cost_visibility","cost_lighting","cost_trace","cost_particles","cost_audio","cost_weapon","cost_anim","cost_render","cost_sim","cost_other","origin_shell_mag","origin_weapon_fx","origin_vehicle_fx","origin_character","origin_hitscan","origin_world","origin_audio","origin_sim","origin_present","origin_other"
"held.mag1_2_3s","4","298.68","308.8","159","15","798","0","11.98","0","268.36","0.37","2.25","1.5","7.11","7.11","0","0","11.98","0.75","0","11.6","267.61","3.74","2.25","0.75","0","0"
"held.all","418","61.65","296","234","16","16888","0.04","3.57","0.02","47.28","0.08","0.65","0.42","1.66","7.94","0","0","3.37","0.1","0.01","6.6","47.02","3.35","0.65","0.53","0.04","0"
"held_fire.ms_per_cumulative_shot","418","-0.6469","-0.101",,,"0",,,,,,,,,,,,,,,,,,,,,
"held_fire.ms_per_live_mesh_particle","418","13.693","0.636",,,"0",,,,,,,,,,,,,,,,,,,,,
"idle.steady","713","6.92","8.1","0","0","3287","0.05","0","0","0.13","0","0.04","0.1","0.31","6.29","0","0","0","0","0","3.69","0","2.76","0.04","0.37","0.05","0"
"burst.firing","11","367.34","851","193","15","2468","0","9.97","0.15","282.35","0","2.53","1.93","7.29","63.11","0","0","9.82","0.3","0","59.24","281.75","12.5","2.53","1.19","0","0"
"burst.after_0_1s","83","11.99","17.3","116","14","652","0.02","3.24","0.06","0.22","0.06","0.39","0.24","0.81","6.97","0","0","3.05","0.06","0","4.67","0","3.29","0.39","0.51","0.02","0"
"burst.after_1_3s","262","7.64","9.5","12","1","1331","0.06","0.01","0","0.13","0.01","0.11","0.12","0.42","6.78","0","0","0.01","0","0","4","0","3.12","0.11","0.34","0.06","0"
"burst.settled","542","7.36","9.3","0","1","2659","0.04","0","0","0.1","0.01","0.03","0.13","0.38","6.66","0","0","0","0","0","3.97","0","3.02","0.03","0.29","0.04","0"
"fineaim.steady","652","5.83","7.7","0","0","2529","0.07","0","0","0.17","0","0.04","0.08","0.29","5.17","0","0","0","0","0","3.86","0.01","1.49","0.04","0.35","0.07","0"
"walk.steady","675","5.85","7.5","0","0","2630","0.05","0.1","0.01","0.12","0.01","0.04","0.08","0.3","5.15","0","0","0","0","0.01","3.78","0.01","1.7","0.04","0.26","0.05","0"
