frame,t,dt,ammo,reserve,reloading,fineaim,hspeed,particles,meshes,impacts,fov
1,12.6730,0.0000,50,150,0,0,0.00,0,0,0,80.0
2,13.0523,0.3793,48,150,0,0,0.00,131,3,2,80.0
3,13.8957,0.8434,46,150,0,0,0.00,140,5,2,80.0
4,14.1879,0.2922,44,150,0,0,0.00,151,6,3,80.0
5,14.4773,0.2894,42,150,0,0,0.00,163,9,4,80.0
6,14.7635,0.2861,40,150,0,0,0.00,193,11,5,80.0
7,15.0524,0.2889,38,150,0,0,0.00,159,12,4,80.0
8,15.3511,0.2987,36,150,0,0,0.00,121,15,3,80.0
9,15.6494,0.2983,34,150,0,0,0.00,154,15,3,80.0
10,15.9582,0.3088,32,150,0,0,0.00,133,15,3,80.0
11,16.2697,0.3116,30,150,0,0,0.00,109,15,1,80.0
12,16.5524,0.2826,28,150,0,0,0.00,151,15,2,80.0
13,16.8488,0.2964,26,150,0,0,0.00,134,15,2,80.0
14,17.1404,0.2916,24,150,0,0,0.00,140,15,2,80.0
15,17.4227,0.2823,22,150,0,0,0.00,200,15,4,80.0
16,17.7155,0.2927,20,150,0,0,0.00,212,15,5,80.0
17,18.0111,0.2956,18,150,0,0,0.00,192,15,5,80.0
18,18.2965,0.2854,16,150,0,0,0.00,184,15,4,80.0
19,18.5915,0.2950,14,150,0,0,0.00,172,15,5,80.0
20,18.8672,0.2757,12,150,0,0,0.00,169,15,3,80.0
21,19.1552,0.2879,10,150,0,0,0.00,234,15,5,80.0
22,19.4443,0.2892,8,150,0,0,0.00,199,15,5,80.0
23,19.7380,0.2937,6,150,0,0,0.00,132,15,4,80.0
24,20.0166,0.2786,4,150,0,0,0.00,157,15,4,80.0
25,20.3062,0.2896,2,150,0,0,0.00,137,15,4,80.0
26,20.5882,0.2820,0,150,0,0,0.00,154,14,3,80.0
27,20.6135,0.0254,0,150,1,0,0.00,154,14,3,80.0
28,20.6365,0.0230,0,150,1,0,0.00,154,14,3,80.0
29,20.6534,0.0168,0,150,1,0,0.00,154,14,3,80.0
30,20.6729,0.0196,0,150,1,0,0.00,105,13,3,80.0
31,20.6903,0.0173,0,150,1,0,0.00,105,13,3,80.0
32,20.7064,0.0161,0,150,1,0,0.00,105,13,3,80.0
33,20.7243,0.0179,0,150,1,0,0.00,105,13,3,80.0
34,20.7421,0.0178,0,150,1,0,0.00,105,13,3,80.0
35,20.7613,0.0193,0,150,1,0,0.00,105,13,3,80.0
36,20.7804,0.0191,0,150,1,0,0.00,81,12,3,80.0
37,20.7997,0.0193,0,150,1,0,0.00,81,12,3,80.0
38,20.8176,0.0179,0,150,1,0,0.00,81,12,3,80.0
39,20.8353,0.0177,0,150,1,0,0.00,81,12,3,80.0
40,20.8532,0.0179,0,150,1,0,0.00,81,12,3,80.0
41,20.8711,0.0179,0,150,1,0,0.00,56,10,3,80.0
42,20.8900,0.0189,0,150,1,0,0.00,56,10,3,80.0
43,20.9065,0.0165,0,150,1,0,0.00,56,10,3,80.0
44,20.9220,0.0155,0,150,1,0,0.00,56,10,3,80.0
45,20.9367,0.0147,0,150,1,0,0.00,56,10,3,80.0
46,20.9524,0.0157,0,150,1,0,0.00,56,10,3,80.0
47,20.9657,0.0133,0,150,1,0,0.00,56,10,3,80.0
48,20.9801,0.0144,0,150,1,0,0.00,34,9,2,80.0
49,20.9955,0.0155,0,150,1,0,0.00,34,9,2,80.0
50,21.0097,0.0141,0,150,1,0,0.00,34,9,2,80.0
51,21.0217,0.0121,0,150,1,0,0.00,34,9,2,80.0
52,21.0330,0.0113,0,150,1,0,0.00,34,9,2,80.0
53,21.0436,0.0106,0,150,1,0,0.00,34,9,2,80.0
54,21.0550,0.0113,0,150,1,0,0.00,34,9,2,80.0
55,21.0656,0.0107,0,150,1,0,0.00,34,9,2,80.0
56,21.0770,0.0113,0,150,1,0,0.00,34,9,2,80.0
57,21.0863,0.0093,0,150,1,0,0.00,20,7,1,80.0
58,21.0981,0.0118,0,150,1,0,0.00,20,7,1,80.0
59,21.1099,0.0118,0,150,1,0,0.00,20,7,1,80.0
60,21.1199,0.0100,0,150,1,0,0.00,20,7,1,80.0
61,21.1306,0.0107,0,150,1,0,0.00,20,7,1,80.0
62,21.1430,0.0124,0,150,1,0,0.00,20,7,1,80.0
63,21.1529,0.0099,0,150,1,0,0.00,20,7,1,80.0
64,21.1640,0.0112,0,150,1,0,0.00,20,7,1,80.0
65,21.1765,0.0125,0,150,1,0,0.00,17,6,0,80.0
66,21.1886,0.0121,0,150,1,0,0.00,17,6,0,80.0
67,21.1995,0.0109,0,150,1,0,0.00,17,6,0,80.0
68,21.2100,0.0105,0,150,1,0,0.00,17,6,0,80.0
69,21.2197,0.0097,0,150,1,0,0.00,17,6,0,80.0
70,21.2307,0.0109,0,150,1,0,0.00,17,6,0,80.0
71,21.2434,0.0127,0,150,1,0,0.00,17,6,0,80.0
72,21.2529,0.0095,0,150,1,0,0.00,17,6,0,80.0
73,21.2640,0.0111,0,150,1,0,0.00,17,6,0,80.0
74,21.2744,0.0104,0,150,1,0,0.00,17,6,0,80.0
75,21.2831,0.0087,0,150,1,0,0.00,13,4,0,80.0
76,21.2941,0.0110,0,150,1,0,0.00,13,4,0,80.0
77,21.3035,0.0094,0,150,1,0,0.00,13,4,0,80.0
78,21.3144,0.0110,0,150,1,0,0.00,13,4,0,80.0
79,21.3249,0.0105,0,150,1,0,0.00,13,4,0,80.0
80,21.3348,0.0099,0,150,1,0,0.00,13,4,0,80.0
81,21.3454,0.0106,0,150,1,0,0.00,13,4,0,80.0
82,21.3551,0.0098,0,150,1,0,0.00,13,4,0,80.0
83,21.3616,0.0065,0,150,1,0,0.00,13,4,0,80.0
84,21.3690,0.0074,0,150,1,0,0.00,13,4,0,80.0
85,21.3770,0.0080,0,150,1,0,0.00,13,4,0,80.0
86,21.3834,0.0064,0,150,1,0,0.00,9,3,0,80.0
87,21.3916,0.0081,0,150,1,0,0.00,9,3,0,80.0
88,21.3978,0.0062,0,150,1,0,0.00,9,3,0,80.0
89,21.4053,0.0075,0,150,1,0,0.00,9,3,0,80.0
90,21.4123,0.0070,0,150,1,0,0.00,9,3,0,80.0
91,21.4191,0.0068,0,150,1,0,0.00,9,3,0,80.0
92,21.4270,0.0079,0,150,1,0,0.00,9,3,0,80.0
93,21.4334,0.0064,0,150,1,0,0.00,9,3,0,80.0
94,21.4422,0.0088,0,150,1,0,0.00,9,3,0,80.0
95,21.4487,0.0065,0,150,1,0,0.00,9,3,0,80.0
96,21.4568,0.0081,0,150,1,0,0.00,9,3,0,80.0
97,21.4643,0.0074,0,150,1,0,0.00,9,3,0,80.0
98,21.4721,0.0079,0,150,1,0,0.00,9,3,0,80.0
99,21.4797,0.0076,0,150,1,0,0.00,9,3,0,80.0
100,21.4859,0.0062,0,150,1,0,0.00,8,1,0,80.0
101,21.4939,0.0079,0,150,1,0,0.00,8,1,0,80.0
102,21.5006,0.0068,0,150,1,0,0.00,8,1,0,80.0
103,21.5081,0.0075,0,150,1,0,0.00,8,1,0,80.0
104,21.5144,0.0063,0,150,1,0,0.00,8,1,0,80.0
105,21.5229,0.0084,0,150,1,0,0.00,8,1,0,80.0
106,21.5299,0.0071,0,150,1,0,0.00,8,1,0,80.0
107,21.5363,0.0064,0,150,1,0,0.00,8,1,0,80.0
108,21.5448,0.0084,0,150,1,0,0.00,8,1,0,80.0
109,21.5513,0.0065,0,150,1,0,0.00,8,1,0,80.0
110,21.5592,0.0080,0,150,1,0,0.00,8,1,0,80.0
111,21.5658,0.0066,0,150,1,0,0.00,8,1,0,80.0
112,21.5737,0.0079,0,150,1,0,0.00,8,1,0,80.0
113,21.5805,0.0067,0,150,1,0,0.00,7,1,0,80.0
114,21.5885,0.0080,0,150,1,0,0.00,7,1,0,80.0
115,21.5948,0.0063,0,150,1,0,0.00,7,1,0,80.0
116,21.6011,0.0063,0,150,1,0,0.00,7,1,0,80.0
117,21.6089,0.0078,0,150,1,0,0.00,7,1,0,80.0
118,21.6154,0.0065,0,150,1,0,0.00,7,1,0,80.0
119,21.6232,0.0078,0,150,1,0,0.00,7,1,0,80.0
120,21.6300,0.0068,0,150,1,0,0.00,7,1,0,80.0
121,21.6368,0.0068,0,150,1,0,0.00,7,1,0,80.0
122,21.6446,0.0078,0,150,1,0,0.00,7,1,0,80.0
123,21.6524,0.0077,0,150,1,0,0.00,7,1,0,80.0
124,21.6608,0.0084,0,150,1,0,0.00,7,1,0,80.0
125,21.6677,0.0069,0,150,1,0,0.00,7,1,0,80.0
126,21.6756,0.0079,0,150,1,0,0.00,7,1,0,80.0
127,21.6818,0.0063,0,150,1,0,0.00,2,1,0,80.0
128,21.6898,0.0080,0,150,1,0,0.00,2,1,0,80.0
129,21.6961,0.0063,0,150,1,0,0.00,2,1,0,80.0
130,21.7023,0.0062,0,150,1,0,0.00,2,1,0,80.0
131,21.7102,0.0079,0,150,1,0,0.00,2,1,0,80.0
132,21.7164,0.0062,0,150,1,0,0.00,2,1,0,80.0
133,21.7239,0.0075,0,150,1,0,0.00,2,1,0,80.0
134,21.7309,0.0070,0,150,1,0,0.00,2,1,0,80.0
135,21.7387,0.0078,0,150,1,0,0.00,2,1,0,80.0
136,21.7450,0.0063,0,150,1,0,0.00,2,1,0,80.0
137,21.7512,0.0062,0,150,1,0,0.00,2,1,0,80.0
138,21.7590,0.0078,0,150,1,0,0.00,2,1,0,80.0
139,21.7655,0.0064,0,150,1,0,0.00,2,1,0,80.0
140,21.7734,0.0079,0,150,1,0,0.00,2,1,0,80.0
141,21.7814,0.0080,0,150,1,0,0.00,2,1,0,80.0
142,21.7894,0.0080,0,150,1,0,0.00,2,1,0,80.0
143,21.7962,0.0069,0,150,1,0,0.00,2,1,0,80.0
144,21.8050,0.0088,0,150,1,0,0.00,2,1,0,80.0
145,21.8113,0.0063,0,150,1,0,0.00,2,1,0,80.0
146,21.8178,0.0066,0,150,1,0,0.00,2,1,0,80.0
147,21.8253,0.0075,0,150,1,0,0.00,2,1,0,80.0
148,21.8314,0.0062,0,150,1,0,0.00,2,1,0,80.0
149,21.8395,0.0081,0,150,1,0,0.00,2,1,0,80.0
150,21.8458,0.0063,0,150,1,0,0.00,2,1,0,80.0
151,21.8520,0.0062,0,150,1,0,0.00,2,1,0,80.0
152,21.8599,0.0079,0,150,1,0,0.00,2,1,0,80.0
153,21.8671,0.0072,0,150,1,0,0.00,2,1,0,80.0
154,21.8752,0.0081,0,150,1,0,0.00,2,1,0,80.0
155,21.8818,0.0066,0,150,1,0,0.00,0,1,0,80.0
156,21.8898,0.0079,0,150,1,0,0.00,0,1,0,80.0
157,21.8961,0.0063,0,150,1,0,0.00,0,1,0,80.0
158,21.9030,0.0068,0,150,1,0,0.00,0,1,0,80.0
159,21.9108,0.0078,0,150,1,0,0.00,0,1,0,80.0
160,21.9173,0.0065,0,150,1,0,0.00,0,1,0,80.0
161,21.9249,0.0075,0,150,1,0,0.00,0,1,0,80.0
162,21.9323,0.0074,0,150,1,0,0.00,0,1,0,80.0
163,21.9397,0.0074,0,150,1,0,0.00,0,1,0,80.0
164,21.9459,0.0062,0,150,1,0,0.00,0,1,0,80.0
165,21.9524,0.0064,0,150,1,0,0.00,0,1,0,80.0
166,21.9598,0.0074,0,150,1,0,0.00,0,1,0,80.0
167,21.9663,0.0065,0,150,1,0,0.00,0,1,0,80.0
168,21.9745,0.0083,0,150,1,0,0.00,0,1,0,80.0
169,21.9813,0.0068,0,150,1,0,0.00,0,1,0,80.0
170,21.9894,0.0081,0,150,1,0,0.00,0,1,0,80.0
171,21.9966,0.0072,0,150,1,0,0.00,0,1,0,80.0
172,22.0027,0.0061,0,150,1,0,0.00,0,1,0,80.0
173,22.1460,0.1433,49,100,0,0,0.00,132,3,2,80.0
174,22.4144,0.2684,47,100,0,0,0.00,169,4,3,80.0
175,22.6839,0.2694,45,100,0,0,0.00,204,7,5,80.0
176,22.9787,0.2948,43,100,0,0,0.00,205,9,5,80.0
177,23.2632,0.2845,41,100,0,0,0.00,165,10,5,80.0
178,23.5488,0.2856,39,100,0,0,0.00,148,13,4,80.0
179,23.8403,0.2915,37,100,0,0,0.00,180,15,4,80.0
180,24.1311,0.2908,35,100,0,0,0.00,188,16,5,80.0
181,24.4316,0.3005,33,100,0,0,0.00,180,16,4,80.0
182,24.7328,0.3012,31,100,0,0,0.00,204,16,5,80.0
183,25.0136,0.2808,29,100,0,0,0.00,159,16,5,80.0
184,25.3012,0.2876,27,100,0,0,0.00,121,16,2,80.0
185,25.5950,0.2939,25,100,0,0,0.00,184,15,4,80.0
186,25.8878,0.2928,23,100,0,0,0.00,201,15,5,80.0
187,26.1648,0.2770,21,100,0,0,0.00,186,15,4,80.0
188,26.4525,0.2877,19,100,0,0,0.00,212,15,5,80.0
189,26.7573,0.3048,17,100,0,0,0.00,168,15,5,80.0
190,27.0533,0.2960,15,100,0,0,0.00,151,15,5,80.0
191,27.3482,0.2949,13,100,0,0,0.00,187,15,4,80.0
192,27.6391,0.2909,11,100,0,0,0.00,189,15,5,80.0
193,27.9212,0.2822,9,100,0,0,0.00,146,15,3,80.0
194,28.2047,0.2834,7,100,0,0,0.00,208,15,5,80.0
195,28.4852,0.2805,5,100,0,0,0.00,180,15,5,80.0
196,28.7706,0.2853,3,100,0,0,0.00,157,15,4,80.0
197,29.0643,0.2937,1,100,0,0,0.00,197,15,4,80.0
198,29.2255,0.1612,0,100,1,0,0.00,139,14,4,80.0
199,29.2557,0.0302,0,100,1,0,0.00,86,13,3,80.0
200,29.2714,0.0157,0,100,1,0,0.00,86,13,3,80.0
201,29.2882,0.0168,0,100,1,0,0.00,86,13,3,80.0
202,29.3076,0.0195,0,100,1,0,0.00,86,13,3,80.0
203,29.3252,0.0175,0,100,1,0,0.00,86,13,3,80.0
204,29.3413,0.0161,0,100,1,0,0.00,86,13,3,80.0
205,29.3547,0.0134,0,100,1,0,0.00,66,12,2,80.0
206,29.3696,0.0150,0,100,1,0,0.00,66,12,2,80.0
207,29.3825,0.0129,0,100,1,0,0.00,66,12,2,80.0
208,29.3946,0.0122,0,100,1,0,0.00,66,12,2,80.0
209,29.4073,0.0126,0,100,1,0,0.00,66,12,2,80.0
210,29.4209,0.0137,0,100,1,0,0.00,66,12,2,80.0
211,29.4333,0.0124,0,100,1,0,0.00,66,12,2,80.0
212,29.4456,0.0123,0,100,1,0,0.00,66,12,2,80.0
213,29.4596,0.0140,0,100,1,0,0.00,48,10,2,80.0
214,29.4725,0.0129,0,100,1,0,0.00,48,10,2,80.0
215,29.4858,0.0133,0,100,1,0,0.00,48,10,2,80.0
216,29.4992,0.0134,0,100,1,0,0.00,48,10,2,80.0
217,29.5108,0.0116,0,100,1,0,0.00,48,10,2,80.0
218,29.5244,0.0136,0,100,1,0,0.00,48,10,2,80.0
219,29.5372,0.0127,0,100,1,0,0.00,48,10,2,80.0
220,29.5507,0.0136,0,100,1,0,0.00,27,9,2,80.0
221,29.5649,0.0142,0,100,1,0,0.00,27,9,2,80.0
222,29.5744,0.0095,0,100,1,0,0.00,27,9,2,80.0
223,29.5877,0.0133,0,100,1,0,0.00,27,9,2,80.0
224,29.5983,0.0105,0,100,1,0,0.00,27,9,2,80.0
225,29.6109,0.0126,0,100,1,0,0.00,27,9,2,80.0
226,29.6231,0.0122,0,100,1,0,0.00,27,9,2,80.0
227,29.6369,0.0139,0,100,1,0,0.00,27,9,2,80.0
228,29.6501,0.0132,0,100,1,0,0.00,27,9,2,80.0
229,29.6600,0.0098,0,100,1,0,0.00,20,7,0,80.0
230,29.6717,0.0117,0,100,1,0,0.00,20,7,0,80.0
231,29.6843,0.0126,0,100,1,0,0.00,20,7,0,80.0
232,29.6951,0.0108,0,100,1,0,0.00,20,7,0,80.0
233,29.7060,0.0110,0,100,1,0,0.00,20,7,0,80.0
234,29.7187,0.0127,0,100,1,0,0.00,20,7,0,80.0
235,29.7257,0.0070,0,100,1,0,0.00,20,7,0,80.0
236,29.7351,0.0094,0,100,1,0,0.00,20,7,0,80.0
237,29.7432,0.0081,0,100,1,0,0.00,20,7,0,80.0
238,29.7514,0.0082,0,100,1,0,0.00,20,7,0,80.0
239,29.7594,0.0080,0,100,1,0,0.00,16,6,0,80.0
240,29.7671,0.0077,0,100,1,0,0.00,16,6,0,80.0
241,29.7750,0.0079,0,100,1,0,0.00,16,6,0,80.0
242,29.7831,0.0081,0,100,1,0,0.00,16,6,0,80.0
243,29.7894,0.0063,0,100,1,0,0.00,16,6,0,80.0
244,29.7956,0.0063,0,100,1,0,0.00,16,6,0,80.0
245,29.8044,0.0087,0,100,1,0,0.00,16,6,0,80.0
246,29.8115,0.0071,0,100,1,0,0.00,16,6,0,80.0
247,29.8198,0.0083,0,100,1,0,0.00,16,6,0,80.0
248,29.8270,0.0072,0,100,1,0,0.00,16,6,0,80.0
249,29.8348,0.0078,0,100,1,0,0.00,16,6,0,80.0
250,29.8417,0.0069,0,100,1,0,0.00,16,6,0,80.0
251,29.8495,0.0078,0,100,1,0,0.00,16,6,0,80.0
252,29.8575,0.0081,0,100,1,0,0.00,11,4,0,80.0
253,29.8653,0.0078,0,100,1,0,0.00,11,4,0,80.0
254,29.8719,0.0066,0,100,1,0,0.00,11,4,0,80.0
255,29.8791,0.0072,0,100,1,0,0.00,11,4,0,80.0
256,29.8866,0.0075,0,100,1,0,0.00,11,4,0,80.0
257,29.8931,0.0065,0,100,1,0,0.00,11,4,0,80.0
258,29.9011,0.0080,0,100,1,0,0.00,11,4,0,80.0
259,29.9072,0.0061,0,100,1,0,0.00,11,4,0,80.0
260,29.9146,0.0074,0,100,1,0,0.00,11,4,0,80.0
261,29.9207,0.0061,0,100,1,0,0.00,11,4,0,80.0
262,29.9275,0.0067,0,100,1,0,0.00,11,4,0,80.0
263,29.9350,0.0075,0,100,1,0,0.00,11,4,0,80.0
264,29.9411,0.0061,0,100,1,0,0.00,11,4,0,80.0
265,29.9490,0.0078,0,100,1,0,0.00,11,4,0,80.0
266,29.9551,0.0061,0,100,1,0,0.00,11,4,0,80.0
267,29.9612,0.0061,0,100,1,0,0.00,11,3,0,80.0
268,29.9692,0.0081,0,100,1,0,0.00,11,3,0,80.0
269,29.9755,0.0062,0,100,1,0,0.00,11,3,0,80.0
270,29.9830,0.0076,0,100,1,0,0.00,11,3,0,80.0
271,29.9900,0.0069,0,100,1,0,0.00,11,3,0,80.0
272,29.9961,0.0061,0,100,1,0,0.00,11,3,0,80.0
273,30.0038,0.0077,0,100,1,0,0.00,11,3,0,80.0
274,30.0105,0.0067,0,100,1,0,0.00,11,3,0,80.0
275,30.0179,0.0074,0,100,1,0,0.00,11,3,0,80.0
276,30.0240,0.0061,0,100,1,0,0.00,11,3,0,80.0
277,30.0318,0.0078,0,100,1,0,0.00,11,3,0,80.0
278,30.0379,0.0061,0,100,1,0,0.00,11,3,0,80.0
279,30.0440,0.0061,0,100,1,0,0.00,11,3,0,80.0
280,30.0518,0.0078,0,100,1,0,0.00,11,3,0,80.0
281,30.0588,0.0070,0,100,1,0,0.00,9,1,0,80.0
282,30.0664,0.0076,0,100,1,0,0.00,9,1,0,80.0
283,30.0728,0.0063,0,100,1,0,0.00,9,1,0,80.0
284,30.0794,0.0066,0,100,1,0,0.00,9,1,0,80.0
285,30.0868,0.0073,0,100,1,0,0.00,9,1,0,80.0
286,30.0930,0.0063,0,100,1,0,0.00,9,1,0,80.0
287,30.1009,0.0078,0,100,1,0,0.00,9,1,0,80.0
288,30.1071,0.0062,0,100,1,0,0.00,9,1,0,80.0
289,30.1144,0.0073,0,100,1,0,0.00,9,1,0,80.0
290,30.1209,0.0065,0,100,1,0,0.00,9,1,0,80.0
291,30.1272,0.0063,0,100,1,0,0.00,9,1,0,80.0
292,30.1345,0.0073,0,100,1,0,0.00,9,1,0,80.0
293,30.1411,0.0067,0,100,1,0,0.00,9,1,0,80.0
294,30.1487,0.0076,0,100,1,0,0.00,9,1,0,80.0
295,30.1549,0.0062,0,100,1,0,0.00,9,1,0,80.0
296,30.1614,0.0065,0,100,1,0,0.00,8,1,0,80.0
297,30.1689,0.0075,0,100,1,0,0.00,8,1,0,80.0
298,30.1750,0.0061,0,100,1,0,0.00,8,1,0,80.0
299,30.1827,0.0077,0,100,1,0,0.00,8,1,0,80.0
300,30.1888,0.0061,0,100,1,0,0.00,8,1,0,80.0
301,30.1948,0.0060,0,100,1,0,0.00,8,1,0,80.0
302,30.2027,0.0078,0,100,1,0,0.00,8,1,0,80.0
303,30.2093,0.0066,0,100,1,0,0.00,8,1,0,80.0
304,30.2167,0.0074,0,100,1,0,0.00,8,1,0,80.0
305,30.2240,0.0073,0,100,1,0,0.00,8,1,0,80.0
306,30.2314,0.0073,0,100,1,0,0.00,8,1,0,80.0
307,30.2378,0.0064,0,100,1,0,0.00,8,1,0,80.0
308,30.2446,0.0068,0,100,1,0,0.00,8,1,0,80.0
309,30.2528,0.0081,0,100,1,0,0.00,8,1,0,80.0
310,30.2591,0.0064,0,100,1,0,0.00,5,1,0,80.0
311,30.2671,0.0079,0,100,1,0,0.00,5,1,0,80.0
312,30.2740,0.0069,0,100,1,0,0.00,5,1,0,80.0
313,30.2818,0.0078,0,100,1,0,0.00,5,1,0,80.0
314,30.2894,0.0076,0,100,1,0,0.00,5,1,0,80.0
315,30.2979,0.0085,0,100,1,0,0.00,5,1,0,80.0
316,30.3052,0.0074,0,100,1,0,0.00,5,1,0,80.0
317,30.3121,0.0068,0,100,1,0,0.00,5,1,0,80.0
318,30.3197,0.0076,0,100,1,0,0.00,5,1,0,80.0
319,30.3261,0.0064,0,100,1,0,0.00,5,1,0,80.0
320,30.3347,0.0086,0,100,1,0,0.00,5,1,0,80.0
321,30.3410,0.0063,0,100,1,0,0.00,5,1,0,80.0
322,30.3491,0.0081,0,100,1,0,0.00,5,1,0,80.0
323,30.3560,0.0069,0,100,1,0,0.00,5,1,0,80.0
324,30.3624,0.0063,0,100,1,0,0.00,2,1,0,80.0
325,30.3704,0.0080,0,100,1,0,0.00,2,1,0,80.0
326,30.3765,0.0061,0,100,1,0,0.00,2,1,0,80.0
327,30.3837,0.0073,0,100,1,0,0.00,2,1,0,80.0
328,30.3898,0.0061,0,100,1,0,0.00,2,1,0,80.0
329,30.3958,0.0060,0,100,1,0,0.00,2,1,0,80.0
330,30.4036,0.0077,0,100,1,0,0.00,2,1,0,80.0
331,30.4098,0.0062,0,100,1,0,0.00,2,1,0,80.0
332,30.4172,0.0074,0,100,1,0,0.00,2,1,0,80.0
333,30.4239,0.0067,0,100,1,0,0.00,2,1,0,80.0
334,30.4315,0.0076,0,100,1,0,0.00,2,1,0,80.0
335,30.4392,0.0078,0,100,1,0,0.00,2,1,0,80.0
336,30.4455,0.0063,0,100,1,0,0.00,2,1,0,80.0
337,30.4531,0.0076,0,100,1,0,0.00,2,1,0,80.0
338,30.4597,0.0066,0,100,1,0,0.00,1,1,0,80.0
339,30.4678,0.0081,0,100,1,0,0.00,1,1,0,80.0
340,30.4740,0.0062,0,100,1,0,0.00,1,1,0,80.0
341,30.4819,0.0080,0,100,1,0,0.00,1,1,0,80.0
342,30.4881,0.0062,0,100,1,0,0.00,1,1,0,80.0
343,30.4942,0.0061,0,100,1,0,0.00,1,1,0,80.0
344,30.5018,0.0077,0,100,1,0,0.00,1,1,0,80.0
345,30.5088,0.0069,0,100,1,0,0.00,1,1,0,80.0
346,30.5161,0.0073,0,100,1,0,0.00,1,1,0,80.0
347,30.5225,0.0064,0,100,1,0,0.00,1,1,0,80.0
348,30.5289,0.0064,0,100,1,0,0.00,1,1,0,80.0
349,30.5364,0.0075,0,100,1,0,0.00,1,1,0,80.0
350,30.5434,0.0070,0,100,1,0,0.00,1,1,0,80.0
351,30.5508,0.0074,0,100,1,0,0.00,1,1,0,80.0
352,30.5572,0.0065,0,100,1,0,0.00,1,1,0,80.0
353,30.5648,0.0076,0,100,1,0,0.00,1,1,0,80.0
354,30.5723,0.0075,0,100,1,0,0.00,1,1,0,80.0
355,30.5787,0.0064,0,100,1,0,0.00,1,1,0,80.0
356,30.7180,0.1393,49,50,0,0,0.00,98,3,1,80.0
357,30.9853,0.2674,47,50,0,0,0.00,133,4,2,80.0
358,31.2692,0.2838,45,50,0,0,0.00,189,7,4,80.0
359,31.5478,0.2786,43,50,0,0,0.00,227,9,5,80.0
360,31.8204,0.2726,41,50,0,0,0.00,182,10,5,80.0
361,32.0934,0.2730,39,50,0,0,0.00,164,13,4,80.0
362,32.3664,0.2730,37,50,0,0,0.00,191,15,5,80.0
363,32.6538,0.2874,35,50,0,0,0.00,153,16,5,80.0
364,32.9382,0.2843,33,50,0,0,0.00,154,16,3,80.0
365,33.2266,0.2884,31,50,0,0,0.00,218,16,5,80.0
366,33.5136,0.2870,29,50,0,0,0.00,220,16,5,80.0
367,33.8062,0.2926,27,50,0,0,0.00,160,16,5,80.0
368,34.0923,0.2861,25,50,0,0,0.00,146,15,4,80.0
369,34.3894,0.2971,23,50,0,0,0.00,145,15,4,80.0
370,34.6905,0.3010,21,50,0,0,0.00,149,15,3,80.0
371,34.9756,0.2851,19,50,0,0,0.00,178,15,3,80.0
372,35.2649,0.2893,17,50,0,0,0.00,153,15,3,80.0
373,35.6026,0.3377,15,50,0,0,0.00,184,15,5,80.0
374,35.9395,0.3370,13,50,0,0,0.00,182,15,4,80.0
375,36.2379,0.2984,11,50,0,0,0.00,139,15,3,80.0
376,36.5396,0.3017,9,50,0,0,0.00,144,15,3,80.0
377,36.8451,0.3055,7,50,0,0,0.00,181,15,4,80.0
378,37.1495,0.3044,5,50,0,0,0.00,180,15,4,80.0
379,37.4544,0.3049,3,50,0,0,0.00,169,15,4,80.0
380,37.7611,0.3067,1,50,0,0,0.00,193,15,4,80.0
381,37.9386,0.1775,0,50,1,0,0.00,139,14,4,80.0
382,37.9731,0.0345,0,50,1,0,0.00,92,13,4,80.0
383,38.0000,0.0269,0,50,1,0,0.00,92,13,4,80.0
384,38.0244,0.0244,0,50,1,0,0.00,92,13,4,80.0
385,38.0452,0.0208,0,50,1,0,0.00,92,13,4,80.0
386,38.0674,0.0222,0,50,1,0,0.00,73,12,3,80.0
387,38.0871,0.0198,0,50,1,0,0.00,73,12,3,80.0
388,38.1072,0.0201,0,50,1,0,0.00,73,12,3,80.0
389,38.1256,0.0184,0,50,1,0,0.00,73,12,3,80.0
390,38.1396,0.0140,0,50,1,0,0.00,73,12,3,80.0
391,38.1527,0.0131,0,50,1,0,0.00,73,12,3,80.0
392,38.1664,0.0138,0,50,1,0,0.00,73,12,3,80.0
393,38.1788,0.0123,0,50,1,0,0.00,47,10,2,80.0
394,38.1949,0.0161,0,50,1,0,0.00,47,10,2,80.0
395,38.2098,0.0149,0,50,1,0,0.00,47,10,2,80.0
396,38.2239,0.0141,0,50,1,0,0.00,47,10,2,80.0
397,38.2376,0.0137,0,50,1,0,0.00,47,10,2,80.0
398,38.2499,0.0124,0,50,1,0,0.00,47,10,2,80.0
399,38.2599,0.0099,0,50,1,0,0.00,47,10,2,80.0
400,38.2707,0.0108,0,50,1,0,0.00,31,9,2,80.0
401,38.2860,0.0153,0,50,1,0,0.00,31,9,2,80.0
402,38.2961,0.0102,0,50,1,0,0.00,31,9,2,80.0
403,38.3084,0.0122,0,50,1,0,0.00,31,9,2,80.0
404,38.3181,0.0097,0,50,1,0,0.00,31,9,2,80.0
405,38.3259,0.0079,0,50,1,0,0.00,31,9,2,80.0
406,38.3374,0.0115,0,50,1,0,0.00,31,9,2,80.0
407,38.3456,0.0082,0,50,1,0,0.00,31,9,2,80.0
408,38.3540,0.0083,0,50,1,0,0.00,31,9,2,80.0
409,38.3623,0.0083,0,50,1,0,0.00,31,9,2,80.0
410,38.3706,0.0083,0,50,1,0,0.00,31,9,2,80.0
411,38.3781,0.0075,0,50,1,0,0.00,17,7,0,80.0
412,38.3858,0.0077,0,50,1,0,0.00,17,7,0,80.0
413,38.3946,0.0088,0,50,1,0,0.00,17,7,0,80.0
414,38.4029,0.0082,0,50,1,0,0.00,17,7,0,80.0
415,38.4106,0.0077,0,50,1,0,0.00,17,7,0,80.0
416,38.4181,0.0075,0,50,1,0,0.00,17,7,0,80.0
417,38.4277,0.0096,0,50,1,0,0.00,17,7,0,80.0
418,38.4353,0.0077,0,50,1,0,0.00,17,7,0,80.0
419,38.4430,0.0077,0,50,1,0,0.00,17,7,0,80.0
420,38.4512,0.0082,0,50,1,0,0.00,17,7,0,80.0
