"run","scenario","start","verdict","distance_m","max_speed","crossings","first_frame","first_h","actor","at","actors","end_x","end_y","end_z","min_y","last3s_m","hard_stops","wall_stops","ramp_stops","open_stops","visible_blocking","visible_passable"
"boost_cycle_s0","boost_cycle","0","INFO stuck","112.1","19.97","0","","","","","","45.07","9.73","-67.93","5.12","0.04","3","3","","","",""
"boost_cycle_s16","boost_cycle","16","PASS","58.5","18.46","0","","","","","","268.07","9.31","17.94","8.96","11.2","4","3","","","",""
"boost_cycle_s24","boost_cycle","24","PASS","44.8","17.52","0","","","","","","-6.1","-6.34","-72.39","-8.83","6.43","1","1","","","",""
"boost_cycle_s32","boost_cycle","32","INFO stuck","287.2","19.66","0","","","","","","216.37","9.49","-69.8","-24.7","0.24","3","3","","","StaticMeshCollectionActor_8413.2;StaticMeshCollectionActor_8413.7",""
"boost_cycle_s40","boost_cycle","40","FAIL ramp_hard_stop","191","19.67","0","","","","","","216.2","9.56","-69.82","-24.64","77.88","5","3","boost_cycle_s40@f833 (215.0,5.1,-81.8) from 9.7 m/s rise 15.01","","StaticMeshCollectionActor_9207.9",""
"boost_cycle_s48","boost_cycle","48","FAIL passed_through","122.4","22.24","2","640","1.6","StaticMeshCollectionActor_7283","36.0,-6.21,-29.73","StaticMeshCollectionActor_7283","43.11","-8.19","-16.14","-8.96","3.23","2","2","","","StaticMeshCollectionActor_8413.4;StaticMeshCollectionActor_8413.2;StaticMeshCollectionActor_7283.9;StaticMeshCollectionActor_13834.3",""
"boost_cycle_s56","boost_cycle","56","PASS","187.7","23.13","0","","","","","","243.36","5.52","-62.03","5.12","2.73","1","1","","","","StaticMeshCollectionActor_12147.11"
"boost_cycle_s64","boost_cycle","64","PASS","54.2","18.46","0","","","","","","-74.89","9.31","-32.65","8.96","6.51","2","2","","","",""
"boost_cycle_s72","boost_cycle","72","PASS","81.2","21.7","0","","","","","","46.34","9.31","-67.74","5.12","0.79","2","2","","","",""
"boost_cycle_s8","boost_cycle","8","INFO stuck","117.5","19.67","0","","","","","","144.04","9.7","52.45","5.12","0.03","1","1","","","",""
"boost_cycle_s80","boost_cycle","80","PASS","113.4","19.66","0","","","","","","-16.96","-2.23","-82.86","-8.96","35.83","1","1","","","StaticMeshCollectionActor_8413.3;StaticMeshCollectionActor_8413.2;StaticMeshCollectionActor_8413.4",""
"boost_cycle_s88","boost_cycle","88","FAIL ramp_hard_stop","111","17.38","0","","","","","","62.72","9.31","-39.64","-1.22","1.29","3","1","boost_cycle_s88@f123 (3.8,1.1,-86.6) from 14.5 m/s rise 2.26","boost_cycle_s88@f270 (14.6,5.6,-65.5) from 15.0 m/s rise 0.11","",""
"boost_left_s0","boost_left","0","PASS","70.5","22.42","0","","","","","","-1.66","5.12","-16.51","5.12","4.27","1","1","","","",""
"boost_left_s16","boost_left","16","PASS","139.5","28.58","0","","","","","","174.09","5.28","17.52","5.12","3.86","1","1","","","",""
"boost_left_s24","boost_left","24","FAIL ramp_hard_stop","83.7","27.59","0","","","","","","-12.68","-8.96","-23.5","-8.96","1.88","2","1","boost_left_s24@f228 (-7.8,-8.6,-27.8) from 27.1 m/s rise 0.35","","StaticMeshCollectionActor_8413.4;StaticMeshCollectionActor_8413.3",""
"boost_left_s32","boost_left","32","INFO stuck","59.6","26.63","0","","","","","","-5.54","-8.94","-15.04","-8.96","0","1","1","","","StaticMeshCollectionActor_8413.2;StaticMeshCollectionActor_8413.7",""
"boost_left_s40","boost_left","40","PASS","105.5","23.22","0","","","","","","184.76","-1.64","-117.54","-3.95","38.81","1","1","","","StaticMeshCollectionActor_9207.9",""
"boost_left_s48","boost_left","48","FAIL ramp_hard_stop","93.9","28.48","0","","","","","","-12.47","-8.96","-23.51","-8.96","1.95","1","0","boost_left_s48@f238 (-7.7,-8.6,-27.8) from 28.2 m/s rise 0.35","","StaticMeshCollectionActor_8413.4;StaticMeshCollectionActor_8413.3",""
"boost_left_s56","boost_left","56","PASS","137.1","28.56","0","","","","","","160.37","-8.96","18.42","-8.96","4.69","3","3","","","StaticMeshCollectionActor_6789.1",""
"boost_left_s64","boost_left","64","PASS","144","28.58","0","","","","","","20.53","5.3","-37.15","5.12","2.44","1","1","","","",""
"boost_left_s72","boost_left","72","INFO stuck","48.5","25.41","0","","","","","","-1.73","5.12","-16.62","5.12","0","2","2","","","",""
"boost_left_s8","boost_left","8","PASS","101.4","27.35","0","","","","","","188.11","5.2","4.04","5.12","23.24","2","2","","","",""
"boost_left_s80","boost_left","80","INFO stuck","34.5","25.83","0","","","","","","15.62","-8.81","-29.63","-8.96","0","1","1","","","StaticMeshCollectionActor_8413.3;StaticMeshCollectionActor_8413.2",""
"boost_left_s88","boost_left","88","INFO stuck","15.4","21.19","0","","","","","","-2.94","-1.17","-97.64","-1.17","0.14","1","1","","","",""
"boost_right_s0","boost_right","0","PASS","116.6","24.54","0","","","","","","47.88","8.96","-66.18","5.12","9.82","1","1","","","",""
"boost_right_s16","boost_right","16","PASS","165.3","28.58","0","","","","","","154.55","8.6","43.85","5.12","29.02","1","1","","","",""
"boost_right_s24","boost_right","24","FAIL ramp_hard_stop","84.5","27.59","0","","","","","","-9.4","-8.96","-20.1","-8.96","0","2","1","boost_right_s24@f228 (-7.8,-8.6,-27.8) from 27.1 m/s rise 0.35","","StaticMeshCollectionActor_8413.4;StaticMeshCollectionActor_8413.3",""
"boost_right_s32","boost_right","32","PASS","297.4","26.63","0","","","","","","215.59","9.37","-70.13","-24.87","174.33","3","3","","","StaticMeshCollectionActor_8413.2;StaticMeshCollectionActor_8413.7;StaticMeshCollectionActor_13834.2",""
"boost_right_s40","boost_right","40","FAIL ramp_hard_stop","192","23.22","0","","","","","","215.04","5.12","-79.75","-24.94","78.29","1","0","boost_right_s40@f585 (215.0,5.1,-81.8) from 15.2 m/s rise 15.38","","StaticMeshCollectionActor_13511.3",""
"boost_right_s48","boost_right","48","FAIL ramp_hard_stop","94.8","28.48","0","","","","","","-9.42","-8.96","-20.06","-8.96","0","2","1","boost_right_s48@f238 (-7.7,-8.6,-27.8) from 28.2 m/s rise 0.35","","StaticMeshCollectionActor_8413.4;StaticMeshCollectionActor_8413.3",""
"boost_right_s56","boost_right","56","PASS","218.9","29.32","0","","","","","","250.46","1.02","41.84","-8.96","74.97","2","2","","","StaticMeshCollectionActor_6789.1;StaticMeshCollectionActor_5180.6;StaticMeshCollectionActor_9427.8",""
"boost_right_s64","boost_right","64","PASS","157.8","28.58","0","","","","","","30.14","6.82","-53.77","5.12","16.79","1","1","","","",""
"boost_right_s72","boost_right","72","INFO stuck","46.5","25.41","0","","","","","","22.31","5.12","-38.59","5.12","0","2","2","","","",""
"boost_right_s8","boost_right","8","PASS","120.7","27.35","0","","","","","","143.98","9.86","52.37","5.12","30.46","3","3","","","",""
"boost_right_s80","boost_right","80","INFO stuck","34.5","25.83","0","","","","","","15.62","-8.81","-29.63","-8.96","0","1","1","","","StaticMeshCollectionActor_8413.3;StaticMeshCollectionActor_8413.2",""
"boost_right_s88","boost_right","88","INFO stuck","15.4","21.19","0","","","","","","-2.94","-1.17","-97.64","-1.17","0.14","1","1","","","",""
"boost_s0","boost","0","INFO stuck","77.7","22.42","0","","","","","","21.91","5.75","-40.38","5.12","0.06","1","1","","","",""
"boost_s16","boost","16","INFO stuck","135.5","28.58","0","","","","","","171.03","5.12","20.03","5.12","0.05","1","1","","","",""
"boost_s24","boost","24","FAIL ramp_hard_stop","84.5","27.59","0","","","","","","-9.86","-8.96","-20.26","-8.96","0","2","1","boost_s24@f228 (-7.8,-8.6,-27.8) from 27.1 m/s rise 0.35","","StaticMeshCollectionActor_8413.4;StaticMeshCollectionActor_8413.3",""
"boost_s32","boost","32","INFO stuck","38.9","26.63","0","","","","","","11.52","-8.86","-8.5","-8.96","0","1","1","","","StaticMeshCollectionActor_8413.2;StaticMeshCollectionActor_8413.7",""
"boost_s40","boost","40","INFO stuck","58.8","23.22","0","","","","","","143.11","-3.51","-115.46","-3.51","0","1","1","","","",""
"boost_s48","boost","48","FAIL ramp_hard_stop","93.7","28.48","0","","","","","","-9.25","-8.96","-20.4","-8.96","0","2","1","boost_s48@f238 (-7.7,-8.6,-27.8) from 28.2 m/s rise 0.35","","StaticMeshCollectionActor_8413.4;StaticMeshCollectionActor_8413.3",""
"boost_s56","boost","56","PASS","152.3","28.56","0","","","","","","182.56","-8.96","22.44","-8.96","19.86","2","2","","","StaticMeshCollectionActor_6789.1;StaticMeshCollectionActor_5180.1",""
"boost_s64","boost","64","PASS","141.4","28.58","0","","","","","","22.1","5.47","-39.57","5.12","0.54","1","1","","","",""
"boost_s72","boost","72","INFO stuck","30.2","25.41","0","","","","","","8.57","5.71","-31.27","5.12","0","1","1","","","",""
"boost_s8","boost","8","INFO stuck","77.9","27.35","0","","","","","","171.04","5.5","20.78","5.12","0.18","1","1","","","",""
"boost_s80","boost","80","INFO stuck","34.5","25.83","0","","","","","","15.62","-8.81","-29.63","-8.96","0","1","1","","","StaticMeshCollectionActor_8413.3;StaticMeshCollectionActor_8413.2",""
"boost_s88","boost","88","INFO stuck","15.4","21.19","0","","","","","","-2.94","-1.17","-97.64","-1.17","0.14","1","1","","","",""
"drive_s0","drive","0","INFO stuck","75.8","15.02","0","","","","","","22.02","5.36","-38.99","5.36","0.44","1","1","","","",""
"drive_s16","drive","16","PASS","112.9","16.16","0","","","","","","198.03","6.38","-2.65","5.91","20.3","2","2","","","",""
"drive_s24","drive","24","PASS","101.6","15.05","0","","","","","","4.92","-7.6","-6.9","-8.15","5.97","0","0","","","StaticMeshCollectionActor_8413.4;StaticMeshCollectionActor_8413.3",""
"drive_s32","drive","32","INFO stuck","38.8","15","0","","","","","","11.52","-7.72","-8.5","-8.18","0","1","1","","","StaticMeshCollectionActor_8413.2;StaticMeshCollectionActor_8413.7",""
"drive_s40","drive","40","INFO stuck","59.9","15","0","","","","","","142.84","-2.46","-116.71","-3.13","0","1","1","","","",""
"drive_s48","drive","48","PASS","112.1","15.05","0","","","","","","5.06","-7.57","-6.82","-8.15","12.85","0","0","","","StaticMeshCollectionActor_8413.4;StaticMeshCollectionActor_8413.3",""
"drive_s56","drive","56","PASS","131.5","17.63","0","","","","","","161.6","-8.63","13.14","-8.65","29.87","1","1","","","StaticMeshCollectionActor_6789.1",""
"drive_s64","drive","64","INFO stuck","44.2","15","0","","","","","","-68.44","10.2","-31.54","9.93","0","1","1","","","",""
"drive_s72","drive","72","INFO stuck","30.2","15","0","","","","","","8.57","6.36","-31.27","5.9","0","1","1","","","",""
"drive_s8","drive","8","INFO stuck","76.7","15.01","0","","","","","","170.85","5.36","19.78","5.36","0","1","1","","","",""
"drive_s80","drive","80","INFO stuck","35.1","15","0","","","","","","16.35","-7.66","-28.85","-8.18","0","1","1","","","StaticMeshCollectionActor_8413.3;StaticMeshCollectionActor_8413.2",""
"drive_s88","drive","88","INFO stuck","15.6","15.02","0","","","","","","-2.68","0.05","-97.72","-0.25","0.06","1","1","","","",""
"nitro_s0","nitro","0","PASS","121.4","25.18","0","","","","","","59.82","9.92","-50.63","5.12","37.52","2","2","","","",""
"nitro_s16","nitro","16","INFO stuck","136","36.86","0","","","","","","171.11","5.12","20.16","5.12","0","1","1","","","",""
"nitro_s24","nitro","24","FAIL ramp_hard_stop","83.7","34.39","0","","","","","","-8.96","-8.96","-20.21","-8.96","0.02","2","1","nitro_s24@f218 (-7.8,-8.6,-27.8) from 32.9 m/s rise 0.35","","StaticMeshCollectionActor_8413.4;StaticMeshCollectionActor_8413.3",""
"nitro_s32","nitro","32","INFO stuck","38.9","31.25","0","","","","","","11.52","-8.66","-8.5","-8.96","0","1","1","","","StaticMeshCollectionActor_8413.2;StaticMeshCollectionActor_8413.7",""
"nitro_s40","nitro","40","INFO stuck","61.7","23.22","0","","","","","","141.32","-3.57","-114.42","-3.57","0","1","1","","","",""
"nitro_s48","nitro","48","FAIL ramp_hard_stop","93.9","36.06","0","","","","","","-9.01","-8.96","-20.26","-8.96","0.01","2","1","nitro_s48@f223 (-7.7,-8.6,-27.8) from 34.7 m/s rise 0.35","","StaticMeshCollectionActor_8413.4;StaticMeshCollectionActor_8413.3",""
"nitro_s56","nitro","56","PASS","210","37.18","0","","","","","","209.04","-1.47","71.16","-8.96","57.47","1","1","","","StaticMeshCollectionActor_6789.1;StaticMeshCollectionActor_5180.1;StaticMeshCollectionActor_9427.1",""
"nitro_s64","nitro","64","INFO stuck","142.9","36.87","0","","","","","","21.88","5.99","-40.39","5.12","0.11","1","1","","","",""
"nitro_s72","nitro","72","INFO stuck","30.2","28.14","0","","","","","","8.57","5.84","-31.27","5.12","0","1","1","","","",""
"nitro_s8","nitro","8","INFO stuck","76.9","33.05","0","","","","","","171.1","5.12","20.04","5.12","0","1","1","","","",""
"nitro_s80","nitro","80","INFO stuck","34.9","29.3","0","","","","","","15.94","-8.82","-29.19","-8.96","0.04","1","1","","","StaticMeshCollectionActor_8413.3;StaticMeshCollectionActor_8413.2",""
"nitro_s88","nitro","88","INFO stuck","15.4","21.19","0","","","","","","-2.94","-1.17","-97.64","-1.17","0.14","1","1","","","",""
"reverse_s0","reverse","0","PASS","19.6","15","0","","","","","","-58.67","9.62","-7.2","9.48","2.3","0","0","","","",""
"reverse_s16","reverse","16","PASS","51.1","15.22","0","","","","","","284.44","10.32","-23.25","9.93","35.21","2","2","","","",""
"reverse_s24","reverse","24","PASS","31.2","15","0","","","","","","-19.27","-0.03","-106.86","-0.39","8.95","1","1","","","",""
"reverse_s32","reverse","32","PASS","42.8","19.61","0","","","","","","-19.13","-7.78","-60.34","-8.46","17.52","1","1","","","StaticMeshCollectionActor_8413.2;StaticMeshCollectionActor_8413.4",""
"reverse_s40","reverse","40","PASS","57.9","19.88","0","","","","","","210.04","5.82","-110.25","5.58","22.34","2","2","","","","StaticMeshCollectionActor_12147.6"
"reverse_s48","reverse","48","PASS","24.4","15","0","","","","","","-19.49","0","-106.22","-0.28","9.91","1","1","","","",""
"reverse_s56","reverse","56","INFO stuck","31","15","0","","","","","","55.37","9.67","-83.92","9.51","0.05","1","1","","","",""
"reverse_s64","reverse","64","PASS","45.2","15.22","0","","","","","","-100.57","10.43","-1.53","9.93","28.76","2","2","","","",""
"reverse_s72","reverse","72","INFO stuck","18.5","11.12","0","","","","","","-27.4","5.49","-43.11","5.47","0.02","1","1","","","",""
"reverse_s8","reverse","8","PASS","84.9","15","0","","","","","","280.28","10.2","-45.67","9.74","14.44","1","1","","","",""
"reverse_s80","reverse","80","PASS","32.3","15","0","","","","","","-19.59","-8.09","-27.69","-8.33","11.55","1","1","","","",""
"reverse_s88","reverse","88","PASS","29.7","15","0","","","","","","-19.37","-0.01","-106.64","-0.25","9.6","1","1","","","",""
"robot_jump_s0","robot_jump","0","PASS","129","14.76","0","","","","","","-31.57","9.28","67.23","5.12","40","1","1","","","StaticMeshCollectionActor_1591.11;StaticMeshCollectionActor_13042.4",""
"robot_jump_s16","robot_jump","16","PASS","105.2","14.18","0","","","","","","284.1","13.12","-42.6","7.82","34.65","2","2","","","",""
"robot_jump_s24","robot_jump","24","PASS","59.8","15.03","0","","","","","","-19.8","-1.25","-84.22","-8.84","19.11","2","2","","","",""
"robot_jump_s32","robot_jump","32","FAIL passed_through","67","14.29","3","517","1.6","StaticMeshCollectionActor_13834","-11.03,0.31,-20.33","StaticMeshCollectionActor_13834","-20.05","-8.96","-32.27","-8.96","21.35","3","3","","","StaticMeshCollectionActor_8413.2;StaticMeshCollectionActor_8413.3;StaticMeshCollectionActor_13834.11;StaticMeshCollectionActor_9421.3",""
"robot_jump_s40","robot_jump","40","FAIL passed_through","39.3","14","3","551","1.6","StaticMeshCollectionActor_5767","191.18,0.4,-114.61","StaticMeshCollectionActor_5767","191.3","0.65","-114.56","-2.47","6.78","3","3","","","",""
"robot_jump_s48","robot_jump","48","PASS","63.6","15.22","0","","","","","","-19.86","2.88","-99.76","-5.33","23.52","1","1","","","StaticMeshCollectionActor_10467.4",""
"robot_jump_s56","robot_jump","56","PASS","72","14.18","0","","","","","","84.43","7.15","-32.03","2.52","5.43","3","3","","","",""
"robot_jump_s64","robot_jump","64","PASS","95.7","14.18","0","","","","","","-88.65","9.33","19.4","8.96","25.46","2","2","","","StaticMeshCollectionActor_14328.2",""
"robot_jump_s72","robot_jump","72","PASS","135.5","14.18","0","","","","","","-68.82","9.28","21.02","5.12","39.94","0","0","","","StaticMeshCollectionActor_13042.0;StaticMeshCollectionActor_348.5",""
"robot_jump_s8","robot_jump","8","PASS","137.2","14.29","0","","","","","","228.13","9.28","-79.21","5.12","40.02","0","0","","","",""
"robot_jump_s80","robot_jump","80","PASS","66.5","14.18","0","","","","","","5.39","-4.68","-7.06","-8.96","13.76","2","2","","","StaticMeshCollectionActor_8413.3;StaticMeshCollectionActor_8413.7",""
"robot_jump_s88","robot_jump","88","PASS","65.9","15","0","","","","","","-19.78","2.32","-95.48","-6.1","21.56","1","1","","","",""
"robot_turn_s0","robot_turn","0","PASS","87.5","15.07","0","","","","","","-28.56","5.12","-42.38","5.12","23.62","2","2","","","",""
"robot_turn_s16","robot_turn","16","PASS","87.1","14.5","0","","","","","","307.29","8.96","29.73","6.55","37.91","2","2","","","",""
"robot_turn_s24","robot_turn","24","PASS","83.7","17.8","0","","","","","","-18.2","-1.17","-108.3","-8.92","31.49","2","2","","","",""
"robot_turn_s32","robot_turn","32","PASS","54.5","14.18","0","","","","","","4.28","-8.96","-58.21","-8.96","31.92","1","1","","","StaticMeshCollectionActor_8413.2",""
"robot_turn_s40","robot_turn","40","FAIL ramp_hard_stop","203.9","14.96","0","","","","","","245.34","5.12","-60.23","-24.89","31.65","1","0","robot_turn_s40@f369 (215.0,5.1,-81.8) from 13.7 m/s rise 19.29","","","StaticMeshCollectionActor_15840.10"
"robot_turn_s48","robot_turn","48","PASS","60.3","15.07","0","","","","","","7.89","-1.15","-118.7","-1.28","12.12","4","4","","","",""
"robot_turn_s56","robot_turn","56","PASS","55.1","15.22","0","","","","","","86.56","9.09","-100.22","8.96","11.16","3","3","","","StaticMeshCollectionActor_8413.8",""
"robot_turn_s64","robot_turn","64","PASS","86.2","14.49","0","","","","","","-117.08","8.96","-45.25","6.55","37.42","2","2","","","",""
"robot_turn_s72","robot_turn","72","PASS","72.1","14.12","0","","","","","","33.05","8.96","-67.17","5.12","3.28","3","3","","","",""
"robot_turn_s8","robot_turn","8","PASS","63.7","14.06","0","","","","","","230.86","8.96","32.29","8.96","14.11","3","3","","","StaticMeshCollectionActor_1105.7",""
"robot_turn_s80","robot_turn","80","PASS","76.8","14.51","0","","","","","","-18.03","-8.96","-50.71","-8.96","20.54","3","3","","","StaticMeshCollectionActor_8413.2;StaticMeshCollectionActor_8413.4;StaticMeshCollectionActor_8413.5",""
"robot_turn_s88","robot_turn","88","PASS","74","15.09","0","","","","","","7.84","-1.15","-118.67","-1.28","22.54","3","3","","","",""
"robot_walk_s0","robot_walk","0","PASS","77.6","14.58","0","","","","","","23.29","5.12","-39.32","5.12","18.18","2","2","","","",""
"robot_walk_s16","robot_walk","16","INFO stuck","45.5","14.33","0","","","","","","256.58","8.96","16.12","8.96","0","1","1","","","",""
"robot_walk_s24","robot_walk","24","PASS","96.8","14","0","","","","","","0.15","-8.88","-8.96","-8.96","2.68","1","1","","","StaticMeshCollectionActor_8413.4;StaticMeshCollectionActor_8413.3",""
"robot_walk_s32","robot_walk","32","INFO stuck","40.2","14","0","","","","","","11.52","-8.96","-7.12","-8.96","0","1","1","","","StaticMeshCollectionActor_8413.2;StaticMeshCollectionActor_8413.7",""
"robot_walk_s40","robot_walk","40","INFO stuck","41.6","15.87","0","","","","","","160.94","-3.06","-120.71","-3.06","0","1","1","","","",""
"robot_walk_s48","robot_walk","48","PASS","107","14","0","","","","","","0.16","-8.88","-8.96","-8.96","9.81","1","1","","","StaticMeshCollectionActor_8413.4;StaticMeshCollectionActor_8413.3",""
"robot_walk_s56","robot_walk","56","PASS","138.9","14.52","0","","","","","","176.68","-8.96","13.11","-8.96","41.54","0","0","","","StaticMeshCollectionActor_6789.1",""
"robot_walk_s64","robot_walk","64","INFO stuck","45.5","14.34","0","","","","","","-67.17","8.96","-31.25","8.96","0","1","1","","","",""
"robot_walk_s72","robot_walk","72","INFO stuck","31.6","14","0","","","","","","9.55","5.12","-30.29","5.12","0","1","1","","","",""
"robot_walk_s8","robot_walk","8","INFO stuck","78.5","14.66","0","","","","","","169.6","5.12","20.46","5.12","0","1","1","","","",""
"robot_walk_s80","robot_walk","80","INFO stuck","36.6","14","0","","","","","","17.75","-8.81","-28.69","-8.96","0","1","1","","","StaticMeshCollectionActor_8413.3;StaticMeshCollectionActor_8413.2",""
"robot_walk_s88","robot_walk","88","INFO stuck","15.8","14","0","","","","","","-2.56","-1.17","-96.83","-1.17","0","1","1","","","",""
"strafe_boost_s0","strafe_boost","0","INFO stuck","76.6","22.42","0","","","","","","22.09","5.12","-39.23","5.12","0","1","1","","","",""
"strafe_boost_s16","strafe_boost","16","INFO stuck","135.5","28.58","0","","","","","","171.08","5.12","19.95","5.12","0.13","1","1","","","",""
"strafe_boost_s24","strafe_boost","24","FAIL ramp_hard_stop","84","27.59","0","","","","","","-9.74","-8.96","-20.58","-8.96","0","2","1","strafe_boost_s24@f228 (-7.8,-8.6,-27.8) from 27.1 m/s rise 0.35","","StaticMeshCollectionActor_8413.4;StaticMeshCollectionActor_8413.3",""
"strafe_boost_s32","strafe_boost","32","INFO stuck","50","26.63","0","","","","","","2.81","-8.71","-7.67","-8.96","0.1","1","1","","","StaticMeshCollectionActor_8413.2;StaticMeshCollectionActor_8413.7",""
"strafe_boost_s40","strafe_boost","40","INFO stuck","58.9","23.22","0","","","","","","143.02","-3.51","-115.34","-3.51","0","1","1","","","",""
"strafe_boost_s48","strafe_boost","48","FAIL ramp_hard_stop","94.4","28.48","0","","","","","","-9.65","-8.96","-20.49","-8.96","0","2","1","strafe_boost_s48@f238 (-7.7,-8.6,-27.8) from 28.2 m/s rise 0.35","","StaticMeshCollectionActor_8413.4;StaticMeshCollectionActor_8413.3",""
"strafe_boost_s56","strafe_boost","56","PASS","140.1","28.56","0","","","","","","159.81","-8.02","18.17","-8.96","7.9","2","2","","","StaticMeshCollectionActor_6789.1",""
"strafe_boost_s64","strafe_boost","64","INFO stuck","141.1","28.58","0","","","","","","22.06","5.12","-39.28","5.12","0.26","1","1","","","",""
"strafe_boost_s72","strafe_boost","72","INFO stuck","50","25.41","0","","","","","","-2.85","5.27","-15.65","5.12","0.03","2","2","","","",""
"strafe_boost_s8","strafe_boost","8","INFO stuck","77.7","27.35","0","","","","","","171.04","5.78","20.69","5.12","0.07","1","1","","","",""
"strafe_boost_s80","strafe_boost","80","INFO stuck","34.5","25.83","0","","","","","","15.62","-8.81","-29.63","-8.96","0","1","1","","","StaticMeshCollectionActor_8413.3;StaticMeshCollectionActor_8413.2",""
"strafe_boost_s88","strafe_boost","88","INFO stuck","15.4","21.19","0","","","","","","-2.94","-1.17","-97.64","-1.17","0.14","1","1","","","",""
