"frame","elapsed","form","collision_form","clip","clip_t","weapon_usable","root_x","root_y","root_z","yaw","hspeed","cam_x","cam_y","cam_z","debug_overlay","img_diff","img_changed","cam_jump_per_frame","flags","png"
"56","-0.05","ROBOT","ROBOT","NAV_Idle","0.92","1","363.52","-724.48","-341.76","1.01","0","371.727","-719.284","-339.968","0","0","0","0","","F:\Transformers Rebuild\Rebuild-Experimental\work\fidelity\gate\baseline-run\transform\r2v_side\f00056.png"
"58","-0.0167","ROBOT","ROBOT","NAV_Idle","0.95","1","363.52","-724.48","-341.76","1.01","0","371.727","-719.284","-339.968","0","0.035","0.0008","0","",""
"60","0.0167","ROBOT","VEHICLE","Transform_ToVehicle_ROBO","0","0","363.52","-722.63","-341.76","1.01","0","371.727","-719.228","-339.968","0","0.438","0.0117","0.897","",""
"62","0.05","ROBOT","VEHICLE","Transform_ToVehicle_ROBO","0.03","0","363.52","-722.63","-341.76","1.01","0","371.19","-719.104","-339.107","0","0.43","0.0135","0.5111","","F:\Transformers Rebuild\Rebuild-Experimental\work\fidelity\gate\baseline-run\transform\r2v_side\f00062.png"
"64","0.0833","ROBOT","VEHICLE","Transform_ToVehicle_ROBO","0.07","0","363.52","-722.63","-341.76","1.01","0","370.845","-718.981","-338.556","0","0.515","0.0171","0.3308","",""
"66","0.1167","ROBOT","VEHICLE","Transform_ToVehicle_ROBO","0.1","0","363.52","-722.63","-341.76","1.01","0","370.624","-718.857","-338.202","0","0.584","0.019","0.2177","",""
"68","0.15","ROBOT","VEHICLE","Transform_ToVehicle_ROBO","0.13","0","363.52","-722.63","-341.76","1.01","0","370.482","-718.733","-337.975","0","0.635","0.0204","0.1475","","F:\Transformers Rebuild\Rebuild-Experimental\work\fidelity\gate\baseline-run\transform\r2v_side\f00068.png"
"70","0.1833","ROBOT","VEHICLE","Transform_ToVehicle_ROBO","0.17","0","363.52","-722.63","-341.76","1.01","0","370.391","-718.61","-337.829","0","0.657","0.0208","0.1057","",""
"72","0.2167","ROBOT","VEHICLE","Transform_ToVehicle_ROBO","0.2","0","363.52","-722.63","-341.76","1.01","0","370.333","-718.486","-337.736","0","0.587","0.0198","0.0827","",""
"74","0.25","ROBOT","VEHICLE","Transform_ToVehicle_ROBO","0.23","0","363.52","-722.63","-341.76","1.01","0","370.296","-718.362","-337.676","0","0.543","0.018","0.0713","","F:\Transformers Rebuild\Rebuild-Experimental\work\fidelity\gate\baseline-run\transform\r2v_side\f00074.png"
"76","0.2833","ROBOT","VEHICLE","Transform_ToVehicle_ROBO","0.27","0","363.52","-722.63","-341.76","1.01","0","370.272","-718.238","-337.638","0","0.625","0.0208","0.0659","",""
"78","0.3167","ROBOT","VEHICLE","Transform_ToVehicle_ROBO","0.3","0","363.52","-722.63","-341.76","1.01","0","370.256","-718.115","-337.613","0","0.684","0.0228","0.0633","",""
"80","0.35","ROBOT","VEHICLE","Transform_ToVehicle_ROBO","0.33","0","363.52","-722.63","-341.76","1.01","0","370.247","-717.991","-337.598","0","0.81","0.028","0.0626","","F:\Transformers Rebuild\Rebuild-Experimental\work\fidelity\gate\baseline-run\transform\r2v_side\f00080.png"
"82","0.3833","ROBOT","VEHICLE","Transform_ToVehicle_ROBO","0.37","0","363.52","-722.63","-341.76","1.01","0","370.24","-717.867","-337.588","0","0.96","0.0288","0.0623","",""
"84","0.4167","ROBOT","VEHICLE","Transform_ToVehicle_ROBO","0.4","0","363.52","-722.63","-341.76","1.01","0","370.236","-717.744","-337.581","0","0.925","0.0258","0.0616","",""
"86","0.45","ROBOT","VEHICLE","Transform_ToVehicle_ROBO","0.43","0","363.52","-722.63","-341.76","1.01","0","370.234","-717.62","-337.577","0","0.817","0.0249","0.062","","F:\Transformers Rebuild\Rebuild-Experimental\work\fidelity\gate\baseline-run\transform\r2v_side\f00086.png"
"88","0.4833","ROBOT","VEHICLE","Transform_ToVehicle_ROBO","0.47","0","363.52","-722.63","-341.76","1.01","0","370.232","-717.496","-337.574","0","0.787","0.0229","0.062","",""
"90","0.5167","ROBOT","VEHICLE","Transform_ToVehicle_ROBO","0.5","0","363.52","-722.63","-341.76","1.01","0","370.231","-717.435","-337.573","0","0.741","0.0215","0.0305","",""
"92","0.55","ROBOT","VEHICLE","Transform_ToVehicle_ROBO","0.53","0","363.52","-722.63","-341.76","1.01","0","370.23","-717.435","-337.571","0","0.613","0.0179","0.0011","","F:\Transformers Rebuild\Rebuild-Experimental\work\fidelity\gate\baseline-run\transform\r2v_side\f00092.png"
"94","0.5833","ROBOT","VEHICLE","Transform_ToVehicle_ROBO","0.57","0","363.52","-722.63","-341.76","1.01","0","370.23","-717.435","-337.571","0","0.504","0.0147","0","",""
"96","0.6167","ROBOT","VEHICLE","Transform_ToVehicle_ROBO","0.6","0","363.52","-722.63","-341.76","1.01","0","370.229","-717.435","-337.57","0","0.489","0.0146","0.0007","",""
"98","0.65","ROBOT","VEHICLE","Transform_ToVehicle_ROBO","0.63","0","363.52","-722.63","-341.76","1.01","0","370.229","-717.435","-337.57","0","0.509","0.0142","0","","F:\Transformers Rebuild\Rebuild-Experimental\work\fidelity\gate\baseline-run\transform\r2v_side\f00098.png"
"100","0.6833","ROBOT","VEHICLE","Transform_ToVehicle_ROBO","0.67","0","363.52","-722.63","-341.76","1.01","0","370.229","-717.435","-337.57","0","0.513","0.014","0","",""
"102","0.7167","ROBOT","VEHICLE","Transform_ToVehicle_ROBO","0.7","0","363.52","-722.63","-341.76","1.01","0","370.229","-717.435","-337.57","0","0.529","0.0148","0","",""
"104","0.75","ROBOT","VEHICLE","Transform_ToVehicle_ROBO","0.73","0","363.52","-722.63","-341.76","1.01","0","370.229","-717.435","-337.57","0","0.553","0.0162","0","","F:\Transformers Rebuild\Rebuild-Experimental\work\fidelity\gate\baseline-run\transform\r2v_side\f00104.png"
"106","0.7833","ROBOT","VEHICLE","Transform_ToVehicle_ROBO","0.77","0","363.52","-722.63","-341.76","1.01","0","370.229","-717.435","-337.57","0","0.592","0.0167","0","",""
"108","0.8167","ROBOT","VEHICLE","Transform_ToVehicle_ROBO","0.8","0","363.52","-722.63","-341.76","1.01","0","370.229","-717.435","-337.57","0","0.531","0.0146","0","",""
"110","0.85","ROBOT","VEHICLE","Transform_ToVehicle_ROBO","0.83","0","363.52","-722.63","-341.76","1.01","0","370.229","-717.435","-337.569","0","0.519","0.0156","0.0005","","F:\Transformers Rebuild\Rebuild-Experimental\work\fidelity\gate\baseline-run\transform\r2v_side\f00110.png"
"112","0.8833","ROBOT","VEHICLE","Transform_ToVehicle_ROBO","0.87","0","363.52","-722.63","-341.76","1.01","0","370.229","-717.435","-337.569","0","0.443","0.014","0","",""
"114","0.9167","ROBOT","VEHICLE","Transform_ToVehicle_ROBO","0.9","0","363.52","-722.63","-341.76","1.01","0","370.229","-717.435","-337.569","0","0.326","0.0097","0","",""
"116","0.95","ROBOT","VEHICLE","Transform_ToVehicle_ROBO","0.93","0","363.52","-722.63","-341.76","1.01","0","370.229","-717.435","-337.569","0","0.263","0.0077","0","","F:\Transformers Rebuild\Rebuild-Experimental\work\fidelity\gate\baseline-run\transform\r2v_side\f00116.png"
"118","0.9833","ROBOT","VEHICLE","Transform_ToVehicle_ROBO","0.97","0","363.52","-722.63","-341.76","1.01","0","370.229","-717.435","-337.569","0","0.223","0.0049","0","",""
"120","1.0167","VEHICLE","VEHICLE","Transform_ToVehicle_VEH","1","0","363.52","-722.63","-341.76","1.01","0","370.229","-717.435","-337.569","0","1.731","0.0494","0","mesh_switch","F:\Transformers Rebuild\Rebuild-Experimental\work\fidelity\gate\baseline-run\transform\r2v_side\f00120.png"
"122","1.05","VEHICLE","VEHICLE","Transform_ToVehicle_VEH","1.03","0","363.52","-722.63","-341.76","1.01","0","370.229","-717.435","-337.569","0","0.945","0.0298","0","","F:\Transformers Rebuild\Rebuild-Experimental\work\fidelity\gate\baseline-run\transform\r2v_side\f00122.png"
"124","1.0833","VEHICLE","VEHICLE","Transform_ToVehicle_VEH","1.07","0","363.52","-722.63","-341.76","1.01","0","370.229","-717.435","-337.569","0","0.851","0.0241","0","",""
"126","1.1167","VEHICLE","VEHICLE","Transform_ToVehicle_VEH","1.1","0","363.52","-722.63","-341.76","1.01","0","370.229","-717.435","-337.569","0","0.658","0.0192","0","",""
"128","1.15","VEHICLE","VEHICLE","Transform_ToVehicle_VEH","1.13","0","363.52","-722.63","-341.76","1.01","0","370.229","-717.435","-337.569","0","0.737","0.0233","0","","F:\Transformers Rebuild\Rebuild-Experimental\work\fidelity\gate\baseline-run\transform\r2v_side\f00128.png"
"130","1.1833","VEHICLE","VEHICLE","Transform_ToVehicle_VEH","1.17","0","363.52","-722.63","-341.76","1.01","0","370.229","-717.435","-337.569","0","0.807","0.0258","0","",""
"132","1.2167","VEHICLE","VEHICLE","Transform_ToVehicle_VEH","1.2","0","363.52","-722.63","-341.76","1.01","0","370.229","-717.435","-337.569","0","0.69","0.0219","0","",""
"134","1.25","VEHICLE","VEHICLE","Transform_ToVehicle_VEH","1.23","0","363.52","-722.63","-341.76","1.01","0","370.229","-717.435","-337.569","0","0.349","0.0067","0","","F:\Transformers Rebuild\Rebuild-Experimental\work\fidelity\gate\baseline-run\transform\r2v_side\f00134.png"
"136","1.2833","VEHICLE","VEHICLE","Transform_ToVehicle_VEH","1.27","0","363.52","-722.63","-341.76","1.01","0","370.229","-717.435","-337.569","0","0.203","0.0027","0","",""
"138","1.3167","VEHICLE","VEHICLE","Transform_ToVehicle_VEH","1.3","0","363.52","-722.63","-341.76","1.01","0","370.229","-717.435","-337.569","0","0.294","0.0057","0","",""
"140","1.35","VEHICLE","VEHICLE","Transform_ToVehicle_VEH","1.33","0","363.52","-722.63","-341.76","1.01","0","370.229","-717.435","-337.569","0","0.38","0.0101","0","","F:\Transformers Rebuild\Rebuild-Experimental\work\fidelity\gate\baseline-run\transform\r2v_side\f00140.png"
"142","1.3833","VEHICLE","VEHICLE","Transform_ToVehicle_VEH","1.37","0","363.52","-722.63","-341.76","1.01","0","370.229","-717.435","-337.569","0","0.354","0.0089","0","",""
"144","1.4167","VEHICLE","VEHICLE","Transform_ToVehicle_VEH","1.4","0","363.52","-722.63","-341.76","1.01","0","370.229","-717.435","-337.569","0","0.298","0.0062","0","",""
"146","1.45","VEHICLE","VEHICLE","Transform_ToVehicle_VEH","1.43","0","363.52","-722.63","-341.76","1.01","0","370.229","-717.435","-337.569","0","0.238","0.0028","0","","F:\Transformers Rebuild\Rebuild-Experimental\work\fidelity\gate\baseline-run\transform\r2v_side\f00146.png"
"148","1.4833","VEHICLE","VEHICLE","Transform_ToVehicle_VEH","1.47","0","363.52","-722.63","-341.76","1.01","0","370.229","-717.435","-337.569","0","0.181","0.0018","0","",""
"150","1.5167","VEHICLE","VEHICLE","Transform_ToVehicle_VEH","1.5","0","363.52","-722.63","-341.76","1.01","0","370.229","-717.435","-337.569","0","0.229","0.0041","0","",""
"152","1.55","VEHICLE","VEHICLE","Transform_ToVehicle_VEH","1.53","0","363.52","-722.63","-341.76","1.01","0","370.229","-717.435","-337.569","0","0.219","0.0041","0","","F:\Transformers Rebuild\Rebuild-Experimental\work\fidelity\gate\baseline-run\transform\r2v_side\f00152.png"
"154","1.5833","VEHICLE","VEHICLE","Transform_ToVehicle_VEH","1.57","0","363.52","-722.63","-341.76","1.01","0","370.229","-717.435","-337.569","0","0.168","0.0024","0","",""
"156","1.6167","VEHICLE","VEHICLE","Transform_ToVehicle_VEH","1.6","0","363.52","-722.63","-341.76","1.01","0","370.229","-717.435","-337.569","0","0.13","0.0017","0","",""
"158","1.65","VEHICLE","VEHICLE","Transform_ToVehicle_VEH","1.63","0","363.52","-722.63","-341.76","1.01","0","370.229","-717.435","-337.569","0","0.097","0.0009","0","","F:\Transformers Rebuild\Rebuild-Experimental\work\fidelity\gate\baseline-run\transform\r2v_side\f00158.png"
"160","1.6833","VEHICLE","VEHICLE","Transform_ToVehicle_VEH","1.67","0","363.52","-722.63","-341.76","1.01","0","370.229","-717.435","-337.569","0","0.093","0.0011","0","",""
"162","1.7167","VEHICLE","VEHICLE","Transform_ToVehicle_VEH","1.7","0","363.52","-722.63","-341.76","1.01","0","370.229","-717.435","-337.569","0","0.072","0.0008","0","",""
"164","1.75","VEHICLE","VEHICLE","Transform_ToVehicle_VEH","1.73","0","363.52","-722.63","-341.76","1.01","0","370.229","-717.435","-337.569","0","0.052","0.0006","0","","F:\Transformers Rebuild\Rebuild-Experimental\work\fidelity\gate\baseline-run\transform\r2v_side\f00164.png"
"166","1.7833","VEHICLE","VEHICLE","Transform_ToVehicle_VEH","1.77","0","363.52","-722.63","-341.76","1.01","0","370.229","-717.435","-337.569","0","0.039","0.0003","0","no_visible_change","F:\Transformers Rebuild\Rebuild-Experimental\work\fidelity\gate\baseline-run\transform\r2v_side\f00166.png"
"168","1.8167","VEHICLE","VEHICLE","Transform_ToVehicle_VEH","1.8","0","363.52","-722.63","-341.76","1.01","0","370.229","-717.435","-337.569","0","0.026","0.0006","0","no_visible_change","F:\Transformers Rebuild\Rebuild-Experimental\work\fidelity\gate\baseline-run\transform\r2v_side\f00168.png"
"170","1.85","VEHICLE","VEHICLE","Transform_ToVehicle_VEH","1.83","0","363.52","-722.63","-341.76","1.01","0","370.229","-717.435","-337.569","0","0.019","0.0005","0","no_visible_change","F:\Transformers Rebuild\Rebuild-Experimental\work\fidelity\gate\baseline-run\transform\r2v_side\f00170.png"
"172","1.8833","VEHICLE","VEHICLE","Transform_ToVehicle_VEH","1.87","0","363.52","-722.63","-341.76","1.01","0","370.229","-717.435","-337.569","0","0.019","0.0006","0","no_visible_change","F:\Transformers Rebuild\Rebuild-Experimental\work\fidelity\gate\baseline-run\transform\r2v_side\f00172.png"
"174","1.9167","VEHICLE","VEHICLE","Transform_ToVehicle_VEH","1.9","0","363.52","-722.63","-341.76","1.01","0","370.229","-717.435","-337.569","0","0.021","0.0008","0","no_visible_change","F:\Transformers Rebuild\Rebuild-Experimental\work\fidelity\gate\baseline-run\transform\r2v_side\f00174.png"
"176","1.95","VEHICLE","VEHICLE","Transform_ToVehicle_VEH","1.93","0","363.52","-722.63","-341.76","1.01","0","370.229","-717.435","-337.569","0","0.017","0.0006","0","no_visible_change","F:\Transformers Rebuild\Rebuild-Experimental\work\fidelity\gate\baseline-run\transform\r2v_side\f00176.png"
"178","1.9833","VEHICLE","VEHICLE","Transform_ToVehicle_VEH","1.97","0","363.52","-722.63","-341.76","1.01","0","370.229","-717.435","-337.569","0","0.015","0.0005","0","no_visible_change","F:\Transformers Rebuild\Rebuild-Experimental\work\fidelity\gate\baseline-run\transform\r2v_side\f00178.png"
"180","2.0167","VEHICLE","VEHICLE","Nav_Hover_FBLR_VEH","0.02","0","363.52","-722.63","-341.76","1.01","0","370.229","-717.435","-337.569","0","6.366","0.0605","0","",""
"182","2.05","VEHICLE","VEHICLE","Nav_Hover_FBLR_VEH","0.05","0","363.52","-722.63","-341.76","1.01","0","370.229","-717.435","-337.569","0","4.908","0.0835","0","","F:\Transformers Rebuild\Rebuild-Experimental\work\fidelity\gate\baseline-run\transform\r2v_side\f00182.png"
"184","2.0833","VEHICLE","VEHICLE","Nav_Hover_FBLR_VEH","0.08","0","363.52","-722.63","-341.76","1.01","0","370.229","-717.435","-337.569","0","6.31","0.0927","0","",""
"186","2.1167","VEHICLE","VEHICLE","Nav_Hover_FBLR_VEH","0.12","0","363.52","-722.63","-341.76","1.01","0","370.229","-717.435","-337.569","0","6.777","0.0976","0","",""
"188","2.15","VEHICLE","VEHICLE","Nav_Hover_FBLR_VEH","0.15","0","363.52","-722.63","-341.76","1.01","0","370.229","-717.435","-337.569","0","6.472","0.0941","0","","F:\Transformers Rebuild\Rebuild-Experimental\work\fidelity\gate\baseline-run\transform\r2v_side\f00188.png"
"190","2.1833","VEHICLE","VEHICLE","Nav_Hover_FBLR_VEH","0.18","0","363.52","-722.63","-341.76","1.01","0","370.229","-717.435","-337.569","0","5.828","0.0895","0","",""
"192","2.2167","VEHICLE","VEHICLE","Nav_Hover_FBLR_VEH","0.22","0","363.52","-722.63","-341.76","1.01","0","370.229","-717.435","-337.569","0","4.934","0.0823","0","",""
"194","2.25","VEHICLE","VEHICLE","Nav_Hover_FBLR_VEH","0.25","0","363.52","-722.63","-341.76","1.01","0","370.229","-717.435","-337.569","0","3.229","0.0598","0","","F:\Transformers Rebuild\Rebuild-Experimental\work\fidelity\gate\baseline-run\transform\r2v_side\f00194.png"
"196","2.2833","VEHICLE","VEHICLE","Nav_Hover_FBLR_VEH","0.28","0","363.52","-722.63","-341.76","1.01","0","370.229","-717.435","-337.569","0","1.995","0.0386","0","",""
"198","2.3167","VEHICLE","VEHICLE","Nav_Hover_FBLR_VEH","0.32","0","363.52","-722.63","-341.76","1.01","0","370.229","-717.435","-337.569","0","3.865","0.0635","0","",""
"200","2.35","VEHICLE","VEHICLE","Nav_Hover_FBLR_VEH","0.35","0","363.52","-722.63","-341.76","1.01","0","370.229","-717.435","-337.569","0","3.34","0.0646","0","","F:\Transformers Rebuild\Rebuild-Experimental\work\fidelity\gate\baseline-run\transform\r2v_side\f00200.png"
"202","2.3833","VEHICLE","VEHICLE","Nav_Hover_FBLR_VEH","0.38","0","363.52","-722.63","-341.76","1.01","0","370.229","-717.435","-337.569","0","2.53","0.0564","0","",""
"204","2.4167","VEHICLE","VEHICLE","Nav_Hover_FBLR_VEH","0.42","0","363.52","-722.63","-341.76","1.01","0","370.229","-717.435","-337.569","0","2.27","0.0486","0","",""
"206","2.45","VEHICLE","VEHICLE","Nav_Hover_FBLR_VEH","0.45","0","363.52","-722.63","-341.76","1.01","0","370.229","-717.435","-337.569","0","2.181","0.0461","0","","F:\Transformers Rebuild\Rebuild-Experimental\work\fidelity\gate\baseline-run\transform\r2v_side\f00206.png"
"208","2.4833","VEHICLE","VEHICLE","Nav_Hover_FBLR_VEH","0.48","0","363.52","-722.63","-341.76","1.01","0","370.229","-717.435","-337.569","0","2.154","0.0455","0","",""
"210","2.5167","VEHICLE","VEHICLE","Nav_Hover_FBLR_VEH","0.52","0","363.52","-722.63","-341.76","1.01","0","370.229","-717.435","-337.569","0","2.081","0.0408","0","",""
"212","2.55","VEHICLE","VEHICLE","Nav_Hover_FBLR_VEH","0.55","0","363.52","-722.63","-341.76","1.01","0","370.229","-717.435","-337.569","0","2.032","0.0397","0","","F:\Transformers Rebuild\Rebuild-Experimental\work\fidelity\gate\baseline-run\transform\r2v_side\f00212.png"
"214","2.5833","VEHICLE","VEHICLE","Nav_Hover_FBLR_VEH","0.58","0","363.52","-722.63","-341.76","1.01","0","370.229","-717.435","-337.569","0","1.989","0.0372","0","",""
"216","2.6167","VEHICLE","VEHICLE","Nav_Hover_FBLR_VEH","0.62","0","363.52","-722.63","-341.76","1.01","0","370.229","-717.435","-337.569","0","1.86","0.0355","0","",""
"218","2.65","VEHICLE","VEHICLE","Nav_Hover_FBLR_VEH","0.65","0","363.52","-722.63","-341.76","1.01","0","370.229","-717.435","-337.569","0","3.937","0.062","0","","F:\Transformers Rebuild\Rebuild-Experimental\work\fidelity\gate\baseline-run\transform\r2v_side\f00218.png"
"220","2.6833","VEHICLE","VEHICLE","Nav_Hover_FBLR_VEH","0.68","0","363.52","-722.63","-341.76","1.01","0","370.229","-717.435","-337.569","0","3.31","0.0634","0","",""
"222","2.7167","VEHICLE","VEHICLE","Nav_Hover_FBLR_VEH","0.72","0","363.52","-722.63","-341.76","1.01","0","370.229","-717.435","-337.569","0","2.466","0.0547","0","",""
"224","2.75","VEHICLE","VEHICLE","Nav_Hover_FBLR_VEH","0.75","0","363.52","-722.63","-341.76","1.01","0","370.229","-717.435","-337.569","0","2.309","0.0497","0","","F:\Transformers Rebuild\Rebuild-Experimental\work\fidelity\gate\baseline-run\transform\r2v_side\f00224.png"
"226","2.7833","VEHICLE","VEHICLE","Nav_Hover_FBLR_VEH","0.78","0","363.52","-722.63","-341.76","1.01","0","370.229","-717.435","-337.569","0","2.142","0.0435","0","",""
"228","2.8167","VEHICLE","VEHICLE","Nav_Hover_FBLR_VEH","0.82","0","363.52","-722.63","-341.76","1.01","0","370.229","-717.435","-337.569","0","2.121","0.0412","0","",""
