"match","map","gl_live_textures","loaded_mb","unloaded_mb","pcm_loaded","pcm_unloaded","textures_released"
"1","MP_IAC_Streets","61","4224.91","3552.258","179.183","88.133","99"
"2","MP_IAC_Streets","61","4185.922","3624.062","230.826","88.133","99"
"3","MP_IAC_Streets","62","4333.91","3803.523","230.826","102.517","97"
"4","MP_IAC_Streets","62","4327.512","3827.465","245.211","101.93","99"
"5","MP_IAC_Streets","62","4333.555","3827.961","244.623","101.93","99"
"6","MP_IAC_Streets","62","4349.051","3839.172","244.623","101.93","99"
"7","MP_IAC_Streets","62","4332.676","3834.246","244.623","102.517","97"
"8","MP_IAC_Streets","62","4347.27","3846.652","245.211","101.93","99"
"9","MP_IAC_Streets","62","4353.793","3845.855","244.623","101.93","99"
"10","MP_IAC_Streets","62","4352.551","3827.75","244.623","102.517","97"
"11","MP_IAC_Streets","62","4338.133","3824.352","245.211","102.517","97"
"12","MP_IAC_Streets","62","4358.594","3835.328","245.211","101.93","99"
