"run","scenario","start","verdict","pre_x","pre_y","pre_z","pre_hspeed","pre_vy","pre_grounded","pre_form","press_floor","press_floor_thickness","end_x","end_y","end_z","end_hspeed","end_vy","end_grounded","end_form","end_moveForm","end_camD","end_floor","min_y","drop","penetration","through_frame","incline_0_5s","wall","thin_floor","low_ceiling","transforms","general_cross_frame","landed_y"
"r2v_airborne_s0","r2v_airborne","0","PASS","-130","2.49","-42.18","0.02","12.74","0","ROBOT","0","2.56","-130","6.33","-41.36","0.35","-0.5","0","VEHICLE","VEHICLE","5.49","0","0.4","0","0","","2.49","0","0","0","1","",""
"r2v_airborne_s17","r2v_airborne","17","PASS","234.58","11.45","-160.58","0","12.74","0","ROBOT","8.96","10.24","234.86","17.05","-160.64","1.56","-0.95","0","VEHICLE","VEHICLE","9.97","8.96","9.36","0.00","0","","2.49","0","0","0","1","",""
"r2v_airborne_s25","r2v_airborne","25","PASS","129.34","2.49","-42.77","0.02","12.74","0","ROBOT","0.0","20.48","129.35","8.39","-43.77","1.08","0","0","VEHICLE","VEHICLE","2.45","0.0","0.4","0.0","0","","2.49","0","0","0","1","",""
"r2v_airborne_s34","r2v_airborne","34","PASS","85.5","10.22","32.34","2.41","12.74","0","ROBOT","7.73","0.05","49.39","18.81","29.91","16.82","-0.91","0","VEHICLE","VEHICLE","9.97","15.36","11.21","-7.63","0","","2.49","0","1","0","1","",""
"r2v_airborne_s42","r2v_airborne","42","PASS","-243.17","11.45","-30.68","13.93","12.74","0","ROBOT","8.96","10.24","-250.49","16.16","11.66","11.86","0.88","0","VEHICLE","VEHICLE","9.97","10.41","9.36","-1.45","0","","2.49","0","0","0","1","",""
"r2v_airborne_s51","r2v_airborne","51","PASS","-243.17","11.45","56.2","13.93","12.74","0","ROBOT","8.96","10.24","-234.79","14.19","12.39","15.18","-2.91","0","VEHICLE","VEHICLE","9.97","8.98","9.38","-0.02","0","","2.49","0","0","0","1","",""
"r2v_airborne_s59","r2v_airborne","59","PASS","-251.91","11.45","-55.69","0.16","12.74","0","ROBOT","8.96","10.24","-256.78","15.28","-54.74","0","-0.52","0","VEHICLE","VEHICLE","5.57","8.96","9.36","0.00","0","","2.49","0","0","0","1","",""
"r2v_airborne_s68","r2v_airborne","68","PASS","-207.02","7.74","21.1","13.91","-5.88","0","ROBOT","5.12","6.40","-164.46","9.74","13.41","15.19","-4.13","0","VEHICLE","VEHICLE","9.97","4.66","6.11","0.46","0","","-1.24","0","0","0","1","",""
"r2v_airborne_s76","r2v_airborne","76","INFO large_drop","-84.71","10.17","-137.15","6.41","12.74","0","ROBOT","7.68","2.56","-43.02","8.87","-129.13","17.74","-0.71","0","VEHICLE","VEHICLE","9.97","0","7.96","7.68","0","","2.49","0","0","0","1","",""
"r2v_airborne_s8","r2v_airborne","8","PASS","-253.98","11.45","-55.72","0.16","12.74","0","ROBOT","8.96","10.24","-256.56","17.34","-55.4","1.43","-0.49","0","VEHICLE","VEHICLE","9.97","8.96","9.36","0.00","0","","2.49","0","0","0","1","",""
"r2v_airborne_s85","r2v_airborne","85","PASS","-140.47","2.49","-4.98","13.93","12.74","0","ROBOT","0","2.56","-139.84","5.48","33.73","2.49","-1.85","0","VEHICLE","VEHICLE","9.97","0","0.4","0","0","","2.49","0","0","0","1","",""
"r2v_airborne_s93","r2v_airborne","93","INFO large_drop","-70.35","12.09","-146.41","12","12.74","0","ROBOT","11.26","1.41","-38.58","5.06","-116.6","15.24","-2.58","0","VEHICLE","VEHICLE","9.97","0.0","0.34","11.26","0","","2.88","0","0","0","1","",""
"r2v_rapid_s0","r2v_rapid","0","PASS","-157.43","0","-42.88","0.8","0","1","ROBOT","0","2.56","-203.41","5.17","11.05","14","0","1","ROBOT","ROBOT","7.62","5.17","-0.61","-5.17","0","","0","0","0","0","6","",""
"r2v_rapid_s17","r2v_rapid","17","INFO large_drop","236.73","8.96","-168.87","0.8","0","1","ROBOT","8.96","10.24","177.77","-0.1","-140.61","1.88","0","1","ROBOT","ROBOT","7.94","0","-0.73","8.96","0","","0","0","0","0","6","",""
"r2v_rapid_s25","r2v_rapid","25","PASS","144.63","0","-40.96","0.8","0","1","ROBOT","0.0","20.48","161.41","0.11","-74.74","1.14","0","1","ROBOT","ROBOT","7.62","0.11","-0.58","-0.11","0","","0","0","0","0","6","",""
"r2v_rapid_s34","r2v_rapid","34","INFO large_drop","90.87","7.73","33.28","0.8","0","1","ROBOT","7.73","0.05","98.59","2.9","7.72","1.29","0","1","ROBOT","ROBOT","7.62","2.89","1.91","4.83","0","","0","0","1","0","6","",""
"r2v_rapid_s42","r2v_rapid","42","PASS","-236.8","8.96","-63.99","0.8","0","1","ROBOT","8.96","10.24","-242.85","8.96","-73.34","14","0","1","ROBOT","ROBOT","7.62","8.96","8.24","0.00","0","","0","0","0","0","6","",""
"r2v_rapid_s51","r2v_rapid","51","INFO large_drop","-249.53","8.96","89.51","0.8","0","1","ROBOT","8.96","10.24","-162.18","0","90.56","2.18","0","1","ROBOT","ROBOT","7.62","0","-0.74","8.96","0","","0","0","0","0","6","",""
"r2v_rapid_s59","r2v_rapid","59","PASS","-249.6","8.96","-63.99","0.8","0","1","ROBOT","8.96","10.24","-258","8.96","-85.48","1.84","0","1","ROBOT","ROBOT","7.62","8.96","8.3","0.00","0","","0","0","0","0","6","",""
"r2v_rapid_s68","r2v_rapid","68","PASS","-240.63","8.98","25.6","0.8","0","1","ROBOT","8.98","0.02","-231.43","8.9","63.92","14","0","1","ROBOT","ROBOT","7.62","8.90","4.46","0.08","0","","0","0","1","0","6","",""
"r2v_rapid_s76","r2v_rapid","76","PASS","-90.87","7.68","-138.24","0.8","0","1","ROBOT","7.68","2.56","-97.75","7.68","-122.32","14.06","0","1","ROBOT","ROBOT","7.62","7.68","-0.64","0.00","0","","0","0","0","0","6","",""
"r2v_rapid_s8","r2v_rapid","8","PASS","-249.6","8.96","-76.79","0.8","0","1","ROBOT","8.96","10.24","-258","8.96","-85.48","1.84","0","1","ROBOT","ROBOT","7.62","8.96","8.3","0.00","0","","0","0","0","0","6","",""
"r2v_rapid_s85","r2v_rapid","85","PASS","-140.16","0","-38.89","0.8","0","1","ROBOT","0","2.56","-217.3","5.12","-18.36","14.18","0","1","ROBOT","ROBOT","7.62","5.12","-0.67","-5.12","0","","0","0","0","0","6","",""
"r2v_rapid_s93","r2v_rapid","93","PASS","-87.87","7.68","-152.63","0.8","0","1","ROBOT","7.68","2.56","-100.18","7.68","-134.61","14.47","0","1","ROBOT","ROBOT","7.62","7.68","7.08","0.00","0","","0","0","0","0","6","",""
"r2v_stationary_s0","r2v_stationary","0","PASS","-157.44","0","-42.88","0","0","1","ROBOT","0","2.56","-157.44","1.24","-42.88","0","0","1","VEHICLE","VEHICLE","9.97","0","0.78","0","0","","0","0","0","0","1","",""
"r2v_stationary_s17","r2v_stationary","17","PASS","236.74","8.96","-168.88","0","0","1","ROBOT","8.96","10.24","236.74","10.2","-168.88","0","0","1","VEHICLE","VEHICLE","9.97","8.96","9.74","0.00","0","","0","0","0","0","1","",""
"r2v_stationary_s25","r2v_stationary","25","PASS","144.64","0","-40.96","0","0","1","ROBOT","0.0","20.48","144.64","1.24","-40.96","0","0","1","VEHICLE","VEHICLE","9.97","0.0","0.78","0.0","0","","0","0","0","0","1","",""
"r2v_stationary_s34","r2v_stationary","34","PASS","90.88","7.73","33.28","0","0","1","ROBOT","7.73","0.05","90.88","8.96","33.28","0","0","1","VEHICLE","VEHICLE","8.92","7.73","8.51","0.00","0","","0","0","1","0","1","",""
"r2v_stationary_s42","r2v_stationary","42","PASS","-236.8","8.96","-64","0","0","1","ROBOT","8.96","10.24","-236.8","10.2","-64","0","0","1","VEHICLE","VEHICLE","9.97","8.96","9.74","0.00","0","","0","0","0","0","1","",""
"r2v_stationary_s51","r2v_stationary","51","PASS","-249.54","8.96","89.52","0","0","1","ROBOT","8.96","10.24","-249.54","10.2","89.52","0","0","1","VEHICLE","VEHICLE","9.97","8.96","9.74","0.00","0","","0","0","0","0","1","",""
"r2v_stationary_s59","r2v_stationary","59","PASS","-249.6","8.96","-64","0","0","1","ROBOT","8.96","10.24","-249.6","10.2","-64","0","0","1","VEHICLE","VEHICLE","9.97","8.96","9.74","0.00","0","","0","0","0","0","1","",""
"r2v_stationary_s68","r2v_stationary","68","PASS","-240.64","8.98","25.6","0","0","1","ROBOT","8.98","0.02","-240.64","10.22","25.6","0","0","1","VEHICLE","VEHICLE","9.97","8.98","9.76","0.00","0","","0","0","1","0","1","",""
"r2v_stationary_s76","r2v_stationary","76","PASS","-90.88","7.68","-138.24","0","0","1","ROBOT","7.68","2.56","-90.88","8.92","-138.24","0","0","1","VEHICLE","VEHICLE","9.97","7.68","8.46","0.00","0","","0","0","0","0","1","",""
"r2v_stationary_s8","r2v_stationary","8","PASS","-249.6","8.96","-76.8","0","0","1","ROBOT","8.96","10.24","-249.6","10.2","-76.8","0","0","1","VEHICLE","VEHICLE","9.97","8.96","9.74","0.00","0","","0","0","0","0","1","",""
"r2v_stationary_s85","r2v_stationary","85","PASS","-140.16","0","-38.9","0","0","1","ROBOT","0","2.56","-140.16","1.24","-38.9","0","0","1","VEHICLE","VEHICLE","9.97","0","0.78","0","0","","0","0","0","0","1","",""
"r2v_stationary_s93","r2v_stationary","93","PASS","-87.88","7.68","-152.64","0","0","1","ROBOT","7.68","2.56","-87.88","8.92","-152.64","0","0","1","VEHICLE","VEHICLE","9.97","7.68","8.46","0.00","0","","0","0","0","0","1","",""
"r2v_walk_s0","r2v_walk","0","PASS","-137.52","0","-42.39","14","0","1","ROBOT","0","2.56","-130.94","1.24","-41.29","0.37","0","1","VEHICLE","VEHICLE","9.97","0","0.78","0","0","","0","1","0","0","1","",""
"r2v_walk_s17","r2v_walk","17","PASS","234.81","8.96","-160.68","0.39","0","1","ROBOT","8.96","10.24","232.77","10.2","-160.57","0.76","0","1","VEHICLE","VEHICLE","9.97","8.96","9.74","0.00","0","","0","0","0","0","1","",""
"r2v_walk_s25","r2v_walk","25","PASS","130.51","0","-41.78","0.83","0","1","ROBOT","0.0","20.48","130.21","1.24","-43.21","0.37","0","1","VEHICLE","VEHICLE","9.97","0.0","0.78","0.0","0","","0","0","0","0","1","",""
"r2v_walk_s34","r2v_walk","34","PASS","85.59","7.73","32.47","0.22","0","1","ROBOT","7.73","0.05","51.31","16.13","30.32","17.69","5.52","1","VEHICLE","VEHICLE","9.97","15.36","8.51","-7.63","0","","0","0","1","0","1","",""
"r2v_walk_s42","r2v_walk","42","PASS","-240.54","8.96","-44.43","14","0","1","ROBOT","8.96","10.24","-249.01","10.21","-0.18","15","0.13","1","VEHICLE","VEHICLE","9.97","8.98","9.74","-0.02","0","","0","0","0","0","1","",""
"r2v_walk_s51","r2v_walk","51","PASS","-245.79","8.96","69.95","14","0","1","ROBOT","8.96","10.24","-237.33","10.22","25.7","15","0","1","VEHICLE","VEHICLE","9.97","8.98","9.74","-0.02","0","","0","0","0","0","1","",""
"r2v_walk_s59","r2v_walk","59","PASS","-251.56","8.96","-55.69","0.39","0","1","ROBOT","8.96","10.24","-256.67","9.08","-54.72","0.41","0","1","VEHICLE","VEHICLE","9.97","8.96","9.08","0.00","0","","0","0","0","0","1","",""
"r2v_walk_s68","r2v_walk","68","INFO large_drop","-220.89","8.98","22.95","14","0","1","ROBOT","8.98","0.02","-176.65","6.41","16.77","15","0.01","1","VEHICLE","VEHICLE","9.97","5.17","5.98","3.81","0","","0","0","1","0","1","",""
"r2v_walk_s76","r2v_walk","76","PASS","-85.19","7.68","-137.38","0.22","0","1","ROBOT","7.68","2.56","-50.7","7.64","-132.22","15","-0.97","1","VEHICLE","VEHICLE","9.97","5.82","7.64","1.86","0","","0","0","0","0","1","",""
"r2v_walk_s8","r2v_walk","8","PASS","-253.34","8.96","-57.23","14","0","1","ROBOT","8.96","10.24","-256.33","10.2","-55.94","0.09","0","1","VEHICLE","VEHICLE","9.97","8.96","9.74","0.00","0","","0","0","0","0","1","",""
"r2v_walk_s85","r2v_walk","85","PASS","-140.34","0","-18.97","14","0","1","ROBOT","0.0","2.56","-140.76","1.24","26.07","15","0","1","VEHICLE","VEHICLE","9.97","0","0.78","0.00","0","","0","0","0","0","1","",""
"r2v_walk_s93","r2v_walk","93","PASS","-76.35","8.99","-147.7","3.86","0","1","ROBOT","8.72","2.56","-72.05","12.25","-145.47","0","0","1","VEHICLE","VEHICLE","9.97","12.21","9.78","-3.49","0","","0.61","0","0","0","1","",""
"v2r_airborne_s0","v2r_airborne","0","PASS","-131.09","0.57","-41.81","0.73","-3.75","0","VEHICLE","0","2.56","-130","4.16","-41.66","0.02","-7.35","0","ROBOT","ROBOT","7.62","0","-0.74","0","0","","-0.06","0","0","0","1","",""
"v2r_airborne_s17","v2r_airborne","17","PASS","231.12","9.39","-160.74","2.16","-4.09","0","VEHICLE","8.96","10.24","230.84","13.12","-160.75","0.04","-7.35","0","ROBOT","ROBOT","7.62","8.96","8.21","0.00","0","","-0.17","0","0","0","1","",""
"v2r_airborne_s25","v2r_airborne","25","PASS","130.59","0.5","-42.68","1.45","-4.4","0","VEHICLE","0.0","20.48","129.67","4.16","-42.86","0.02","-7.35","0","ROBOT","ROBOT","7.62","0.0","-0.75","0.0","0","","-0.42","0","0","0","1","",""
"v2r_airborne_s34","v2r_airborne","34","INFO large_drop","71.43","4.38","33.66","13.89","-5.57","0","VEHICLE","3.75","2.56","33.04","4.16","33.43","13.49","-7.35","0","ROBOT","ROBOT","7.62","0","-0.21","3.75","0","","-2.38","0","0","0","1","",""
"v2r_airborne_s42","v2r_airborne","42","PASS","-245.65","11","-17.75","33","10.77","0","VEHICLE","8.96","10.24","-251.76","13.12","51.21","13.6","-7.35","0","ROBOT","ROBOT","7.62","8.96","8.96","0.00","0","","2.04","0","0","0","1","",""
"v2r_airborne_s51","v2r_airborne","51","PASS","-240.69","11","43.27","33","10.77","0","VEHICLE","8.96","10.24","-230.83","13.14","-5.82","0.16","-7.35","0","ROBOT","ROBOT","7.62","8.98","8.76","-0.02","0","","2.04","0","0","0","1","",""
"v2r_airborne_s59","v2r_airborne","59","PASS","-256.31","9.54","-55.37","3.42","-3.44","0","VEHICLE","8.96","10.24","-257.37","13.12","-55.32","0.16","-7.35","0","ROBOT","ROBOT","7.62","8.96","8.24","0.00","0","","0.02","0","0","0","1","",""
"v2r_airborne_s68","v2r_airborne","68","PASS","-195.72","5.58","18.65","25.43","-11.32","0","VEHICLE","5.17","0.05","-137.33","4.78","8.66","1.14","0","1","ROBOT","ROBOT","7.62","4.78","0","0.39","0","","-3.29","0","1","0","1","",""
"v2r_airborne_s76","v2r_airborne","76","INFO large_drop","-67.72","9.73","-134.25","26.28","10.77","0","VEHICLE","7.76","9.08","-23.85","4.16","-129.33","0.08","-7.35","0","ROBOT","ROBOT","7.62","0","0","7.76","0","","2.04","0","0","0","1","",""
"v2r_airborne_s8","v2r_airborne","8","PASS","-256.95","9.32","-56.35","0","0.95","1","VEHICLE","8.96","10.24","-257.84","13.12","-55.72","0","-7.35","0","ROBOT","ROBOT","7.62","8.96","8.27","0.00","0","","-0.59","0","0","0","1","",""
"v2r_airborne_s85","v2r_airborne","85","PASS","-140.59","2.04","8.19","33","10.77","0","VEHICLE","0","2.56","-139.99","4.16","34.69","0.14","-7.35","0","ROBOT","ROBOT","7.62","0","-0.22","0","0","","2.04","0","0","0","1","",""
"v2r_airborne_s93","v2r_airborne","93","PASS","-75.81","8.83","-148.42","0","0","1","VEHICLE","8.83","2.56","-56.28","16.1","-144.73","0","-7.35","0","ROBOT","ROBOT","6.93","13.81","8.05","-4.99","0","","-1.06","0","0","0","1","",""
"v2r_boost_left_s0","v2r_boost_left","0","PASS","-130.72","0.87","-36.18","4.14","1.14","1","VEHICLE","0","2.56","-145.12","0","-23.8","2.87","0","1","ROBOT","ROBOT","7.62","0.0","-0.62","0.00","0","","0.57","1","0","0","1","",""
"v2r_boost_left_s17","v2r_boost_left","17","PASS","230.07","8.96","-161.23","0.13","0","1","VEHICLE","8.96","10.24","226.98","8.96","-170","14.47","0","1","ROBOT","ROBOT","7.62","8.96","8.18","0.00","0","","0","0","0","0","1","",""
"v2r_boost_left_s25","v2r_boost_left","25","PASS","131.06","0.64","-47.84","0","1.43","1","VEHICLE","0.0","20.48","144.07","0","-57","0.03","0","1","ROBOT","ROBOT","7.62","0.0","-0.64","0.0","0","","-0.04","0","0","0","1","",""
"v2r_boost_left_s34","v2r_boost_left","34","PASS","50.76","0","33.49","16.29","0","1","VEHICLE","0","2.56","35.84","0","7.25","14","0","1","ROBOT","ROBOT","7.62","0","-0.78","0","0","","0","0","0","0","1","",""
"v2r_boost_left_s42","v2r_boost_left","42","PASS","-250.25","8.98","23.21","27.94","0","1","VEHICLE","8.98","0.02","-249.03","8.96","32.5","0.99","0","1","ROBOT","ROBOT","7.62","8.96","8.2","0.02","0","","0","1","1","0","1","",""
"v2r_boost_left_s51","v2r_boost_left","51","INFO large_drop","-232.79","8.98","1.94","29.43","0","1","VEHICLE","8.98","0.02","-206.31","5.12","-7.83","14","0","1","ROBOT","ROBOT","7.62","5.12","5.12","3.86","0","","0","1","1","0","1","",""
"v2r_boost_left_s59","v2r_boost_left","59","PASS","-256.46","8.96","-55.61","0","0","1","VEHICLE","8.96","10.24","-258.5","8.96","-56.72","4.35","0","1","ROBOT","ROBOT","7.62","8.96","8.18","0.00","0","","0","0","0","0","1","",""
"v2r_boost_left_s68","v2r_boost_left","68","PASS","-155.08","3.68","12.36","28.41","-7.44","0","VEHICLE","0.08","0.08","-134.38","0","30.02","14","0","1","ROBOT","ROBOT","7.62","0","-0.6","0.08","0","","-1.49","0","1","0","1","",""
"v2r_boost_left_s76","v2r_boost_left","76","PASS","-46.72","0","-116.52","19.4","0","1","VEHICLE","0","2.56","-30.68","0","-87.35","14","0","1","ROBOT","ROBOT","7.62","0","-0.78","0","0","","0","0","0","0","1","",""
"v2r_boost_left_s8","v2r_boost_left","8","PASS","-256.73","8.96","-56.38","0","0","1","VEHICLE","8.96","10.24","-258.5","8.96","-56.77","4.31","0","1","ROBOT","ROBOT","7.62","8.96","8.18","0.00","0","","0","0","0","0","1","",""
"v2r_boost_left_s85","v2r_boost_left","85","PASS","-138.46","0.95","34.04","3.05","-0.52","0","VEHICLE","0","2.56","-158.72","0","40.48","0.11","0","1","ROBOT","ROBOT","7.62","0","-0.66","0","0","","0.54","0","0","0","1","",""
"v2r_boost_left_s93","v2r_boost_left","93","PASS","-77.76","8.86","-148.05","3.63","0.69","1","VEHICLE","8.46","2.56","-98.88","7.68","-146.19","2.63","0","1","ROBOT","ROBOT","7.62","7.68","7.54","0.78","0","","-0.68","0","0","0","1","",""
"v2r_boost_long_s0","v2r_boost_long","0","PASS","-130.47","0.7","-40.54","0.48","-1.98","0","VEHICLE","0","2.56","-130","0","-40.38","0.05","0","1","ROBOT","ROBOT","7.62","0","-0.7","0","0","","0.29","0","0","0","1","",""
"v2r_boost_long_s17","v2r_boost_long","17","PASS","229.42","9.72","-160.51","0","-2.15","0","VEHICLE","8.96","10.24","229.12","8.96","-160.55","0.1","0","1","ROBOT","ROBOT","7.62","8.96","8.26","0.00","0","","0.31","0","0","0","1","",""
"v2r_boost_long_s25","v2r_boost_long","25","PASS","129.81","0.76","-44.72","0.63","-2.15","0","VEHICLE","0.0","20.48","129.68","0","-44.87","0.05","0","1","ROBOT","ROBOT","7.62","0.0","-0.7","0.0","0","","0.31","0","0","0","1","",""
"v2r_boost_long_s34","v2r_boost_long","34","PASS","25.11","0.43","31.98","2.53","1.07","1","VEHICLE","0","2.56","23.72","0","31.16","0.22","0","1","ROBOT","ROBOT","7.62","0","-0.68","0","0","","0.43","0","0","0","1","",""
"v2r_boost_long_s42","v2r_boost_long","42","PASS","-247.94","8.96","43.4","21","0","1","VEHICLE","8.96","10.24","-251.91","8.96","71.78","0.39","0","1","ROBOT","ROBOT","7.62","8.96","8.18","0.00","0","","0","0","0","0","1","",""
"v2r_boost_long_s51","v2r_boost_long","51","PASS","-227.62","9.48","-4.99","4.59","-4.07","0","VEHICLE","8.98","0.02","-227.74","8.98","-6.55","0.68","0","1","ROBOT","ROBOT","7.62","8.98","8.24","0.00","0","","-0.16","1","1","0","1","",""
"v2r_boost_long_s59","v2r_boost_long","59","PASS","-256.69","9.78","-55.26","0","-1.5","0","VEHICLE","8.96","10.24","-257.83","8.96","-55.26","0.39","0","1","ROBOT","ROBOT","7.62","8.96","8.28","0.00","0","","0.41","0","0","0","1","",""
"v2r_boost_long_s68","v2r_boost_long","68","PASS","-141.02","0.91","8.58","3.43","0.77","0","VEHICLE","0","2.56","-140.31","0","7.62","0.27","0","1","ROBOT","ROBOT","7.62","0","-0.63","0","0","","0.59","0","0","0","1","",""
"v2r_boost_long_s76","v2r_boost_long","76","PASS","-25.93","0.22","-126.38","5.52","0","1","VEHICLE","0","2.56","-25.45","0","-125.42","0.22","0","1","ROBOT","ROBOT","7.62","0","-0.74","0","0","","0.1","1","0","0","1","",""
"v2r_boost_long_s8","v2r_boost_long","8","PASS","-256.95","9.25","-56.35","0","0","1","VEHICLE","8.96","10.24","-257.84","8.96","-55.72","0","0","1","ROBOT","ROBOT","7.62","8.96","8.24","0.00","0","","-0.44","0","0","0","1","",""
"v2r_boost_long_s85","v2r_boost_long","85","PASS","-132.95","0.81","36.68","5.29","1.27","1","VEHICLE","0","2.56","-133.02","0","37.7","0","0","1","ROBOT","ROBOT","7.62","0","-0.63","0","0","","0.81","1","0","0","1","",""
"v2r_boost_long_s93","v2r_boost_long","93","PASS","-74.81","9.96","-148.46","2.27","0.92","0","VEHICLE","9.01","2.56","-55.27","7.76","-133.47","14","0","1","ROBOT","ROBOT","7.62","7.76","7.76","1.26","0","","0.67","0","0","0","1","",""
"v2r_boost_s0","v2r_boost","0","PASS","-131.09","0.57","-41.81","0.73","-3.75","0","VEHICLE","0","2.56","-130","0","-41.63","0.05","0","1","ROBOT","ROBOT","7.62","0","-0.74","0","0","","-0.06","0","0","0","1","",""
"v2r_boost_s17","v2r_boost","17","PASS","231.12","9.39","-160.74","2.16","-4.09","0","VEHICLE","8.96","10.24","230.79","8.96","-160.75","0.1","0","1","ROBOT","ROBOT","7.62","8.96","8.21","0.00","0","","-0.17","0","0","0","1","",""
"v2r_boost_s25","v2r_boost","25","PASS","130.59","0.5","-42.68","1.45","-4.4","0","VEHICLE","0.0","20.48","129.67","0","-42.88","0.05","0","1","ROBOT","ROBOT","7.62","0.0","-0.75","0.0","0","","-0.42","0","0","0","1","",""
"v2r_boost_s34","v2r_boost","34","INFO large_drop","71.43","4.38","33.66","13.89","-5.57","0","VEHICLE","3.75","2.56","32.86","0","32.58","14","0","1","ROBOT","ROBOT","7.62","0","-0.21","3.75","0","","-2.38","0","0","0","1","",""
"v2r_boost_s42","v2r_boost","42","PASS","-245.47","8.96","-18.69","27.45","0","1","VEHICLE","8.96","10.24","-249.11","8.96","33","1.64","0","1","ROBOT","ROBOT","7.62","8.96","8.18","0.00","0","","0","0","0","0","1","",""
"v2r_boost_s51","v2r_boost","51","PASS","-240.87","8.96","44.21","27.45","0","1","VEHICLE","8.96","10.24","-232.46","8.98","-0.73","14","0","1","ROBOT","ROBOT","7.62","8.98","8.18","-0.02","0","","0","0","0","0","1","",""
"v2r_boost_s59","v2r_boost","59","PASS","-256.31","9.54","-55.37","3.42","-3.44","0","VEHICLE","8.96","10.24","-257.56","8.96","-55.32","0.39","0","1","ROBOT","ROBOT","7.62","8.96","8.24","0.00","0","","0.02","0","0","0","1","",""
"v2r_boost_s68","v2r_boost","68","INFO large_drop","-195.72","5.58","18.65","25.43","-11.32","0","VEHICLE","5.17","0.05","-140.35","0","9.01","0.27","0","1","ROBOT","ROBOT","7.62","0","0","5.17","0","","-3.29","0","1","0","1","",""
"v2r_boost_s76","v2r_boost","76","INFO large_drop","-68.58","7.76","-134.35","21.71","0","1","VEHICLE","7.76","0.46","-25.44","0","-128.92","0.2","0","1","ROBOT","ROBOT","7.62","0","0","7.76","0","","0.07","0","1","0","1","",""
"v2r_boost_s8","v2r_boost","8","PASS","-256.95","9.32","-56.35","0","0.95","1","VEHICLE","8.96","10.24","-257.84","8.96","-55.72","0","0","1","ROBOT","ROBOT","7.62","8.96","8.27","0.00","0","","-0.59","0","0","0","1","",""
"v2r_boost_s85","v2r_boost","85","PASS","-140.58","0","7.23","27.45","0","1","VEHICLE","0","2.56","-140.02","0","34.65","0.35","0","1","ROBOT","ROBOT","7.62","0","-0.78","0","0","","0","0","0","0","1","",""
"v2r_boost_s93","v2r_boost","93","PASS","-75.81","8.83","-148.42","0","0","1","VEHICLE","8.83","2.56","-56.57","11.94","-145.75","0","0","1","ROBOT","ROBOT","7.62","11.95","8.05","-3.12","0","","-1.06","0","0","0","1","",""
"v2r_boost_turn_s0","v2r_boost_turn","0","PASS","-131.12","0.75","-42.21","0.67","-0.65","1","VEHICLE","0","2.56","-124","0","-59.47","2.38","0","1","ROBOT","ROBOT","7.62","0.0","-0.68","0.00","0","","0.12","0","0","0","1","",""
"v2r_boost_turn_s17","v2r_boost_turn","17","PASS","233.78","9.12","-160.59","2.13","-4.89","0","VEHICLE","8.96","10.24","251.58","8.96","-151.98","0","0","1","ROBOT","ROBOT","7.62","8.96","8.18","0.00","0","","-0.45","0","0","0","1","",""
"v2r_boost_turn_s25","v2r_boost_turn","25","PASS","130.62","0.37","-41.92","1.09","-5.17","0","VEHICLE","0.0","20.48","130.73","0","-22.62","7.93","0","1","ROBOT","ROBOT","7.62","0.0","-0.76","0.0","0","","-0.66","0","0","0","1","",""
"v2r_boost_turn_s34","v2r_boost_turn","34","INFO large_drop","71.75","4.43","38.55","14.03","-5.89","0","VEHICLE","3.87","2.56","58.58","0","48.19","1.38","0","1","ROBOT","ROBOT","7.62","0","-0.2","3.87","0","","-2.33","0","0","0","1","",""
"v2r_boost_turn_s42","v2r_boost_turn","42","PASS","-245.47","8.96","-18.69","27.45","0","1","VEHICLE","8.96","10.24","-230.23","8.98","26.3","14","0","1","ROBOT","ROBOT","7.62","8.98","8.18","-0.02","0","","0","0","0","0","1","",""
"v2r_boost_turn_s51","v2r_boost_turn","51","PASS","-240.87","8.96","44.21","27.45","0","1","VEHICLE","8.96","10.24","-249.37","8.98","15.93","0.09","0","1","ROBOT","ROBOT","7.62","8.98","8.18","-0.02","0","","0","0","0","0","1","",""
"v2r_boost_turn_s59","v2r_boost_turn","59","PASS","-253.37","9.46","-55.84","1.15","-3.76","0","VEHICLE","8.96","10.24","-236.68","8.96","-48","0.07","0","1","ROBOT","ROBOT","7.62","8.96","8.22","0.00","0","","-0.07","0","0","0","1","",""
"v2r_boost_turn_s68","v2r_boost_turn","68","INFO large_drop","-195.72","5.58","18.65","25.43","-11.32","0","VEHICLE","5.17","0.05","-158.31","0","-10.25","14.62","0","1","ROBOT","ROBOT","7.62","0.0","0","5.17","0","","-3.29","0","1","0","1","",""
"v2r_boost_turn_s76","v2r_boost_turn","76","PASS","-80.77","7.69","-135.93","0","0","1","VEHICLE","7.69","9.99","-79","7.69","-135.73","6.56","0","1","ROBOT","ROBOT","7.62","7.69","6.91","0.00","0","","-0.69","0","0","0","1","",""
"v2r_boost_turn_s8","v2r_boost_turn","8","PASS","-256.45","9.32","-56.21","0.12","0.95","1","VEHICLE","8.96","10.24","-237.56","8.96","-52.18","12.42","0","1","ROBOT","ROBOT","7.62","8.96","8.27","0.00","0","","-0.59","0","0","0","1","",""
"v2r_boost_turn_s85","v2r_boost_turn","85","PASS","-140.58","0","7.23","27.45","0","1","VEHICLE","0","2.56","-116.86","0","41.52","0.48","0","1","ROBOT","ROBOT","7.62","0","-0.78","0","0","","0","0","0","0","1","",""
"v2r_boost_turn_s93","v2r_boost_turn","93","PASS","-74.83","9.4","-148.22","0.06","1.05","1","VEHICLE","9.01","2.56","-49.07","11.52","-158.94","0.1","0","1","ROBOT","ROBOT","7.62","11.52","8.42","-2.51","0","","-0.46","0","0","0","1","",""
"v2r_drive_s0","v2r_drive","0","PASS","-131.38","1.24","-42.24","0.37","-0.01","1","VEHICLE","0","2.56","-130","0","-42.06","0.05","0","1","ROBOT","ROBOT","7.62","0","-0.62","0","0","","0","0","0","0","1","",""
"v2r_drive_s17","v2r_drive","17","PASS","234.58","10.2","-161.86","0.9","-0.01","1","VEHICLE","8.96","10.24","234.57","8.96","-160.58","0","0","1","ROBOT","ROBOT","7.62","8.96","8.34","0.00","0","","0","0","0","0","1","",""
"v2r_drive_s25","v2r_drive","25","PASS","130.46","1.24","-43.29","1.06","-0.01","1","VEHICLE","0.0","20.48","129.68","0","-43.45","0.05","0","1","ROBOT","ROBOT","7.62","0.0","-0.62","0.0","0","","0","0","0","0","1","",""
"v2r_drive_s34","v2r_drive","34","INFO large_drop","71.5","6.28","33.65","14.75","-4.28","1","VEHICLE","3.77","2.56","32.45","0","32.53","14","0","1","ROBOT","ROBOT","7.62","0","-0.22","3.77","0","","-2.15","0","0","0","1","",""
"v2r_drive_s42","v2r_drive","42","PASS","-241.71","10.2","-38.34","15","-0.01","1","VEHICLE","8.96","10.24","-249.75","8.98","3.69","14","0","1","ROBOT","ROBOT","7.62","8.98","8.34","-0.02","0","","0","0","0","0","1","",""
"v2r_drive_s51","v2r_drive","51","PASS","-244.63","10.2","63.86","15","-0.01","1","VEHICLE","8.96","10.24","-236.59","8.98","21.83","14","0","1","ROBOT","ROBOT","7.62","8.98","8.34","-0.02","0","","0","0","0","0","1","",""
"v2r_drive_s59","v2r_drive","59","PASS","-254.51","10.2","-55.56","2.99","-0.01","1","VEHICLE","8.96","10.24","-255.69","8.96","-55.49","0.39","0","1","ROBOT","ROBOT","7.62","8.96","8.34","0.00","0","","0","0","0","0","1","",""
"v2r_drive_s68","v2r_drive","68","INFO large_drop","-214.75","10.22","22.13","15","0","1","VEHICLE","8.98","0.02","-175.14","5.17","16.59","14","0","1","ROBOT","ROBOT","7.62","5.17","5.03","3.81","0","","0","1","1","0","1","",""
"v2r_drive_s76","v2r_drive","76","INFO large_drop","-65.62","8.95","-134.61","14.98","0.45","1","VEHICLE","7.76","9.27","-25.43","0","-130.22","0.2","0","1","ROBOT","ROBOT","7.62","0","0","7.76","0","","0.22","0","0","0","1","",""
"v2r_drive_s8","v2r_drive","8","PASS","-254.51","10.2","-56.42","2.99","-0.01","1","VEHICLE","8.96","10.24","-255.82","8.96","-55.67","0.39","0","1","ROBOT","ROBOT","7.62","8.96","8.34","0.00","0","","0","0","0","0","1","",""
"v2r_drive_s85","v2r_drive","85","PASS","-140.4","1.24","-12.78","15","-0.01","1","VEHICLE","0.0","2.56","-140.79","0","30.02","14","0","1","ROBOT","ROBOT","7.62","0","-0.62","0.00","0","","0","0","0","0","1","",""
"v2r_drive_s93","v2r_drive","93","INFO large_drop","-73.17","12.43","-147.6","7.34","1","0","VEHICLE","9.32","2.56","-43.39","0","-117.7","14","0","1","ROBOT","ROBOT","7.62","0","0","9.32","0","","1.48","0","0","0","1","",""
"v2r_nitro_late_s0","v2r_nitro_late","0","PASS","-98.81","0","-76.03","28.52","0","1","VEHICLE","0","2.56","-80.4","8.25","-110.44","0","0","1","ROBOT","ROBOT","6.43","8.25","-0.78","-8.25","0","","0","0","0","0","1","",""
"v2r_nitro_late_s17","v2r_nitro_late","17","PASS","232.29","8.96","-161.01","0.46","0","1","VEHICLE","8.96","10.24","251.88","8.96","-144.5","4.2","0","1","ROBOT","ROBOT","7.62","8.96","8.18","0.00","0","","0","0","0","0","1","",""
"v2r_nitro_late_s25","v2r_nitro_late","25","PASS","127.1","0","-31.86","21.93","0","1","VEHICLE","0.0","20.48","109.07","0","-2.52","0.31","0","1","ROBOT","ROBOT","7.62","0","-0.78","0.00","0","","0","0","0","0","1","",""
"v2r_nitro_late_s34","v2r_nitro_late","34","PASS","23.66","0.82","46.17","0","-0.38","1","VEHICLE","0","2.56","23.73","0","48.07","0","0","1","ROBOT","ROBOT","7.62","0","-0.67","0","0","","-0.26","0","0","0","1","",""
"v2r_nitro_late_s42","v2r_nitro_late","42","PASS","-252.46","9.26","69.66","0","0.21","1","VEHICLE","8.96","10.24","-241.29","8.96","86.44","14","0","1","ROBOT","ROBOT","7.62","8.96","8.25","0.00","0","","-0.54","0","0","0","1","",""
"v2r_nitro_late_s51","v2r_nitro_late","51","PASS","-230.42","9.36","-5.32","2.48","1.05","1","VEHICLE","8.98","0.02","-246.3","8.96","-15.24","14","0","1","ROBOT","ROBOT","7.62","8.96","8.3","0.02","0","","-0.51","0","1","0","1","",""
"v2r_nitro_late_s59","v2r_nitro_late","59","PASS","-233.3","9.44","-31.27","2.03","0.45","1","VEHICLE","8.96","10.24","-224.28","7.15","-30.9","13.95","0","1","ROBOT","ROBOT","2.04","7.15","7.15","1.81","0","","0.48","0","0","0","1","",""
"v2r_nitro_late_s68","v2r_nitro_late","68","PASS","-115.08","0","-6.06","26.5","0","1","VEHICLE","0.0","2.56","-104.28","0","-17.36","0.57","0","1","ROBOT","ROBOT","7.62","0","-0.78","0.00","0","","0","0","0","0","1","",""
"v2r_nitro_late_s76","v2r_nitro_late","76","PASS","-27.1","0.84","-131.01","0","0.15","1","VEHICLE","0","2.56","-25.43","0","-131.05","0","0","1","ROBOT","ROBOT","7.62","0","-0.66","0","0","","0.28","0","0","0","1","",""
"v2r_nitro_late_s8","v2r_nitro_late","8","PASS","-234.88","8.96","-34.6","26.41","0","1","VEHICLE","8.96","10.24","-226.22","7.62","-31.01","13.86","0","1","ROBOT","ROBOT","2.26","7.62","7.62","1.34","0","","0","1","0","0","1","",""
"v2r_nitro_late_s85","v2r_nitro_late","85","PASS","-119.92","0","68.22","28.31","0","1","VEHICLE","0","1.28","-97.65","3.84","84.51","2.12","0","1","ROBOT","ROBOT","7.62","3.84","-0.78","-3.84","0","","0","0","0","0","1","",""
"v2r_nitro_late_s93","v2r_nitro_late","93","PASS","-62.73","11.28","-148.3","18.44","0","1","VEHICLE","11.28","2.56","-25.17","8.56","-159.8","0","0","1","ROBOT","ROBOT","7.62","8.56","8.56","2.72","0","","-0.64","0","0","0","1","",""
"v2r_nitro_s0","v2r_nitro","0","PASS","-131.33","0.72","-41.72","0.37","0.11","1","VEHICLE","0","2.56","-130","0","-41.55","0.05","0","1","ROBOT","ROBOT","7.62","0","-0.67","0","0","","0.1","0","0","0","1","",""
"v2r_nitro_s17","v2r_nitro","17","PASS","231.43","9.3","-161.12","0.76","0.03","1","VEHICLE","8.96","10.24","231.11","8.96","-161.02","0.1","0","1","ROBOT","ROBOT","7.62","8.96","8.25","0.00","0","","-0.22","0","0","0","1","",""
"v2r_nitro_s25","v2r_nitro","25","PASS","130.72","0.64","-42.91","0.37","-0.06","1","VEHICLE","0.0","20.48","129.68","0","-43.08","0.05","0","1","ROBOT","ROBOT","7.62","0.0","-0.68","0.0","0","","-0.27","0","0","0","1","",""
"v2r_nitro_s34","v2r_nitro","34","INFO large_drop","71.14","4.34","33.67","14.87","-5.69","0","VEHICLE","3.64","2.56","30.86","0","32.35","14","0","1","ROBOT","ROBOT","7.62","0","-0.26","3.64","0","","-2.42","0","0","0","1","",""
"v2r_nitro_s42","v2r_nitro","42","PASS","-245.67","8.96","-17.6","31.59","0","1","VEHICLE","8.96","10.24","-248.99","8.96","33.06","0","0","1","ROBOT","ROBOT","7.62","8.96","8.18","0.00","0","","0","0","0","0","1","",""
"v2r_nitro_s51","v2r_nitro","51","PASS","-240.66","8.96","43.11","31.59","0","1","VEHICLE","8.96","10.24","-232.56","8.98","-0.68","14","0","1","ROBOT","ROBOT","7.62","8.98","8.18","-0.02","0","","0","1","0","0","1","",""
"v2r_nitro_s59","v2r_nitro","59","PASS","-256.46","9.3","-55.91","0","0.03","1","VEHICLE","8.96","10.24","-257.64","8.96","-55.72","0.39","0","1","ROBOT","ROBOT","7.62","8.96","8.25","0.00","0","","-0.19","0","0","0","1","",""
"v2r_nitro_s68","v2r_nitro","68","INFO large_drop","-195.72","5.58","18.65","25.43","-11.32","0","VEHICLE","5.17","0.05","-140.35","0","9.01","0.27","0","1","ROBOT","ROBOT","7.62","0","0","5.17","0","","-3.29","0","1","0","1","",""
"v2r_nitro_s76","v2r_nitro","76","INFO large_drop","-67.36","7.76","-134.22","25.65","0","1","VEHICLE","7.76","9.07","-23.93","1.12","-131.58","0.09","-14.21","0","ROBOT","ROBOT","7.62","0","1.12","7.76","0","","0.07","0","0","0","1","",""
"v2r_nitro_s8","v2r_nitro","8","PASS","-256.95","9.32","-56.35","0","0.95","1","VEHICLE","8.96","10.24","-257.84","8.96","-55.72","0","0","1","ROBOT","ROBOT","7.62","8.96","8.27","0.00","0","","-0.59","0","0","0","1","",""
"v2r_nitro_s85","v2r_nitro","85","PASS","-140.59","0","8.34","31.59","0","1","VEHICLE","0","2.56","-139.96","0","34.64","0.35","0","1","ROBOT","ROBOT","7.62","0","-0.78","0","0","","0","0","0","0","1","",""
"v2r_nitro_s93","v2r_nitro","93","PASS","-75.81","8.83","-148.42","0","0","1","VEHICLE","8.83","2.56","-56.57","11.94","-145.75","0","0","1","ROBOT","ROBOT","7.62","11.95","8.05","-3.12","0","","-1.06","0","0","0","1","",""
"v2r_rapid_s0","v2r_rapid","0","PASS","-157.44","0.78","-42.88","0","-0.32","0","VEHICLE","0","2.56","-100.43","8.46","-150.69","17.15","0.11","1","ROBOT","VEHICLE","7.7","7.68","-0.78","-7.68","0","","0","0","0","0","7","",""
"v2r_rapid_s17","v2r_rapid","17","PASS","236.74","9.74","-168.88","0","-0.32","0","VEHICLE","8.96","10.24","253.04","9.74","-122.26","2.24","0.11","1","ROBOT","VEHICLE","5.26","8.96","8.18","0.00","0","","0","0","0","0","7","",""
"v2r_rapid_s25","v2r_rapid","25","PASS","144.64","0.78","-40.96","0","-0.32","0","VEHICLE","0.0","20.48","87.41","8.46","78.35","2.21","0.12","1","ROBOT","VEHICLE","7.7","7.68","-0.78","-7.68","0","","0","0","0","0","7","",""
"v2r_rapid_s34","v2r_rapid","34","INFO large_drop","90.88","8.5","33.28","0","-0.32","0","VEHICLE","7.73","0.05","40.03","0.78","49.51","14.86","0.11","1","ROBOT","VEHICLE","7.69","0","-0.78","7.73","0","","0","0","1","0","7","",""
"v2r_rapid_s42","v2r_rapid","42","PASS","-236.8","9.74","-64","0","-0.32","0","VEHICLE","8.96","10.24","-225.95","8.34","-41.99","1.13","0.11","1","ROBOT","VEHICLE","7.7","7.55","7.55","1.41","0","","0","0","0","0","7","",""
"v2r_rapid_s51","v2r_rapid","51","PASS","-249.54","9.74","89.52","0","-0.32","0","VEHICLE","8.96","10.24","-254.68","9.74","72.06","0","-0.11","1","ROBOT","VEHICLE","7.7","8.96","8.18","0.00","0","","0","0","0","0","7","",""
"v2r_rapid_s59","v2r_rapid","59","PASS","-249.6","9.74","-64","0","-0.32","0","VEHICLE","8.96","10.24","-232.3","9.74","-19.76","2.95","0","1","ROBOT","VEHICLE","7.67","8.96","8.18","0.00","0","","0","0","0","0","7","",""
"v2r_rapid_s68","v2r_rapid","68","INFO large_drop","-240.64","9.76","25.6","0","-0.32","0","VEHICLE","8.98","0.02","-204.41","5.9","-44.16","14.17","0.11","1","ROBOT","VEHICLE","2.79","5.12","2.12","3.86","0","","0","0","1","0","7","",""
"v2r_rapid_s76","v2r_rapid","76","PASS","-90.88","8.46","-138.24","0","-0.32","0","VEHICLE","7.68","2.56","-97.47","6.9","-158.8","0.8","0","1","VEHICLE","ROBOT","11.03","5.12","6.9","2.56","0","","0","0","0","0","8","",""
"v2r_rapid_s8","v2r_rapid","8","PASS","-249.6","9.74","-76.8","0","-0.32","0","VEHICLE","8.96","10.24","-232.11","9.74","-18.19","3.68","0","1","ROBOT","VEHICLE","5.91","8.96","8.18","0.00","0","","0","0","0","0","7","",""
"v2r_rapid_s85","v2r_rapid","85","PASS","-140.16","0.78","-38.9","0","-0.32","0","VEHICLE","0","2.56","-103.82","0.78","14.57","15.71","0.11","1","ROBOT","VEHICLE","7.69","0","-0.78","0","0","","0","0","0","0","7","",""
"v2r_rapid_s93","v2r_rapid","93","PASS","-87.88","8.46","-152.64","0","-0.32","0","VEHICLE","7.68","2.56","-2.36","8.46","-159.27","0","0.13","1","ROBOT","VEHICLE","2.86","7.68","6.9","0.00","0","","0","0","0","0","7","",""
"v2r_stationary_s0","v2r_stationary","0","PASS","-157.44","1.23","-42.88","0","0.11","1","VEHICLE","0","2.56","-157.44","0","-42.88","0","0","1","ROBOT","ROBOT","7.62","0","-0.62","0","0","","0.15","0","0","0","1","",""
"v2r_stationary_s17","v2r_stationary","17","PASS","236.74","10.19","-168.88","0","0.11","1","VEHICLE","8.96","10.24","236.74","8.96","-168.88","0","0","1","ROBOT","ROBOT","7.62","8.96","8.34","0.00","0","","0.15","0","0","0","1","",""
"v2r_stationary_s25","v2r_stationary","25","PASS","144.64","1.23","-40.96","0","0.11","1","VEHICLE","0.0","20.48","144.64","0","-40.96","0","0","1","ROBOT","ROBOT","7.62","0.0","-0.62","0.0","0","","0.15","0","0","0","1","",""
"v2r_stationary_s34","v2r_stationary","34","PASS","90.88","8.96","33.28","0","0.11","1","VEHICLE","7.73","0.05","90.88","7.73","33.28","0","0","1","ROBOT","ROBOT","7.62","7.73","7.11","0.00","0","","0.15","0","1","0","1","",""
"v2r_stationary_s42","v2r_stationary","42","PASS","-236.8","10.19","-64","0","0.11","1","VEHICLE","8.96","10.24","-236.8","8.96","-64","0","0","1","ROBOT","ROBOT","7.62","8.96","8.34","0.00","0","","0.15","0","0","0","1","",""
"v2r_stationary_s51","v2r_stationary","51","PASS","-249.54","10.19","89.52","0","0.11","1","VEHICLE","8.96","10.24","-249.54","8.96","89.52","0","0","1","ROBOT","ROBOT","7.62","8.96","8.34","0.00","0","","0.15","0","0","0","1","",""
"v2r_stationary_s59","v2r_stationary","59","PASS","-249.6","10.19","-64","0","0.11","1","VEHICLE","8.96","10.24","-249.6","8.96","-64","0","0","1","ROBOT","ROBOT","7.62","8.96","8.34","0.00","0","","0.15","0","0","0","1","",""
"v2r_stationary_s68","v2r_stationary","68","PASS","-240.64","10.21","25.6","0","0.11","1","VEHICLE","8.98","0.02","-240.64","8.98","25.6","0","0","1","ROBOT","ROBOT","7.62","8.98","8.36","0.00","0","","0.15","0","1","0","1","",""
"v2r_stationary_s76","v2r_stationary","76","PASS","-90.88","8.91","-138.24","0","0.11","1","VEHICLE","7.68","2.56","-90.88","7.68","-138.24","0","0","1","ROBOT","ROBOT","7.62","7.68","7.06","0.00","0","","0.15","0","0","0","1","",""
"v2r_stationary_s8","v2r_stationary","8","PASS","-249.6","10.19","-76.8","0","0.11","1","VEHICLE","8.96","10.24","-249.6","8.96","-76.8","0","0","1","ROBOT","ROBOT","7.62","8.96","8.34","0.00","0","","0.15","0","0","0","1","",""
"v2r_stationary_s85","v2r_stationary","85","PASS","-140.16","1.23","-38.9","0","0.11","1","VEHICLE","0","2.56","-140.16","0","-38.9","0","0","1","ROBOT","ROBOT","7.62","0","-0.62","0","0","","0.15","0","0","0","1","",""
"v2r_stationary_s93","v2r_stationary","93","PASS","-87.88","8.91","-152.64","0","0.11","1","VEHICLE","7.68","2.56","-87.88","7.68","-152.64","0","0","1","ROBOT","ROBOT","7.62","7.68","7.06","0.00","0","","0.15","0","0","0","1","",""
