"async","res","map","pop","match","spawned","frames","commit","scenario","participants","cap","avg_ms","avg_fps","low1_fps","low01_fps","worst_steady_ms","hitches","hitch_max_ms","warmup_hitches","slow_frames","slow_with_step_pct","fast_with_step_pct","p50_ms","p90_ms","p95_ms","pct_under_3_33","sim_step_ms","chars_ms","fx_ms","actors_ms","hud_ms","sim_top","cpu_submit_ms","gpu_wait_ms","p99_ms","max_ms","over33","over50","sim_p50_ms","sim_p99_ms","ai_avg_ms","ai_max_ms","loaded_mb","unloaded_mb","voices_max","voices_dropped","voices_stolen","mix_ms_max","kills","broken_bots","struggling_bots","nopath_max","off_mesh","end_reason","slowframe_lines","slowframe_bins","async_local_ms","async_bg_ms","async_join_ms","async_join_max_ms"
"","1920x1080","508","t10","1","10/10","31205","f7bae0d","TDM","10","uncapped","1.91","524","269.3","128.2","26.74","1","51.7","0","112","19.6","11.4","1.87","2.28","2.39","99.6",,,,,,"","","","2.84","51.74","1","1","0","0.1","0.103","2.84","5012","4947","92","0","0","0.452","14","0","0","1","5","Time","0","","","","",""
"","1920x1080","508","t10","2","10/10","32464","f7bae0d","TDM","10","uncapped","1.84","544.7","282.4","137.2","26.97","0","","0","93","15.1","11","1.8","2.18","2.3","99.7",,,,,,"","","","2.73","26.97","0","0","0","0.09","0.101","2.64","5151","5117","92","0","0","0.463","10","0","0","1","4","Time","0","","","","",""
"","1920x1080","508","t20","1","20/20","29042","f7bae0d","TDM","20","uncapped","2.05","488.2","262.3","124.8","49.1","1","250","0","136","11","12.3","2.01","2.5","2.65","99.5",,,,,,"","","","3.11","250","2","1","0","0.1","0.198","2.25","5018","4886","96","0","59","0.479","19","0","0","5","13","Time","0","","","","",""
"","1920x1080","508","t20","2","20/20","27886","f7bae0d","TDM","20","uncapped","2.14","467.9","255","120.1","26.5","0","","0","147","11.6","12.8","2.11","2.56","2.74","99.5",,,,,,"","","","3.15","26.5","0","0","0","0.14","0.21","1.23","5083","5041","96","1","99","0.496","32","0","0","2","10","Time","0","","","","",""
"","1920x1080","508","t32","1","32/32","26418","f7bae0d","TDM","32","uncapped","2.26","443.4","231.9","114.9","49.28","0","","0","550","10.7","13.6","2.17","2.86","3.07","97.9",,,,,,"","","","3.53","49.28","1","0","0","0.13","0.331","1.71","5027","4913","96","36","314","0.494","31","0","0","2","17","Time","0","","","","",""
"","1920x1080","508","t32","2","32/32","25780","f7bae0d","TDM","32","uncapped","2.31","432.5","232.9","124.5","27.32","0","","0","629","10.2","14","2.26","2.9","3.13","97.6",,,,,,"","","","3.57","27.32","0","0","0","0.14","0.326","6.11","5126","5093","96","97","690","0.502","34","0","0","1","6","Time","0","","","","",""
"","1920x1080","508","t48","1","48/48","21035","f7bae0d","TDM","48","uncapped","2.83","353.2","178.3","107.5","26.94","1","51.2","0","3810","16.4","17.1","2.75","3.63","4","81.9",,,,,,"","","","4.76","51.17","1","1","0","0.41","0.482","24.53","5024","4983","96","71","414","0.493","71","0","0","26","32","Time","0","","","","",""
"","1920x1080","508","t48","2","48/48","21611","f7bae0d","TDM","48","uncapped","2.76","362.4","177.7","92.8","26.45","0","","0","4177","16.7","16.5","2.66","3.72","4.09","80.7",,,,,,"","","","4.67","26.45","0","0","0","0.4","0.478","1.87","5146","5140","96","98","785","0.483","68","0","0","4","16","Time","0","","","","",""
"","1920x1080","508","t64","1","64/64","17240","f7bae0d","TDM","64","uncapped","3.45","289.5","160.9","94.9","27.98","1","52.4","0","9623","21.3","20","3.48","4.54","4.79","44.2",,,,,,"","","","5.39","52.4","1","1","0","0.67","0.617","25.24","5029","4920","96","522","1918","0.507","74","0","0","13","46","Time","0","","","","",""
"","1920x1080","508","t64","2","64/64","17591","f7bae0d","TDM","64","uncapped","3.39","295.1","155.9","108.8","25.44","0","","0","8883","18.9","21.8","3.34","4.45","4.83","49.5",,,,,,"","","","5.59","25.44","0","0","0","0.69","0.61","2.11","5075","5066","96","1340","4130","0.515","82","0","0","31","31","Time","0","","","","",""
