"id","cam","luma","flat_pct","edge_pct","usable"
"c0","208.5,-646.9,-630.3,180.0,-21.2","32.1","30.7","10.5","True"
"c1","208.5,-646.9,-321.1,0.0,-21.2","5.7","100","0","False"
"c2","44.3,-646.9,-475.7,-90.0,-20.1","23.8","78","2.8","False"
"c3","372.7,-646.9,-475.7,90.0,-20.1","43.4","25.3","4.5","True"
"c4","44.3,-646.9,-630.3,-133.3,-14.9","38.6","60.2","10.3","False"
"c5","44.3,-646.9,-321.1,-46.7,-14.9","61.8","13.1","13.8","True"
"c6","372.7,-646.9,-630.3,133.3,-14.9","45.5","50.9","16.1","True"
"c7","372.7,-646.9,-321.1,46.7,-14.9","42.5","13.6","13.2","True"
"c8","208.5,-606.9,-630.3,180.0,-32.9","37.8","31.2","12.7","True"
"c9","208.5,-606.9,-321.1,0.0,-32.9","63.8","40.2","8.8","True"
"c10","44.3,-606.9,-475.7,-90.0,-31.3","51.5","41.6","16.3","True"
"c11","372.7,-606.9,-475.7,90.0,-31.3","41.5","24.6","15.9","True"
"c12","44.3,-606.9,-630.3,-133.3,-23.9","19.3","67.8","7.2","False"
"c13","44.3,-606.9,-321.1,-46.7,-23.9","55.2","25.1","18.4","True"
"c14","372.7,-606.9,-630.3,133.3,-23.9","51.5","34.1","18.3","True"
"c15","372.7,-606.9,-321.1,46.7,-23.9","66.5","14.9","27.2","True"
