"part","state","file","verdict","detail","black","maxFlat","edges"
"route","a00_title","a00_title.bmp","FAIL","0.124","0.595","0.6","0.0262"
"route","a01_title_9s","a01_title_9s.bmp","FAIL","0.116","0.584","0.6","0.0259"
"route","a13_frontend_after","a13_frontend_after.bmp","PASS","0.384","0.007","0.048","0.0839"
"route","b13_frontend_after","b13_frontend_after.bmp","PASS","0.385","0.007","0.025","0.0846"
"route","a02_party","a02_party.bmp","PASS","0.112","0","0.437","0.0284"
"route","a03_lobby","a03_lobby.bmp","PASS","0.18","0.008","0.318","0.0407"
"route","a04_loading","a04_loading.bmp","PASS","0.077","0.355","0.172","0.0065"
"route","b02_party","b02_party.bmp","PASS","0.112","0","0.384","0.0282"
"route","b03_lobby","b03_lobby.bmp","PASS","0.179","0.008","0.314","0.0405"
"route","a07_spawn","a07_spawn.bmp","FAIL","0.056","0.05","0.562","0.0048"
"route","a08_moving","a08_moving.bmp","FAIL","0.02","0.283","0.35","0.0027"
"route","a09_moving2","a09_moving2.bmp","FAIL","0.022","0.674","0.65","0.0029"
"route","b07_spawn","b07_spawn.bmp","FAIL","0.05","0.058","0.37","0.0047"
"route","b08_moving","b08_moving.bmp","FAIL","0.019","0.3","0.373","0.0026"
"route","b09_moving2","b09_moving2.bmp","FAIL","0.022","0.675","0.647","0.0031"
"direct","spawn_direct","f0120.bmp","PASS","0.197","0.121","0.234","0.0252"
"watchdog","extras_movies","b_inside.bmp","PASS","0.234","0.202","0.391","0.0615"
"watchdog","extras_credits","b_inside.bmp","PASS","0.153","0.208","0.387","0.0301"
"watchdog","extras_concept","b_inside.bmp","PASS","0.2","0.218","0.381","0.0507"
"watchdog","accounts_create","b_inside.bmp","PASS","0.091","0.77","0.65","0.0194"
"watchdog","settings_controls","b_inside.bmp","PASS","0.144","0.195","0.377","0.0275"
"watchdog","customization","b_inside.bmp","PASS","0.121","0","0.543","0.034"
"watchdog","back_forward","b_inside.bmp","PASS","0.334","0.037","0.048","0.0777"
